reviews,target
no issue four star,2
purchased device worked advertised never much phone memory since download lot stuff no brainer moar space,2
work expected sprung higher capacity think made bit cheesier earlier version paint look not clean nothing really say,2
think worked great diff bran gb card went south month one held pretty well since note update month zero issue since transferred note note card reliable solid cheer great buy price update,2
bought retail packaging arrived legit orange envelope english version not asian like picture show arrived quickly bought retail packaging htc one sv lg optimus card working order probably best price get nice sd card best deal around,2
mini storage anything else not supposed purchased add additional storage microsoft surface pro tablet come gb supposed sandisk long standing reputation speaks not lot really said,2
phone never skip beat file transfer speedy not corruption issue memory fade issue would expect sandisk brand great card entrust precious file slightly cheaper piece crap lose everything forgive not spending extra couple buck trusted product go good qa work well,2
hard believe affordable digital become gb device one quarter sie postage stamp would science fiction less generation ago picked portable music want schlep risk phone ipod work great sd card reader select confidence gb less two sawbuck not like,2
work htc rezound running short space gb sandisk ordered came fast no issue load room,2
galaxy super fast card totally happy not happy still type fill required word though work great,2
like sd card take music video downloads personal video file doc multimedia image fast transfer rate class speed take game large file easily still enough space apps great video camera camcorder supplied adapter fit easily smartphones tablet sd card slot recommend gb sd card everyone gb microsd card,2
work but file writes bit slower expected usb reader also read writes faster card inside standard size sd adapter mb v write mb v mb read card reader figure work but not fast expected,1
name speaks go sandisk go renound name brand,2
solid sdhc card fast reading writing fast recording video pic great capacity reasonably priced no issue overall highly recommend great sdhc card,2
heard card write speed insufficient however used extensively single problem use gopro hero black,2
bought use go pro hero black edition requires class microsdxc card far no issue fast read write came adapter small packaging but needed come nice hard plastic case keep dry together needed awesome price great brand name,2
got gb one filled kept getting insufficient disk space phone kid take phone selfies mostly daughter get bigger card gb one carry old phone needless say sweet plenty space dont delete picture anymore well least daughter love selfies great price fast,2
class speed rating seamless full hd videothe sandisk ultra uhs card feature class uhs speed class u rating highest video performance available recording uninterrupted full hd video flawless app performancethis card retrieve stored data almost instantly thanks mb read capability fast bus interface sandisk ultra microsdhc microsdxc uhs card offer faster app loading smoother fluid app performance storage capacity gbthis card plenty room accommodate full hd video mp apps memory intensive mobile file available size gb store apps music video want android app easy file managementthe included sandisk memory zone app let easily view access backup digital file phone memory additional memory card cloud service one convenient place using app easily move file card number cloud storage service durable designsandisk ultra uhs memory card capture memory degree fahrenheit shockproof waterproof x ray proof design mobile device may not survive but sandisk memory card get fast load time,2
read write speed better samsung sd card previously would not hesitate buy another one great micro sd card sandisk also clip plus mp player work well think becoming fan sandisk product good little micro sd card,2
work nl no video stuttering like gb blah blah blah blah fill rest work,2
work expected high transfer speed nice extra microsd adapter lying around since always seem misplace mainly bought use nikon dslr since put card directly cm modded nook hd tablet field view image larger screen work,2
work great samsung galaxy formatted straight away full size really tell speed difference one slower card replaced guess io phone take advantage good galaxy,2
sandisk never disappoints always sandisk product worth every penny nice product quality work great recommend product everyone never disappoints,2
good price work flawless samsung normal sandisk quality go brand brand great,2
san disk hard beat pay brand but get quality product would purchase perfect,2
installed blackberry q sqn formatted work fine plenty storage space picture video son park job,2
received card class gb correct serial sdsdqua g received unopened sandisk packaging going use htc rezound hope work read work reformatting disk update review issue using not rating remain unchanged gb,2
stuck formatted setting work great already filled music pic video get card format right no problem phone right got samsung haha perfect fast,2
purchased two one samsung tablet one samsung galaxy note great hardware truly speedy responsive meet need great product,2
advertised spec match long device using handle e usb not crapple b delivers advertised speed p speed read not write but knew right work,2
item great believe small imagine gb size back whole building full computer pack much space great item great product,2
trying get hold gb micro sd phone tablet pretty fast compared gb card using really saw performance boost phone many apps picture music document phone boot fully stable min apposed min computer also write card much faster gb one using phone tablet device support recommend purchase also pay like half price using amazon opposed retail store price least double seen card going area great micro sd card,2
bought sandisk gb microsd used galaxy note galaxy first one phone started saying removed recognize : diedi thought luck plugged nd one : stayed month died suddenly lost everythingnever buying sandisk ever bought : died,0
memory card excellent condition work described dependable easy use excellent choice enthusiast requires storage excellent product,2
got couple varying size no problem no complaint speed always end buying price low get several size zero issue,2
gig memory note running room much memory space available know great card,2
bought surface pro month no problem fast stable work great,2
would recommend card everyone data transfer speed excellent card galaxy need format card anything satisfied satisfied recommend,2
bougth micro sd card trubles got kingston tell sandisk quality best phone read gb fast dta transfer speed pc amazing looking additional storage phone music picture type file pro good quality material construction amazing speedupdate one year memory damaged not delete put new file not format memory tried format phone pc camera nothing like gb cd data memory available read but not move delete bought memory used backup data android device but readable memory not write data hope sandisk make better product future total disagree buy samsung memory card expected better quality stop working year,0
using contout gps camera waste time buying brand waste buy best start crazy fast,2
fantastic little drive gigabyte say work way discern use hold flac recording play excellent fiio x digital audio player real thing not one fake evidently fantastic little drive,2
happy micro sd could tell difference response time bb curve well asus tablet want something transfer file photo video music faster micro sd card say faster card but not price trick device professional photographer might want go ultra micro sd but everyday user work wonder device verry happy,2
purchased several little baby year always buy sandisk never one fail price great amount storage get sandisk quality,2
ordered galaxy lasted month broke not accessible several different pc say limited lifetime warranty b one month eco zone not lose picture but crappy return policy future buying kingston not sandisk update: amazon customer service made good refunded purchase price still not buying sandisk memory card however beware go bad take pic,0
like mb note using sandisk app bit faster note ii but still disappointment device quad core processor not sure card device benefit doubt four star not bad,2
not much say plug play good quality fit lot video good good good good,2
new camcorder required fast sd micro sandisk product always provided first class service extra cost well worth fast fast,2
tiny marvel claim possible problem small may lose happen drop handling but gb capacity handling often small huge capacity,2
job price right came quickly happy purchase would recommend would but work great,2
used month phone decided quit mounting lost picture pet died shortly got replacement card but send old one giving chance recovering content new one worked fine but failing month inexcusable worked month,0
memory card either work always going one star five star review no middle ground adapter nice bonus though think anything use work else,2
purchased card use contourroam work great put card camera format good go allows easily record hour p fps video without running space slowing great microsdhc card,2
upgraded gb gb card galaxy note phone look like work fine full capacity good product work fine galaxy note phone,2
everything great except adapter tight use tool take back adapter causing chip fault guess but also bought gb version adapter one fine great but,2
liked first one purchased much bought second one fast read write speed good price plus sandisk best software device compatibility forget thumb drive flexible durable option use direct tablet smart phone buy decent usb card reader load voila instant super speedy upgradeable thumb drive work great tablet newer card reader still kick butt every thumb drive know even used old plastic usb card reader held together scotch tape lol purchased several microsd card since first came gb gb still work fine cannot say thumb drive purchased time period one point beware counterfeit samsung number one brand unfortunately get counterfeited lot check review buy reliable seller suggest buying direct amazon memory mogul purchased no issue fast reliable compatible buy direct amazon memory mogul avoid counterfeit,2
really say anything bad say super fast great storage size lot movie work advertised no problem whatsoever,2
used phone plenty fast work like unexpectedly come mini full sd card size adapter nice fool proof packaging whatever laughable packaging decent bragged impossible mess messed work like phone,2
standard micro sd card would recommend anyone purchased dad using expand memory tablet shipped fast slight bit cheaper store believe standard micro sd,2
ordered new samsung galaxy note ii work awesome installed no problem loaded music even scratch surface capacity card ever worry running outta room card highly recommended smartphone user awesome micro sd card smartphone,2
great deal much faster file movement definitely worth purchase sandisk proved good product awesome,2
pay anywhere else initially leery buying another sd card amazon year ago card fake said gig plugged computer but could load onto would say full apparently way fool computer thinking space fake counterfeit card not one real deal genuine sandisk contains many gb say pleased customer great product great price,2
use samsung galaxy almost year no problem really expands memory capability easy enough install work well samsung galaxy,2
gb storage new asus tablet not love imagine paying model upgraded storage especially since usually like thing cheap work great cheap awesome,2
excellent quality excellent speed no complaint easy use reliable red stripe front make easy find crowded desk excellent quality excellent speed,2
card advertises uhs but actually uhs mean not go sdr speed throughput not necessary bad false advertising capable ddr sdr max,1
purchase hp tablet memory music download picture video enough room store memory left hp tablet use,2
anything wrong sandisk product item read sooooo quickly quite happy love,2
lot people want big memory fine but need look speed class one class great taking picture video not freeze move mb fast enough lesser speed card freeze say waiting camera miss moment also sandisk name trust come memory card great memory card,2
fast transfer rate downloaded gb video form card laptop card reader minute fast transfer rate,2
something said sandisk plug work never one doa memory issue throughout year camera storage product installed galaxy siii recognized right away able dump music onto speed seems great well no complaint work like sandisk memory product,2
praise extra memory fill mp player every song heart desire sound quality perfect ease use superb great good price great product,2
though state gig gig available but know happens expected keep mind wanting storage might want order gig card exactly expected needed no complaint described,2
job advertised need extra memory phone tablet whatever device bext buy price quality job,2
needed cell phone work perfectly sandisk never disappointment plus year computer work sandisk,2
priced right memory card also read writes fast noticeable difference cheaper card put phone plan buy another one tablet good deal,2
work great sprint htc evo g lte formatted w fat course maximum file size gb meaning no full length hidef movie however problem bought card putting music library phone like class micro sdhc card not mb but closer class card ever tried mb kingston gb mb card mb wait till gb gb card become available affordable work great htc evo g lte,2
update gb card stopped allowing writes via card reader window pc either inside several full size sd card adapter write protect tab either position plugged directly microsd slot reader microsd card no write protect tab quite surprised worried failing find workable solution searching online finally put chromebook created new folder stuck back window pc no longer gave write protect error anyone similar problem recommend something similar putting pc laptop camera etc available try writing portion review necessarily written update original review gb version card since amazon disallows multiple review consider item portion concern gb version card:i need fast card speed card not important besides test pc not exactly high end therefore count speed result got using usb card adapter but thought might relevant reader card reach class uhs requirement came claimed read speed mb fast file transfer running second pc using different usb card reader none speed even hit mb seems highly system dependent got card week far work select sdxc compatible device exfat compatible operating systems: sdxc compatible device panasonic hdc tm not allow card larger gb whatever reason stated manual confirmed card recognized broken corrupt unusable device whereas gb exfat card work fine gb work fine original exfat formatting toshiba excite android tablet predictably not non sdxc compatible galaxy note though possibly would reformatted fat since gb card fat work fine update review reflect problem issue etc notice coming day week crystaldiskmark c hiyohiyocrystal dew world : url removed per amazon rule mb byte sata byte sequential read : mb ssequential write : mb srandom read kb : mb srandom write kb : mb srandom read kb qd : mb iop random write kb qd : mb iop random read kb qd : mb iop random write kb qd : mb iop test : mb g: gb x date : : : o : window xp professional sp build x following original review gb version card published april :this high quality card used variety device multiple reader different pc hd camcorder using micro full sized sd adapter never problem even work full capacity microsdhc device reformatted fat sandisk clip flac player supposedly even psps via proper adapter though yet tested psp keep anticipating someone coming card equal better capacity speed comparable price but seen one yet cheaper several make sure device handle micro full sized sdxc card one rare gem state support high sdhc but tested work sdxc card one manually reformatted fat gb gb version great but confirm speed claim outside class rating,2
work great phone wife love got second mom storing lot picture video work,2
loaded card home movie samsung galaxy tab copy process computer card fast no skip movie quality plenty room left go wish bought another collection fast dependable,2
bought loaded season futurama full length hd movie several documentary dozen minute comedy show plenty room left picture etc slight nitpick booting recovery mode not recognize card wanted update phone latest version android would not see resort gb microsd laying around sd card issue but thought would throw great movie go,2
purchased wife bought samsung galaxy store music picture video camera capable capturing megapixels photo gb microsd not suffice matter fact already exhausted remaining space card gb allow take photo son great storage medium,2
great storage not failed yet year usage good reliable storage galaxy,2
since wife using not causing problem must functioning normally look good far wife using no complaint,2
class speed way fly gb usable space think good fast full empty space,2
subject say supposed great price sale buy great price good speed reliable,2
lot question memory card fitting samsung galaxy tab tablet fit work no problem thing installing instead showing gb available show gb tried formatting card but result no idea limit set galaxy tab tablet normal buy gb get less surely not problem coming sandisk memory card rating star excellent price work great quick delivery work ok samsung galaxy tab,2
come kind flash storage sandisk always go brand sell quality item stand problem usual no complaint work descried issue read write speed right spec say samsung galaxy tab,2
high speed high capacity storage great durability use phone digital camera work good great performance,2
memory help keep want keep cell phone good brand right price useful,2
bought sd card android phone thinking class faster reliable others turn difference class really matter least android phone really worth price difference class really matter least android phone,2
sandisk gb micro sd class reliable sd card amazing transfer speed no noticeable lag transfering even largest raw image problem great product,2
good card work describes issue going pas metal detector no lost file missing file good,2
bought store music phone work flawlessly three month far no problem card reader average megabyte read write good cheap card,2
amazed ordered amazon tuesday morning arrived wednesday mail impressive service amazon already reported card format gb performs perfectly samsung galaxy iii also new using two card reader fast pc transferred everything old gb card new gb card less time took walk kitchen get cup coffee think class rating correct card experience card phone benchmark card also benchmark operation internally backing android phone card update review accurate numerical data but mean time first look person said problem anything faster class may not correct full backup phone card significantly faster backup old gb class card no benchmark yet but include right happy card really impressed card unbelievably quick service amazon atlanta shipment like one often take full day arrive fast class card excellent service amazon,2
excellent one best go wrong card class necessary show noticeable but not significant improvement class great,2
bought gb microsd card best buy needed one microsoft surface pro provides space need people need lot space video quick book picture editing game etc card one need much space consider buying one cheaper little less memory note: aware microsdxc format card new computer support format many older computer not includes but tablet smartphones buying make sure computer tablet smartphone compatible not not work period others claim card work no matter try chance machine cannot support microsdxc format great quality plenty memory,2
got pas deal incredibly fast htc sensation g picture taken saved instantaneously day but happy shipping fast packaging easy open always great book issue format computer first phone able recognize fantastic,2
get lot storage small price micro sd adapter class fast happy purchase hope review helpful mucho storage poco price,2
ultra micro sdhc fine got working neither packaging nor sansa clip player inform user player need totally microcard inserted not unit not read card otherwise love storage even gb let alone tremendous great item but user instruction could better,2
upgraded price dropped originally gig sandisk card mytouch g found toward mytouch g end life space running low got galaxy bought card work flawlessly highly recommend error ever super fast transfer rate huge storage,2
item priced right fit right cell phone without issue suppose know else could say class suppose plenty fast cell phone use sure speed camera use degree worked well shipping fast sandisk micro sd,2
got memory card samsung galaxy running room sandisk gb class micro sd card also wanted faster durable card hopping put lot medium addition nandroid backup custom rom later found since card formatted ex fat would not work make nandroid backup flash custom rom custom recovery custom rom dont work ex fat choice format card fat meant put file larger gb besides card great reasonable price one root phone put custom rom nandroid backup put file larger gb not affect memory card fast provides storage put mobile device time card also water proof shock proof come lifetime warranty ive never issue sandisk memory card usb flash drive last really long time fast lot storage one catch,2
using included adaptor macbook pro transfer file impressed speed card huge fast,2
got store movie music samsung note iii not much say memory card except work expected work note iii,2
purchased version expand memory gb android tablet nothing fancy but job no problem played back flawlessly file transferred many different microsd card but see sale might want consider instead cheaper no name brand good money,2
ordered sd card but one best overall shipping excellent fast reliable would recommend anyone looking quality product thanks memory thought,2
use phone work totally worth money great place store picture music phone instead using phone memory still run fast sandisk,2
bought two one asus infinity one samsung galaxy international version worked fine asus but work phone formatted card using phone tablet laptop but work test apps using apps nothing showed not working way got work formatting canon slr camera fast but not headachs,2
work but actual r w speed mb not even class marketed sandisk basic not sandisk ultra unless mean ultra slow no excuse slow card sandisk update redone test notepro instead using non uhs pc latest result mb since read speed hit believe device dhs ready still underwhelmed write speed though painfully slow,0
sandisk ultra gb microsdhc c uhs memory card adapter sandisk ultra gb microsdhc c uhs memory card adapter work fine sandisk ultra gb microsdhc c uhs memory card adapter,2
great adding ton storage smartphone device fast enough need price right fast tiny,2
possibly go wrong san disc product although purchased son used san disc past never disappointed gb sandisk ultra bargain buy,2
job fairly cheap worth return first one exchange another first one defective sandisk really need better quality assurance product second one work perfectly fine use gopro camera ok product,1
bought son tablet cartoon video movie game downloading yr small simple game work great,2
bought friend mine put video initially plugged computer find storage directory however finding micro sd usb adapter bingo worked like charm install video plugged card phone race not sure needed adapter but get computer recognize also used linux go figure samsung galaxy note ii,2
sandisk ultra gb micro card great addition maximize samsung galaxy iii whatever version got gb gb fast memory great price plenty space picture video android application good video galaxy iii use super fast got advanced smartphone market memory get right price great addition samsung galaxy iii,2
installed samsung tablet tab definitely performance difference tablet especially load apps fast,2
memory work samsung smartphones fast memorysandisk reliable memory market nice,2
love good quality good performance great brand could not find better product money using samsung galaxy mini zero complication great product great price,2
product arrived two day prime exactly ordered work great galaxy know class not exactly needed cell phone but cannot hurt right happy purchase quick delivery exactly ordered,2
expanded samsung tab tablet gb gb work fast see lag store ten movie tab play right flash disc no problem happy card upgrade better,2
update: providing update regard sandisk support bought memory card aug see original review may cruise alaska card went bad sailing san francisco fine used take panorama shot golden gate bridge cruise using dslr but next time wanted use cell phone phone told no memory card loaded way tested card laptop got back recognize contacted sandisk via email provide copy receipt amazon along serial number back card hard read no problem told send back card sent brand new card still functioning cell phone great support provide sandisk no hassle long provide proof purchase easy since amazon keep entire purchase history invoice online one reason buy directly amazon v vendor either amazon elsewhere internet confidence memory card sold amazon genuine may incredible deal elsewhere internet but case deal good true counterfeit card sold original review:just received today removed packaging inserted samsung galaxy verizon powered unit back storage available no formatting required worked first time setting showed gb total space gb version gb free space like fact sd adapter came ever need insert card laptop come handy yes plug phone directly laptop but ever swap gb card phone replace gb version use gb version via adapter purpose ready use galaxy,2
still feel fast phone guess need remove run r w test still ok great capasity,1
bought gb version card use gopro hero black edition work card worked ok camera set resolution lower bit rate e g worked fine p protune p protune however p protune bitrate shy mb mode much higher protune turned nothing but trouble camera would sometime work sometime randomly stop recording no obvious reason first suspected camera but testing different sd card ended sandisk card fault spare card old cheap gb pny also class worked fine condition camera setting obvious problem card found people gopro forum trouble specific card well well always find figure right anyhow speed test card simple write gb file full zero using unix dd utility copy gb zero dev zero else would find many zero onto file card result average sandisk card would manage mb barely bar class card however average gb write test speed oscillating many spike drop drop low mb uh thought write speed class card never dip mb comparison old cheap class pny card chugging along constant mb test no spike no drop speed card probably work fine device bitrates recording p video often low enough camera might huge buffer but want use record video high bitrates device huge buffer compensate speed bump card may run trouble wary using hero mode higher bit rate e g p protune enabled sandisk website list part number sdsdqui g adapter sdsdqua g without adapter conflict product description amazon likely amazon not getting product description right bit common thing interesting note update apr :some number testing card test extremely simple write gb zero onto card using standard unix dd command read kb block zero special device dev zero write onto card kb gb dd display transfer stats finish dd running run iostat second terminal displaying second interval stats measure current speed done mac dd command line used repeat test linux system however iostat command different linux would need modified slightly choose kb block size seems device driver merges sequential writes anyhow using different block size result comparable dd dev zero test b count record record byte transferred sec byte sec mb good right wrong iostat running parallel dd command recorded this: iostat w disk disk kb tps mb dd finish writing gb zero card imo last column never dip mb card labeled class comparison test run samsung pro gb micro sd card: dd dev zero test b count record record byte transferred sec byte sec iostat w disk disk kb tps mb dd finish writing gb zero card samsung average x faster but importantly speed much constant critically important never dip mb work,0
else say sandisk ultra gb micro sd xc perfect sandisk card perfect,2
husband bought gopro used record vacation mexico still half space left surprised much gb,2
item using month record hd video gopro hero without problem good quality card,2
third purchase working fine far installed smart phone camera even used portable storage device not noticed issue good product good camera smart phone etc,2
love little guy super fast lot space storage plug enjoy amazing,2
bought gopro hero camera silver edition working without problem fast pleasantly surprised good quality memory card adapter turn laptop directly good one,2
great addition smart phone huge capacity store data also pretty fast record video no lag recording great capacity,2
micro sd card well made great read write speed added gray amount memory samsung galaxy really recommend great product,2
bought item use gopro hero sell gopro website but lot cheaper amazon yet problem card great sd card,2
work perfectly fair price immediately recognized device use good purchase excellent,2
need little no formatting yet see sandisk fail cut corner almost every brand sd card fail except tried numerous brand device remember take bit device buffer information sd card static corrupt sd card usually easily fixed formatting always back document pc mac soon possible oh create playlist slideshows etc device remove sd card device not smart enough compile put sd card back end blank playlist even though song watch lastly sd card work whatever reason google sd card formatting help gb version seem formatting issue like gb one but even formatting fat fix awesome work fine,2
sandisk company trust offering good product low price come adapter small case get full sd card size keep getting lost not use cheap easy storage,2
appears class hold much say came sd card adapter even gave option forgo ridiculous plastic package know hate one scissors refuse cut end hurting time getting open completely advertised nothing wrong,2
bought card gopro hero worked fine people said problem card new gopros but no problem micro card work anything also take standard card due included adapter work intended,2
always good experience sandisk product priced well installed wife cell phone immediately recognized not quite sure feature chip supposed but amount memory good deal extra feature not arrived promptly ordered,2
come nice little adapter microsdhc use normal size sd card also pretty neat considering price gb pretty reasonable class fast hd p video recording dslr camera bought use gopro taking picture video working great give anycorrupted file video picture yet working pretty good san disk pretty reliable brand able go wrong gb sdhc,2
great value plenty storage phone tablet looked around really good deal great value,2
shipped fast worked really well use case take lot photo load fast work well,2
old sandisk sd card still work thought new card would reliable but wrong microsd card failed yesterday inside phone used adapter connect computer but mount bought directly amazon not third party vendor know genuine sandisk failed month,0
best price anywhere five star,2
bought memory card samsung note amis really happy recommending product pleased great,2
shipping fast product great quality great pricing like manufacture going order device lot space good performance,2
far good bought samsung micro sd card bestbuy somehow erasedeverything second one hopefully keep stuff good price,2
still gb left came hard case fore protection four star,2
using sd card samsung galaxy instead another one bought manufacture sandisk gb mobile microsdhc flash memory card sdsdq g affp http: www amazon com gp product b kfxide ref oh detail ie utf psc working perfectly since october best sd card ever,2
used galaxy note past month sudden no longer writable tried many way reformat card even window say format successful but file remain remove insert card since private file card not able delete not want sent back sandisk replacement not writable month,0
usual sandisk quality worked expected delivered time no problem worked great android samsung tablet good stuff small package,2
put lumix camera work fast great no complaint never issue highly recommended brand always come perfect,2
great product enough capacity delivers performance happy product samsung galaxy phone nice capacity performance,2
got beat price sandisk far always reliable two gb uhs card older gb gb class class etc sandisk microsds not including standard sd usb thumb drive stood test one card think failing still able recover data not write anymore pretty hard rewritable medium say sandisk,2
great memory card using along roku work great fast transfer rate good capacity reasonable price else could ask great memory card,2
cannot go wrong sandisk date work advertised price great cost saving but came amazon great reputation date far concerned purchased gr additional storage,2
awesome card glad able use dslr five star,2
great storage size first adopter came thought sale price excellent got duped price since first introduced great action cam battery ran ran memory battery ran device ran storage,2
no problem storage speed difficulty insert card kingston reader: http: www amazon com kingston flash memory reader fcr h dp b dq ref sr ie utf qid sr keywords card reader believ due sticker covering something one side microsd not kind problem reader difficulty,2
replaced one crapped tablet taking apps hour time replaced month old one,2
bought gift hubby seems quite well happy given issue certainly us lot information medium smartphone since techie lol gift,2
exactly needed galaxy word warning kitkat prevents apps editing changing deleting anything sd card stock apps come phone but downloaded one not able trick pic movie whatever copy phone internal storage delete fix come non root work around operating system perfect galaxy however,2
worked great galaxy work unknown reason used month crapped back data thing though worked great,1
use camera traveling gb not take bunch accessory also use cell phone sandisk ultra gb microsdhc,2
enough storage dslr really low price class card u use several make linux based ssd perfect,2
handy gb good size even though many device claim support gb card many actually support g card like sandisk brand always trust not saying dont lemon but happened everything handy,2
bought raspberry pi large enough run full lamp server price speed good bargain rpi,2
good thanks sandisk must gopro cam get benefit cam yap must,2
use raspberry pi sd adapter work far also appeared genuine part although prolific sandisk counterfeiter gotten really sneaky recent year like getting microsdhc card adapted different device size example let say buy used phone e reader need memory card not using pi take pi card take adapter put device rather pay money wait week delivery new one work raspberry pi seems genuine,2
popped moved apps card work great video handled quickly apps start fast work great g active,2
great buy work fine use everyday cell phone adapter great moving file computer cell phone buy opportunity present buy,2
oh waited work samsung galaxyworks note samsungexcellent transfer rate close rated speed mb achieved using make music collection truly portable nice not carry device anymore hope review help finally,2
micro sd card perfect smartphone user looking expand storage device personally using one samsung galaxy note work like charm adequately fast cheap fairly reliable looking extremely fast speed however consider sandisk extreme series fastest microsd card world card came adapter card plug becomes full sized sd card looking use camera device us sd card please look elsewhere card not nearly fast full sized sd card used camera adapter used transporting data phone device computer great buy smartphone user looking higher storage capacity price fluctuates often catch em cheep got mine around good micro sd formatted exfat,2
bought august april card stopped functioning still read but writing capability gone less one year extremely disappointed longevity card usage galaxy gb data guess going look another card longer lifespan one less year card failed,0
would get anything less gb instantaneous movie video music picture android phone capable accepting micro sd card go ahead get one two cloud not quite yet reliability,2
originally bought brand card new g price seemed good day took lot picture mysteriously vanished : since good experience sandisk past immediately found card happy sale time bought absolutely no problem expect continue working long time knock wood bottom linethis quality product buy card without respectable brand name work :,2
routinely use sdxc card gb card unreadable arrival pc said needed formatted last resort let one try window date sdxc driver could not format way back amazon glad return easy dead arrival,0
always good else say five star,2
work expected based price performance may best breed product found sandisk brand dependable best breed sd memeory,2
memory card fast class card sandisk unit rarely lose data wish guy would keep marketing backside leaving white space top could write thing cheapo brand but not big guy idiot fast reliable card,2
product large disappointment bought use tablet but card forever getting corrupted reformatted card time but point even reformat work wasted money recommend purchasing disappointing product hard format consistently get damaged use,0
first card ordered bad tablet computer write read amazon replaced immediately new card perfect read writes fast much faster hc phone glad got hc tablet perfect,2
purchased could not get work discovered sandisk app stressing not working android device no worry go get app work hi guy owe one app card make perform better device,2
usual anything san dish quality product bought use surface pro work described fast connection gb ulta micro sd card,2
purchased happy good transfer rate found last sd card caused camera phone delay taking shot but one allows phone take pic quickly : fast sd card great phone storage taking pic,2
bought wife samsung tl kept locking lesser speed sd card throwing card camera rarely lock taking picture back back shooting mp taking picture back back shooting hd vid good idea upgrade class card super fast,2
samsung galaxy note came gig internal memory discovered apps written internal gig memory want fill internal memory picture video music etc purchased gb san disk ultra microsdxc class card found video youtube learn insert card since could find nothing phone user guide real easy turn note phone remove note back plate see plaque saying sd card upper left quadrant phone simply place microsd card face metallic pin facing towards right depressed slot area left sd card plaque slowly gently slide microsd card plaque click correctly tend move back plaque not force replace back plate phone turn phone go setting storage bottom page see sd card microsd card inserted correctly see additional gb storage displayed also see reformat sd card remove sd card use setting erase data microsd card remove phone not try remove microsd card phone without first activating remove sd card setting damage card phone card came quickly san disk reliable brand great class rating work perfectly samsung galaxy note beast phone,2
gb delivered fast installed quick work like reasonable price wish could get memory note much medium work like would buy,2
absolutely great product recommend great price used note note phone download lot music movie must note,2
fast memory card room spare amazing price suitable lot smart phone movie fastest storage available today imho lighting fast storage,2
arrived quickly perfect condition work well camera using standard size adapter readable note seems quick enough canon g would recommend sandisk ultra gb c uhs,2
big card lot faster card came phone allows switch video take pic faster going get cloud storage program think getting couple big card instead make downloading accessing chunk data lot easier gret way improve phone,2
bought memory smartphone far supposed remember save memory,2
bought one g phone bought wife got one seem work seamlessly perhaps kill u but cheaper per gig smaller gig chip lot memory free,2
bought samsung note ed give plenty data storage using note quick picture editing buy,2
bought new samsung galaxy worked right away no trouble time tell : worked box,2
bought memory card spare samsung tab work great allows bring extra movie song audiobooks play tablet travel vacation bought spare,2
bought add storage sansa fuze mp player card formatted correctly work quite smoothly device also tried using adapter kodak digital camera recognized instantly picture saved quickly allowing camera shoot without undue delay work,2
bought use inch onda tablet no problem issue installing using three month would recommend others work well tablet,2
go wrong class card cheap work great may buy another one spare great class card,2
fast reliable plenty size money ran sandisk memory zone reading mbps not quite supposedly rated but lot apps installed running device excellent purchase,2
good memory card gift given junior partner receiving beautiful beautiful packaging received big surprise not know evaluate good memory card,2
good value money class ten rated card fast speed good manufacturer work,2
got note great able pop computer via adapter load large amount picture back tablet kinda wishing got larger capacity one work great,2
got galxy another brand phone kept losing contact corrupted file much faster transfer got gb version note always super fast shipping amazon prime big improvement,2
great micro sd card smartphones product wanted something high transfer rate taking hd video would no lag nice micro sd card decent price,2
great price gb sd card delivered time got download previous sc card problem great shopping electronic stuff amazon terrific price gb card much better spent office depot leximark gb card,2
great price great chip worked perfectly new smart phone swapped gig chip one lot excess storage capacity great micro sdhc chip,2
great value extra storage cell phone adapter included memory disk allows easy interface standard computer card reader interface high quality storage,2
return item would not fit properly adapter came return no problem but reluctant buy another one would not fit properly adapter,0
able use capacity bought tablet pro but used usb adapter work well work advertized,2
action cam work great far wait zip line tour not expensive would think size memory card work like charm,2
used sandisk photography course went time outfit new samsung galaxy internal microsd card spent extra buck comparably no name micro sd card bought variant took quite picture even transferred album computer coud show friend go less two month sandisk microsd card started acting not recognized stopped restarted removed reinstalled onto phone erratic behavior taken immediately tried recover anything could thing hit fan unfortunately waited long morning no reason turned phone card show blank neither window pc nor mac even detect card yes tried two different adapter tried sandisk recovery found no recoverable file even though checked file type extension apparently lost picture top gf cheap no name card never issue exact phone keep chugging along merrily paying premium substandard product fails use two month no thanks going back lexar failed yet also getting rid sandisk card dslr case fact sandisk first card thats ever failed new card boot not inspire confidence buy use risk never sandisk,0
disappointed card usually issue sandisk but gb ultra card died two month died no longer recognizable pc camera device wrestle warranty claim failed month,0
bought great price capacity rated speed use storage nook hd glad bought,2
bought card android based phone soon started getting message card removed damaged tried tablet thing not first card brand bought experienced problem went several online forum see solution someone hit upon might problem brand card bought pny brand micro sd card no problem whatsoever android problem,0
bought card strength gb xdsc sandisk phone right gift friend mine sadly corrupted within minute first use initially worked fine dead checked laptop window disk management screen told single k partition rest unusable outstanding replacement sent amazon thank amazon always excellent sitting office right probably check not sure recommend,0
bought samsung galaxy expand memory best money could spent no issue work fast shipping great packaging worth every penny worth money,2
bought expand memory galaxy inexpensive easily install come adapter make full sized sd card sandisk ultra top list inexpensive storage,2
no issue using device still working strong trust sandisk gear including memory dslr use not malfunctioned throughout many different us trust brand although expensive supposed brand but worth extra opinion great memory note tablet,2
lot music picture keeping card free storage apps cannot use card money well spent save storage cell,2
always trusted sandisk brand valuable data ordered tablet great size quality price great product price,2
samsung note ii verge uninstall program newest version android came allowed move application external storage reading review purchased card replace g card room picture video ton apps performance really great tell picture video apps load quickly not issue must extend android storage much needed upgrade phone,2
droid x page plus work perfectly transfer speed good no complaint good deal,2
used many memory device sandisk well couple sansa mp player card life expectation work well samsung galaxy phone bothered adapter but no doubt job nice case need read card outside phone always reliable sandisk,2
used month galaxy no issue plenty fast transfer content card flawless,2
got note gb great want another gb sd card want happy work great note,2
like thing work like thing work way sold give great review trust say work find faster sd card super fast super good,2
love storage unit would buy definitely great pix video doc whatever want store x great,2
happy item android gb memory card ideal increasing jrroadrunner sandisk ultra gb microsdhc class uhs memory card mb sandisk,2
needed samsung galley tablet job needed really need adapter but micro sd card come job,2
needed get space sd card phone naturally turned product know quality attention detail want sure photo data held safe place money cannot beat product buy san disk always delivers great quality,2
initially inserted card samsung galaxy recognized but able format correctly research found free program easeus partition master format card fat since window no longer allows default formatting fat phone recognized card work great hope help anyone else might run problem ok,2
situation depending hardware intend use card need format special way using formatting utility come native window also card get extremely hot heavy load requires special formatting,2
installed droid bionic backed data using included card reader adapter card reader slot laptop copied data folder pc done reversed process new micro sd card bionic recognized additional memory apps run update adding card though attribute card seems likely apps referencing something specific hardware maybe update program ran expected one issue poweramp medium player playlist dissapeared not sure havent yet researched poweramp forum assume issue would occur card upgrade nice memory upgrade,2
past bought lot cf sd card usb key year ago bought brand randomly failure particularly high priced brand time critter tres chere decided standardize wd never failure except hard drive but different topic price per gig less used pay per meg still stick wd using card long period time want lose data recognize anecdotal may may not line consumer report say others experience but mindless fan frequently chant roll wide would get rid anti shoplifting packaging dependable dependable dependable,2
purchased card new nokia lumia smart phone recently purchased extend internal memory phone card work well recommend card anyone want extend internal memory devise requiring microsd sandisk memory card,2
purchased use samsung tablet work perfectly store lot information would buy product sandisk know make memory card last great card,2
received memory card great condition packing pleased put outdoor camera video coming going wild life work great scandisk ultra,2
stable use product samsung galaxy sometimes tablet recongnize memory but problem maybe tablet not memory think excellent,2
almost required piece samsung tablet good buy : easy use easy install sandisk ultra gb microsdhc class uhs memory card adapter,2
class pretty fast using htc evo lte g phone hoping uhs capability doesnt seem class fast cheap,2
like personal cloud much storage small item came great price easy open package made easy open use right away ended using smartphone screen cracked able back everything remove card put laptop great backup critical file,2
work expected no problem installing anything fit samsung shipped really fast packaging could open without use something sharp work expected,2
use galaxy note seems work fine love lot memory price good nice price nice product,2
use samsung galaxy note ii money fantastic value noticed transfer speed issue rock solid reliable month owned gb music stored every app use sd card storage set including system backup ultimate install forget add phone great quality,2
card time one problem believe problem phone card formatting became corrupted could still copy using computer phone recognize card copying data formatting card copying data back onto fixed issue really nice gb extra data storage phone love capacity,2
purchased microsd card back january use tablet android smartphone used card extensively transfer music file found rather interchangeable versatile across number surface card corrupted become unusable point figure value pretty much want gb cover amount storage would want mobile device no issue micro sd card,2
used card month not bit trouble notice delay phone writes memory taking picture shooting full hd video great mixro sdxc card samsung,2
absolutely certain would work samsung galaxy siii sgh regional carrier alaska read several review but took chance gb card would work device pleased arrived opting frustration free package simple matter open little cardboard envelop retrieve content side note appreciate amazon packaging item clamshell type container add no value card well made seems quality product installed card recognized instantly boot full capacitywas recognized maybe old school come memory card but always format device intend using least initially case no issue scientifically measured read write speed card performance respectable suffered no issuesrelated operation card would highly recommend product looking capacity device accept microsdxc format end several friend purchased satisfied memory card device reliable expansion microsdxc need,2
keep short sweet potential buyer looking fact not b two gb size card month work fairly well cell phone tablet yet not good camera fact card failed work gopro hero camera customer service rep gopro claimed happen agree card not true class card let alone uhs benchmark evo g allocation size write speed never passed beyond mb read speed wondered around mb far advertised speed well write speed arent technically advertised probably class level benchmark crystal mark reported speed even lower due adapter write speed around mb read speed wondered around mb needless say not worried speed storage perfect want use shooting high definition raw footage however suggest not loose money even write speed around mb card begin decay slow become useless review based gopro camera high definition raw recording cell phone storage work perfectly well bit false advertisement decent price storage space but not nearly fast enough,1
needed digital music collection phone five star,2
memory either work not said work designed happy price memory,2
year still going strong boost memory tablet store movie trip tablet store big file automatically save brain important thing use samsung tablet,2
no complaint worked every piece electronics tried run across fake chip online but high quality good price perfect,2
not fast advertised time actually slowed note filled movie leaving gb free switched faster card due but could also phone fault good card good speed size money good price speed,2
product supplied described: gb micro sdhc class card adapter purchased use samsung galaxy tablet work perfectly easy identify micro flash card may red grey color great memory solution stored medium device best,2
product work advertised no issue install general use mobile phone seem particularly snappy but may phone anything else installed htc thunderbolt work fine,2
quick little puppy sandisk make nice quality stuff one exception adapter came let work bigger slot failed horribly day adapter psh but transformer like treat like child fit snugly latching system recent store bought one wiggle fast quick easy tiny get,2
replaced smaller slower micro sd card phone brand corrupt die past grown trust sandisk faster micro sd card price right decent speed,2
simply put card work well note give extra space needed date worked flawlessly upgraded gb sandisk gb no issue plenty space available phone keep movie music local people scoffed online using large card but reality always data service time come plane nice access movie music kept local storage far worked note sg thing needed note,2
not going pretend expert sd card but still like one relatively inexpensive work wonderfully movie want store watch samsung galaxy tab single problem storage yet space,2
still working no problem far seems reliable not sure else say but want word work fine,2
card arrived promptly worked flawlessly dashcam would recommend purchase others need kind card good card,2
card look good work fine much test complaint package line marked back cut cut along line nothing happened no opening cardboard glued tightly cut near card found cut supposed plastic card case storage shell took no storage case store not functional problem but annoying look good package horrible though,2
package arrived time well packed got adapter work perfectly phone though allow computer format phone asks erase everything use computer planning buying different purpose device gotta aware need phone transfer file usb cable work right also give star say gb but even totally formatted reach gb sooo know gb anyways overall working well think expensive almost,1
really much say micro sd card: either work bought install phone seems working fine fit perfect performance totally satisfactory never trouble sandisk product likely no exception great value compared place priced locally say sd card,2
sandisk ultra gb memory card shown no sign not exactly needed good deal good value,2
card worked flawlessly phone three month smaller slower card replaced picture video definitely tell difference write speed class ten four work fast great,2
chip holding music photo ready share friend family tablet quick response no drop out lag price amazing sandisk,2
great sd card fast work well using gopro no complaint good sd card,2
fast microsd card compared class speed look nice work not sure else say no problem died yet month least samsung galaxy reputation breaking sandisk sd card reason randomly unmounted time but easily remounted take put back maybe restart phone refresh apps see think galaxy tends get really hot right sd card might damage bit think put good spot but nothing card get want nice sd card fast,2
best accessory buy smartphone simple explanation: loaded hd movie onto micro sd card inserted samsung galaxy play superbly without delay mb read speed important reason best accessory phone think this: premium pay iphone gb price pay gb micro sd card depends amazon pricing time mean get thing less interchange sd card device buy new tablet example no brainer note read mb gb hd movie take minute load brilliant price beat iphone price gb phone,2
biggest memory card gig work fine using inch dell tablet window solid state gig hard drive reliable,2
latest version microsd card class purchased asus memopad hd tablet use mostly play movie son since movie hd wanted ensure fast storage card movie play smoothly also important taking picture video faster sd card faster device process store picture release camera next picture android jellybean google introduced burst picture taking allow long press shutter camera take several picture row great trying shoot something motion fast sd card essential feature work properly fastest card,2
sd card need smart phone bought using year work perfect think ill ever worry running space plus price amazon cant beat bought galaxy,2
second one sandisk gb microsdhc card bought one installed samsung galaxy one installed samsung galaxy tab excellent option device expand storage one reason went samsung product use microsd card unlike apple iphone product sandisk ultra gb microsdhc,2
provides plenty storage capacity tablet mobile device put cellphone android tablet twelve month use downloading music video apps plenty room left class version also great phone tablet camera well stand alone camera yes still use digital camera yesterday must hd action video camera recorder well price continues drop affordable unless device take gb version go higher capacity video recording device great performance reliability,2
perfect addition surface tablet came easy open packaging worked moment pout microsoft surface tablet expanded g tablet lot storage movie music nice,2
work phone amazing however seems transfer pretty slowly move lot music movie phone annoying not sure phone card weak link though note anyways cheap work matter buy work but seems slow,2
work perfect dell venue pro reformat card using great sd card,2
wanted space smartphone work great else say thinking buying another back stuff nice card,2
bought go new samsung galaxy tab work great allows u add lot video onto tablet work great,2
use samsung galaxy phone amazing take gazillion picture wish could separate picture memory card folder but samsung issue not memory card issue memory card,2
say sd card work class card price decent needed one android tablet shopped around one seemed like best choice good value,2
ask no error ever detected android o unit plugged tablet mean never without data picture want working well year,2
first got card worked perfectly galaxy phone rooted phone installed cyanogen mod rom gain additional feature not available carrier card instantly corrupted rom formatted filing system rom support fortunately nothing card replace ended use third party utility format card filing system supported window rom properly formatted no corruption data loss issue card performed well using stock galaxy rom no problem find card roomy fast nice card but beware cyanogen rom g,2
worked fine samsung one year stopped allowing writing card would not format even pc another device data still but cannot erased stopped working year,0
worked samsung galaxy perfectly finally space take current digital content plane movie movie everywhere,2
work fine sony rx using provided adapter but would expect otherwise bought expensive micro adapter rather full size sd move device take micro sd prime shipping arrived one day work fine sony rx,2
work great running room gb card galaxy note solved problem nicely enough space movie music photo device think running space solved storage problem work great gn,2
work great plug playloads room whatever need would not hesitate recommend product great card great price use dash cam,2
would not work samsung galaxt tab g purchased but work fine asus tf swapped card everythings ok first time seen sandisk product picky,2
say broken yet hope break luck brand usually get bored product break get job done,1
card got hot almost melted crazy but card somewhere else know wii not taking chance ruining one device no thanks stay away,0
thus microsd card worked fine year samsumg note ii mostly used listed downloaded music spotify actually failed twice failed first time phone see card installed thought maybe something merely corrupted formatted put back phone downloaded playlist worked two month failed plan try formatting switch different brand card inadequate life span lasted year failed,0
got dell venue pro work perfectly no complaint word complete review work dell venue pro,2
bought day came great price finally showed month later knew going put galaxy note instantly recognized set speed laptop via included adapter ranged mb read speed mb write speed copied entire gb card one took time but double space verified amazon purchase work perfectly,2
confirm work note cm nightly however not work upon arrival formatted fat used small program fat format google believe program would work awesome galaxy note android cm nightly,2
storage need tablet pretty much no brainer long support : would recommend galaxy note work great galaxy note,2
regularly plugged asus transformer tf tablet extra storage but included adapter also plug laptop use sort sneaker net allowing move gb data ever using time filled mostly picture movie speed make convenient transferring large amount data buying another one near future speed capacity price,2
made sure get one retail packaging ordering arrived next day amazon tore open packaging inserted card directly note card picked right away no formatting needed say updated unit first unsure update made recognition easy already crammed half full movie music play smooth no lag speed issue whatsoever think get another work great galaxy note,2
got gb micro sd card put samsung note replacing gb sandisk card storage setting show gb free space easy testing using sd card reader laptop get around mb read close mb write advertised throughput far populated around gb video file week hour playing video sd card absolutely no glitch no hanging no error work well samsung note,2
sandisk continues legacy high speed microhd card definite must tablet smartphone provided accepts external memory card would buy one great fast memory card straight box,2
micro sd card supposed phone actually feel faster got ton storage great micro sd card,2
work expected love room picture file etc samsung galaxy tab buy one right wont sorry good product,2
received one work not readable mac win pc tried another retail packaging raw format although galaxy see write format computer pick either taking person star review trying class afford lose data not write anyway went back not much use,0
purchased memory card use galaxy smart phone music stored card play without problem work great not cheapest price not bad update month use card failed email sandisk issued rma promptly provided warranty replacement whole great service thing tiny failure expected long one keep working still give star work well phone,2
work fine virgin mobile htc evo v phone recognize first but formatting good htc evo v,2
micro sd card work great hero black edition never problem sandisk product owned no problem,2
product early coming work great samsung galaxy note tablet easy upload export item multiple device adapter come gb usable storage,2
love gb microsd dont ever think love get large amount memory device no memory trouble tablet least,2
horror story sd memory not really density reported loaded two thing max data accessible load fully work fine,2
worked great galaxy cell phone video photo taken phone automatically get stored memory card installed may apps no issue installed samsung galaxy,2
bought card use samsung galaxy tab tablet based others reported getting work galaxy tab bottom line gotta reformat card fat kb sector work galaxy tab requires jumping thru hoop win vista not even offer choice format fat ntfs exfat neither work galaxy tab android v use rd party software accomplish free solution easeus partition master free software download cnet direct easeus commercial package already installed acronis diskdirector used fomatted fat kb sector card recognized space seen useable highly recommended need space would assume would also make larger microsdxc card work welljohn samsung galaxy tab work card reformatted,2
got cell phone easy put not problem phone month great extra storage picture got time easy remove package work great,2
card get hot enough painful defective need contact sandisk experience larger micro sd run hot format writing but not pain threshold purchased one card use camera android tablet great read speed but write speed okay used card two week file disappeared tried format card three different computer xp window linux format camera tablet format rma got another sandisk good brand notice formatting writing card got hot hot second card last hour exact symptom first card write file format resulted card getting hot enough reach pain threshold called sandisk explaining second card received exact symptom mentioned getting hot immediately issued rma said told issue rma moment heard card ran hot smaller sandisk micro sd regular sd use think sandisk issue card last digit part number refer date code origin card card different date origin code warning read,0
great card great price read write speed par posted specification detail report fantastic,2
not work card purchased best buy look identical side side but transferring music onto best buy purchased card extremely fast meg album transferred second card meg album minute remaining less quarter album transferred bought two figured maybe bad card tried thing extremely slow wonder even real junk,0
pour note working absolutely overtime love much downloading great many picture audible book mp amazon many interest mine working time soon found gb microcard small amazon great sale gb one purchased main concern would work phone fast enough seamlessly well gb microsdxc class whatever sandisk want name bottom line work seamlessly get nasty warning telling memory almost full nice samsung realized need able use larger memory card note allows size card use without issue work well samsung galaxy note,2
gave samsung galaxy note power take use kind application quick easy install play excelent,2
far good never noticed difference memory card glad extra memory good card,2
replaced gb card note gb card everything seems working fine expected using card week working fine note,2
amazed memory pricing but little card inexpensive fast needed new tablet memory card new tablet,2
aware want use device record play high definition video file greater gb need format card exfat ntfs want play file either pc mac but work well properly formatting properly formatted card read writes effectively well playing high definition video content,2
think probably fine product but compatible samsung galaxy phone formatted exfat came factory work but known problem g but even reformatting fat card caused phone reboot multiple time not recommended galaxy,1
amazon sell card great value no local store even come close price plenty room lot storage great value,2
card work well many piece electronic equipment travel price perfect none failed also worked reader like gb card,2
great price gb mircosd card boyfriend galaxy note past month got note bought another one phone : work great,2
lot capacity no problem loading no issue corruption transfer access fast really beat price name brand card not much say memory card work : fast reliable affordable,2
memory card almost commodity item but still prefer name brand year warranty problem sandisk back replaced warranty without hassle work expected,2
two use galazy note great flexibility keep extra storage phablet far done intended micro sd card function well,1
say enough work perfectly every time wish could say people great product excellent storage work every time,2
placed galaxy phone read right away gb expected loose gb transferred file old card done fast although large file start looking large card one fit bill review helped sway choice would recommend card far no issue good card,2
itty bitty sd card pack whole lot punch saw small blown away gb something size pinkey fingernail amazing used camera phone would highly recommend anyone happy storage little bugger,2
work perfectly samsung galaxy tab new cell phone greatly expanding memory installs quickly easily easily microsdxc gb memory card,2
excellent product great storage capacity super fast delivery excellent alwayspros everythingcons: noneputting make word not much say perfect product exactly say perfect great price,2
adding unit galaxy iii gave hand held faster powerful storage space first new pc purchase dig awesome,2
say got one day sale amazon wow thing worked smoothly no error no formatting needed popped gsiii worked like charm great price great product,2
work good phone fast used camera seems work better thanks deal great card,2
month ago purchased samsung galaxy note first tablet know much friend told need one without issue storage told needed sd card one recommended storage managed put watching video youtube friend told downloaded app manager play store clicking app manager open successfully transferred apps sd card checked setting happy ton room thing couple week even though added several apps bookmark etc still no storage problem told card best no complaint great job glad go cheaper version worth every penny,2
great price galaxy recognized no problem replaced old gb micro sd card thank amazon advertised,2
installed working without problem samsung note price good price good product,2
work well droid razr max allows plentry space move video picture card later transfer computer phone memory card,2
bought card could storage quick card delivered say work,2
got card phone expecting significant increase speed not really noticed great speed improvement card working great no problem get slower card phone notice difference expecting fast,2
really like performance since put usb adapter get mb actual measured throughput sandisk ultra gb microsdhc,2
sandisk best brand chip exactly good speed samsung galaxy note love chip,2
always pleased sandisk product one no exception work advertised would purchase sandisk ultra gb microsdhc class uhs memory card adapter,2
must android product expandable memory slot go place save picture video change phone tablet lose memory android user,2
popped sony xperia tablet z work no sense ever run room using work might different but could change new micro sd card know tablet port one feel confident sandisk brand never bought bad sandisk product gb first three computer put together,2
bought two two new samsung galaxy iv smart phone adapter make possible card reader computer accept microsd card find worthwhile pull phone case rather use usb dongle move information phone but importantly worry storing audio book favorite playlist video clip might want show someone phone probably could scrimpted paid less,2
card good ordered one performs one would expect ordered another took much longer attempt get second one wrote got refund seller nmicro technology not first chip good but,0
review counting need justification buy one looking microsd card add reliable name sandisk left no doubt buy not also available almost half actual price amazon check price local seller no one selling cheaper come decent writing speed good shooting recording device long warranty year technology may take leap one stop functioning want use sd card camera no problem come adapter used device us sd card make two one card best microsd card ever,2
join long list customer sandisk die customer service sandisk helpful pay ups shipping return promise day turn around defective disk returned still pain deal lost photograph update: sandisk sent replacement seems working replacement go bad back complain: second update: well replacement giving three star dead three month,1
got samsung galaxy note gonna use carpc found could install gb microsd tried one worked flawlessly pretty zippy tablet ugh tablet read write stupid slow but good enough medium suppose plugged thing right used tablet format got gb good good work advertised,2
unit show byte pc phone keep dismounting also got replacement thing not sure going but look like chinese counterfeit case seen happen lately amazon seems major portal hings make sense large retailer cant check everything counterfeit avoid,0
not get advertised speed mb like kb galaxy least give lot extra storage space phone work nicely need transfer big file slow transfer,1
originally bought samsung equivalent phone stolen made switch done research realized class sdxc important quickest rate transfer however read samsung description one samsung claim mbps sandisk mbps using identical class sdxc important almost absolutely identical samsung equivalent noticed bit difference besides maybe mircosd card bit quicker easier move file around store lot phone samsung note work beautifully sandisk always worth money,2
multiple card phone device ever problem would buy ever needed one another device clicked buy yet,2
hard imagine gb something smaller postage stamp yet bought card work call duty ghost tactical camera work perfectly camera came g card filled hour local kart track missed last bit race due insufficient capacity battery still going strong needed card recording adventure card fit bill nicely uhs speed class roughly equiv class card sd card quite capable photographic video need full hd not k k use similar card canon able hold around raw image hour hd video benchmark comparison including card macbook pro retina ssd mb write mb readgeneric class gb came ghost camera mb write mb readsandisk extreme class gb mb write mb readthis card san disk ultra uhc mb write mb readwhat mean mean no trouble recording hd video reliably card camera able save picture quickly card ready take next shot fill card completely take roughly minute copy data card assuming device copying keep test done built sd card drive macbook pro using included sd card adapter based test would say really need micro sd buy standard sd card performance might better price lower however think need might need micro sd road suitable solution gb postage stamp,2
samsung tablet went bad month wont let reformat read anything money drain went bad,0
use card gopro black edition enough record action horse riding always used sandisk recording card happy quality get great,2
purchased new samsung active smart phone worked perfectly installed no need reformat put amazon com url description frustration free packing part number:sdsdqu g affp asandisk ultra gb microsdxc class uhs memory card adapterb qzh j work perfectly samsung active,2
got sport vue hd action camera work fine came converter standard sdhc size format used transfer file video camera xp pro pc fine left card fat format work without hitch small must exercise care not set drop lose happy item would recommend purchase fact purchased sport vue hd,2
bought sundisk memory card knew cellphone fantastic store cell contact leave much space store apps program want recommend hurt great memory card,2
got galaxy could store music work great easy install duh worked box good transfer speed seem fast need get another one galaxy note edition large storage fast transfer,2
purchased expand memory tablet work well tablet used camera using adapter sandisk ultra gb microsdhc uhs memory card adapter,2
bought gift co worker went meg gig difference although take fill still enjoys compared old one bought gift,2
bought additional memory ten inch samsung tab happy noe storage good,2
got micro sdcard gig reformated fat work well galaxy no problem thanks:dedit: month using memory card tried format but tried different method none worked recommend buying one: sandisk ultra gb microsdxc class uhs memory card speed mb adapter frustration free packaging sdsdqu g affp avoid buying experience problem half year defective month,0
still working fine galaxy sii no complaint complaint galaxy occasionally erasing everything but sure not card fault year,2
work fine installed new m surface pro bad window user experience lacking delivered work expected sandisk installed surface pro,2
got samsung galaxy note reading various review comparing different micro sd card decided get one main reason speed card uhs card good happy purchase good microsdhc card,2
perfect gopro size enough speed class need perfect record perfect play need adapter but cames hand use sharing image friend backing netbook memory gopro,2
price good worked expected not much say not tested adapter memory card,2
give memory tablet accept micro sd card simplethis good quality sd memory card micro,2
purhased thinking getting amazing deal price right product not month unable delete add file pic music microsd card using gb space cannot add anything nor delete anything even allow format start fresh not happy product extremely disappointed use phone lot store music picture phone various purpose would recommend buying another gb microsd card one reliable month stopped working smh,0
gopro camera card gb gb edition work perfect formatting went perfect movie recording picture taking without problem last month however tried use contour contour gps camera unable use card presume card not fit contour specification unable format no way record card make sure card compatible intended use work fine gopro,2
recommended card gopro camera use work great providing outstanding performance great quality great quality affordable price,2
love using card six month failed yet far wiped use mp player d memory card performed flawlessly price actually lower first purchased go ahead purchase one no regret built well handle well,2
got deep sale amazon pas come standard sd card adapter work computer anywhere else stick sd card fault job needed,2
bought microsoft surface pro work great really fast also come adapter use camera would definitely recommend besides really good price,2
not much say sandisk microsd card needed something storage serf purpose sandisk gb microsd card,2
exactly supposed plenty storage gps price not high either would recommend great product,2
bought use chromebook short sd card adapter transfer gbt file sd card usb flash drive minute work great,2
needed bit storage galaxy note ii worked perfectly not run problem finding phone not allow moving application card due limitation added newer version android great card great price,2
got galaxy work well good speed good space something definitely needed sometimes hard time getting recognized computer but always find way make work not ntfs but not necessary purpose work,2
put verizon samsung galaxy stellar work perfectly easy way add memory picture music apps etc phone work fine samsung galaxy stellar,2
always good luck sandisk product pleased memory reliable look cool great quality look cool,2
fast lot storage not flimsy card either fell like build tough would definitely recommend friend side note device support afford get gb youll appreciate never changing ur card fast,2
great sd card use galaxy no complaint quite fast work know else say go wrong sandisk love,2
not using shoot continuous hd video anything wanted fast one take long copy movie large file onto work well great price work well quite fast,2
bought around month work good far read write speed meet described specification good value money,2
using card phone far no complaint access card camera application seems fast enough flawless far,2
work well beware sd card not say one nokia phone loaded map song no problem expensive but,2
great card great price doubled storage new htc one got gb total storage phone no idea :psure beat gb iphone anyway card work great speedy boot great card great price,2
micro sd work great described but beware micro sd adapter faulty micro sd get stuck adapter carefully rip apart adapter get micro sd thus damaging apapter bad adapter,1
purchased november less month ago use new samsung galaxy never removed phone today failed since phone still fine memory card stored well inside safe assume card suffered no abuse today card totally unreadable formatted phone pc see dead jim contacting sandisk warranty today update: updated start although failed sandisk replacing no charge sometimes stuff fails manufacturer stand speaks well nice bought amazon could search order find original invoice use contacted updated: failed lt month but warranty covered,2
tablet need increase memory nearly gb bnever run storage space device need,2
work great samsung galaxy tab transfer speed excellent card would recommend card everyone work great,2
arrived manufacturer packaging looked authentic still sceptical based review read others amazon called thecustomer service phone number san disk verified genuine need magnifying glass ro see number printed back card alternately take photo smartphone used galaxy om macro text setting enlarged photo read number happy card fast response hundred photo song card work great great work well galaxy,2
hold lot stuff phone used like gig music set use card photo video might movie but watch movie phone enuff phone,2
memory card reputation expect sandisk thankfully get knock counterfeit card bought official threw amazon work advertized full capacity gig formatting expected good speed thing like game movie music photo view shooting owned two week reliable giving no reason doubt low capacity phone tablet device buy card sandisk probably brand go price rite amazon backed manufacturer distributor warranty amazon z day sandisk mo part think better get budget discount card find elsewhere recommend product customer looking quality storage space good memory card,2
great quality product purchased gopro hero work great adapter would recommend anyone buying camera micro sd good,2
not much say micro sd card but one seems work word word good,2
performs supposed gb quite lot storage plus samsung galaxy gb internal memory total gb plenty enough store hundred hour music micro sd smart phone,2
purchased samsung galaxy card work without issue storing game movie music would recommend anyone would definitely purchase without hesitation always big thanks amazon day shipping great microsd card,2
amazed speed sd card smart phone hd video no longer jump buffer recording transfer time pc phone decreased dramatically great product,2
use dash mounted camera company car constantly recording erasing old video card full used nearly year including cold winter hot summer never messed work great year use,2
price great buy would recommend pretty high transfer rate come adapter worry great price work great,2
ordered amazon expecting work perfectly like gb sandisk galaxy however really disappointed upon placing note edition card become unrecognizable tried reformatting computer phone yet no prevail could firmware current update android but point company make card work not maybe got bad batch know went ahead ordered g skill microsd card working perfectly work,0
sd card awhile would say awesome service great product got reasonable time overall experience thanks great sd card,2
use tablet extra space work storage space awesome work good month not issue great cost,2
got galaxy fit well work fine moved stuff phone card working great card card samsung galaxy,2
nothing much say work fine great price needed another one phone first one got corrupted system update tip: phone prompt update might want take card corrupted two card way great card price,2
memory card work well no problem one cheapest came adapter convenient cheap work,2
bought class samsung returned found speed actually lower class buying using many different brand found company make fastest highest quality memory card company advertise card certain class but not par think steal best buy sell product card recieved must dud broken phone not able read try use computer say card damaged returning amazon sandisk micro class card,2
work specified received good condition amazon using since month smartphone get better using sandisk term speed space expect speed upto mb sec write mb sec read provided adapter speed ar always better read write using smartphone read write speed would lesser mostly but average mb sec anyways per seen heavy user like gb microsdxc available would actually buy tried extreme version mb sec cost time one but work similar dont waste money name doesnt deliver buy buying sandisk best buy term price speed space sandisk not able compare brand yet though,2
bought cheap tablet no storage work fine fast plenty external android app storage also video watch memory improved,2
promised neat frustration free packaging run speed check but believe sandisk quality unmatched frustration free packaging value money,2
using card gopro hero black no issue date card used video vacation palau yap guam underwater video far no complaint ultra gb sandisk,2
find local store needed brand new stated work great great,2
work great galaxy need format card anything popped card everything worked great box transfer speed excellent card would recommend card everyone love,2
easy install performs per spec expanded capacity handheld scanner product convenience micro product phenomenal began career attest truly wonderful progress tech made year less innovation capitalism best priced right,2
bought card phone gave extra storage picture video needed work well motorolla triumph,2
fast not expensive still work several month unlike lot cheaper card need fast card phone access but make world difference lot transferring fast,2
expected know would kill manufacturer actually memory card stick device actually available advertised capacity fortunately l learned advertised actual available memory two separate thing bought always scroll read technical spec device anything buy way ideally actually informed let buyer beware appropriate every day thing not exactly seem food cheap likely cancer causing feed body car place work advetised somewhat lower capasity,1
use tablet work perfectly good size price capacity one come eventually but perfect right fast dependable,2
since almost three thousand review already bet almost everything reading writing speed covered try provide specific experience case somebody searching keywords copied wav mp file card fast pc ghz gb ram rpm hdd bit win etc built card reader card reader maybe bottleneck anyway observed average writing speed around mb tried card nokia b logically phone cannot read gb microsdhc card but however saw card gb card tried inmotorola flipout unlocked gsm quad band android phone bluetooth camera qwerty keyboard wi fi unlocked phone u warranty black played wav mp file worked well tried inmotorola mb bravo unlocked phone android o mp camera fm radio gps u warranty blackwith file worked well no hiccup inserted left inblu studio ii unlocked dual sim phone dual core ghz processor android inch ip capacitive touch mp camera u warranty black far good update review problem arise sold fulfilled amazon frustration free packaging love packaging not not nasty blister pack cut finger but also eco friendly adding detail,2
loving plenty room store medium go back forth pc tablet also great storing school related text document fantastic,2
no issue inserting hp tablet adding photo music etc memory read writes quickly great value good micro sd card,2
put gb card galaxy working well could popped sd card slot went setting storage selected format set mp folder instantly recognized double twist ton storage music pic great card great,2
assuming stuck number micro sd adapter work purchased sandisk ultra card low behold everything started working even wife tablet recognize sd card movie started working bottom line work bottom line work,2
working great galaxy note love extra storage music video picture love extra storage,2
super fast compared card test but much faster no name class card fast,2
like said flash drive work no data copying writing speed problem performs within manufacturer spec flash drive work,2
noticed something crooked online postage scalper charging buck mail micro sd card usually come small envelope mean come ftc need crack postage scalper working full force day say micro sd card mail no higher buck but crook demented deleting order cart keep till find one rip great product come scan disk but buyer beware shop mark thing high priced postage mail small envelope yes almost everyone ever ordered came small envelope btw shame think write congressman whatever good w rating never care people want never less fined ftc committing highway robbery end review hope help others speak highway robbery via high postage gauging said keep browsing till find good store commit crime dad like say: no honest people anymore one final note: amazon online outlet stop allowing people charge want postage allow ship cost k price figuring via item actually ship po fedx ups great product but watch postage scalper,2
recently upgraded trusty droid x samsung galaxy given hi def video picture wanted big fast memory card faster card load gallery much faster one x otherwise memory card work well maybe droid x slow,2
using canon camera working well photo many video work well,2
first week bought problem like phone detect micro sd card tried formatting repairing card but no success returned sandisk willingly replaced week no question asked since still using nd card received no problem bad luck first but got lucky second time,2
memory work great surface pro no problem transfer rate acceptable surface pro firmware update memory disconnecting take put but firmware update no problem memory always stay good product work great surface pro,2
put phone like phone unlimited storage possibility thank amazing,2
memory fast perfect phone good product give star recommend type use memory fast,2
exactly looking upgrade memory smartphone good transfer speed using sandisk product great pricing amazon amazon great price,2
gb micro mem card samsung galaxy great addition unit never problem card expect long life memory card best best,2
new galaxy note not sure ever need one gb but not bargain one good,2
got phone awesome card short but contacting sandisk one week super awesome customer service buy sandisk item needed awesome buy,2
used hard drive asus really fast faster regular external hard drive used old dell computer gb lot larger orks well asus addittional solid state hard drive,2
recently received new nook hd tablet gift wanted increase storage capacity well convert android base system n software card compatible really increased flexibility new nook without root system void warranty use new nook either way plus card reasonable price really latest technology gb microsdxc class uhs memory card,2
extremely small small fact could easily get lost recommend leave but great idea allow camera phone device much smaller short but far good small small,2
no samsung galaxy without one last gb model become available : not fit iphone no iphone accept micro sd memory upgrade buy samsung phone instead sooo big fast,2
say application loading faster but definitely say video music load much faster phone reformat card anything transferred data old card one popped considering small price difference recommend getting faster card sure much better stock card,2
work great car music drive hold entire collection speed key,2
original two card manufactured time started affecting functionality phone internet research resulted reading another review amazon similar problem discussed contact sandisk support replacement due known silicon bug new card arrived week returned old card defect hassle trying read serial date code car but phone x zoom made possible sandisk customer support easy work product new old fast worked great make sure check batch date march,2
formatted computer popped phone bingo bango bob uncle phone recognized right away music transferred minute work great,2
purchased use samsung camera work great take picture video camera no issue work great samsung camera,2
use r sdhc dual core d xl hold movie currently also hold number different emulator plus game plus hold nd game well still gb storage left extra stuff simply incredible able offer much storage little package thank sandisk foremost leader memory technology hat go affordable price plenty storage,2
got extremely solid speed no slack android solid micro sd card gigantic space work awesomely excellent solid sd card,2
not heavy user data but enough picture music video fit factory gig card never enough memory get used quick advertised memory capacity rating improved speed smartphone tablet moving picture video different folder no lag compared cheap factory memory card buy better card first time regretting later would recommend buy must smartphones tablet,2
used store recorded video information dash camera no problem far compatible generic p dash camera,2
really want like trust sandisk manufacturer memory card said moving rd card thank amazon exceptional customer service else upset basically card suddenly not allow writing anymore save file delete file event format tried three different o e device no luck reading sandisk forum seems happening lot card returning amazon trying luck different brand see happens returned time defective,0
use store music picture hd video limited storage surface pro simply work price point think steal work ask,2
perfect card need keep action gb acquired card gopro camera fit perfectly need capture action need perfect camera,2
bought day got phone great read write speed seems like taking care processing handling thing within phone changed setting every time take picture record video go automatically microsd card added movie tiny card work smoothly bought samsung galaxy note ii,2
fast shipping delivered described phone not recognize card right away format fat computer but showed capacity gb get full capacity format phone exfat format show gb excellent capacity lot medium file document two step setup galaxy note ii,2
purchased memory addition surface great way add file meeting laptop stay behind card fast enough access file quick great product great card,2
nice memory card think gb sweetspot price size imagine filling buy class card case little speed boost important android player work great no problem,2
work well class memory card video camera like memory less class play back camcorder jerky playback not memory chip worth money gb storage lot video time photo music storage added value adapter plus five star product art long island n sandisk ultra gb microsdxc class uhs memory card mb adapter,2
randomly erases data asks format card unmodified unrooted sprint galaxy siii dont know scandisk selling trusted brand didnt work frequently force format,0
new product evolve accept sd microsd card good luck sandisk no exception gb microsd card,2
got use gopro give hour recording time ii figured use camera work great,2
work sd device bought one smart phone plug play work great would definitely recommend card seller friend sandisk ultra,2
purchased add storage samsung galaxy note work great fast speed easy snap install not moment problem highly recommend sandisk ultra gb micro sd anyone planning use smartphone tablet work great smartphone,2
used extensively point but hold data well sandisk continues solid brand sandisk usual,2
owned used galaxy siii month never problem fast never even think running space phone show gb total capacity still gb left fast little card lot space,2
slipped perfectly microsd card slot galaxy note immediately available no formatting required writes card fast enough use video capture sweet big fast,2
used sandisk ultra gb microsdxc class uhs memory card mb expand surface rt really excellent sandisk ultra gb microsdxc class uhs memory card mb,2
phone missing extra storage space great purchase great price amazon would recommend movie watcher photo music enthusiast good buy,2
card fast enough hd video recording sony actioncam durable great stuff speed,2
well not much say good mmc fast enough ask using storage tablet update: stopped working computer said mmc error hour could not fix became locked would not unlock sd adapter used locked would not format erase even read error stopped working amazon short return policy luck luckily sandisk long lifetime ultra brand even though hassle email got replacement took one star small fast updated,2
reliable inexpensive however quite slow far far slower gb samsung pro microsdxc samsung work well interactive use would use sandisk card application speed important reliable inexpensive slow,1
sd card compatible samsung galaxy recomended galaxy owner regard speed,2
good quality using several device phone tablet computer no trouble glad chose one right microsd card,2
great storage low price good transfer rate respond read time good almost available user usage good product,2
not much say really work faster class gb card provides space copy dslr photo hook phone nikon usb host cable fast robust samsung galaxy,2
memory card store memory well no problem month use note great price online work great value,2
smart phone kept dismounting research found others experiencing problem returned got transcend instead transcend work fine no problem keep dismounting,0
great product came adapter plug camera regular sized card reader ultra allows faster uploads downloads onto card great picture apps fast lot memory,2
bought primarily use surface pro would randomly dismount not know surface fault card fault upon little internet searching found common problem sandisk card surface pro used another brand microsdxc worked fine not work surface pro not try another device,1
card used phone without large amount write stress shorten life card not written phone card totally unwriteable mac linux machine phone writes seem succeed but even low level reformats actually anything exact file every change untouchable frozen forever month use memory card really weird failure like neither mac linux machine phone report error not acceptable quality sandisk unwriteable month,0
right microsdhc card fast started formatting little behind another class card not uhs card formatted gb ahead transcend gb card no slouch either fastest flash card sent yet doubt disappointed unless alien advanced technology positive review wrong,2
cannot gauge better faster class use mobile save picture quickly dont see difference but advertised capacity work ok work expected,2
great problem memory use time great great memory,2
not much said except work advertised happy purchase would buy work fine,2
photographer rely high quality card image one job two thumb outstanding,2
using month everything work fine sd card encrypted take little bit longer transfer get warm transfer file minute but not performance issue overall no problem,2
th unit purchased sandisk used sony z tablet note q recently sony z smartphone data transfer speed quick get consistent transfer without error worth buy enough said well priced worked promised,2
sandisk popular brand name product used year bought new camera recording video worked well far not tried gopro camera yet may little slow fast action video great price value,2
good product got tired taking picture memory not good bought another good bought another,2
wanted memory card phone started looking around online far one best get price un beatable great product best price,2
gb price nice deal especially trying add storage capability tablet phone keep mind not phone tablet device support gb may get gb instead performance good especially weighing price capacity big storage nice performance,2
several video recording device surveillance car based dvr system etc sandisk class card always use class card dealing hd video one survive extreme environment using sandisk year admit trying great brand always come back sandisk stick many non sandisk brand card might advertise class well but achieve writing speed fact cheaping card may result video recording device become unstable worse corrupt data highly recommended go microsd memory card video device,2
month sd card already stopped deleting file keeping picture tried reformatting nothing help not cool update april contacted sandisk sending problematic card back warranty replacement hope resolve issue card keep updated process complete already dead less year,0
bought expand surface rt tablet reliable stable data intact secure highly recommended expected work fine surface rt,2
worked perfectly right box seems lot faster old class manufactured sandisk others matter excellent,2
not experienced wirting speed problem android stick pc suppose life x claimed tried sdhc sdxc reader abdroid tv pc usb port worked smmoth silk no problem android pc,2
work fine verizon galaxy but formated fat also work canon ixus great nikon but acceptable galaxy,2
still wondering fit bite card like but car plenty fast compatible device amazing,2
worked fine no complaint purchased sandisk product several time happy brand work well,2
used prdoduct past great whit past galaxy note store almost anything device affordable whit excellent brand available market right,2
card failed week use problem ssd failed month failed,0
fast no problem loved price worked immediately never caused problem oh remembered place sd card make fit pc usually micro sd get stuck holder not like good no regret,2
worked android phone hold music like far would recommend work,2
got go smart phone job great inexpensive includes adaptor card use application without micro sd slot expands versatility affordable memory,2
bought upgrade gb microsd samsung galaxy work great recommend everyone work great sg,2
whether vacation taking photo video around house trust memory card keep memory bought card mainly contour roam helmet cam but using sandisk compact flash card canon dslr sandisk sd card panasonic hmc video camera never single problem fail never file corrupted survived x ray airport extreme weather condition sometimes tempted price memory card but end go sandisk warm fuzzy feeling knowing photo video perfectly safe trust memory card keep memory,2
used gopro hold massive amount video no problem supposed memory card,2
work great gopro hero super fast give plenty storage capacity video every outdoor activity need gopro,2
work great perfect price using mine digital camera dji phantom fc chip hold ton data exactly needed highly recommend anyone needing micro standard sd great ability plug play get data buy buy buy money got gb card buying described,2
android tablet toy nothing crucial plan downloading map travel need storage rooted tablet changed two line control file see external card internal card vice versa save apps data sd card everything go gb sandisk ultra microsdhc card instead puny internal store woo hoo disclaimer: rooting device usually void warranty not condoning action nor responsible result action responsibility tiny card fit tiny slot screened tablet invisible installed but know happier change endorsement sdhc card android tablet growed,2
great deal fast data good price use thing dont need card reader come one already fast data good deal,2
work fine came adapter standard size card slot installed samsung mini tab work fine,2
got tablet phone fine loaded movie trip playback perfect used one camera video plenty fast enough clip taking work great,2
buy one inserted galaxy note also asus transformer infinity bought card buy need easy install pop device read simple storage,2
stored pic good quality transferred laptop tablet happy san disk ultra great quality,2
right size knitting crafting pattern let take anywhere go help buying yarn fabric info need nook perfect,2
work like sed dose fast work xoom used hd xacti camera adapter memory,2
bought micro sd card samsung pocket camera amazed much storage could shoot video hd tiny card far performing nicely ton storage,2
installed samsung galaxy music photo video storage work perfectly never glitch month formated exfat reliable microsd,2
upgraded gb satisfied work great phone large library music def would reccomend great samsung g,2
although may overkill application considering capacity appears work well firmware memory raspberry pi price bought last year cyber monday wish could buy price tried rpi overclocked but worked without glitch normal rpi clock rate also used gb version music player worked well also seems compatible raspberry pi,2
recently upgraded samsung note ii wanting carry music turn total gb music but new gb card still give another gb photo spreadsheet word doc pdf doc listening music stored card no delay file music pic,2
bought son samsung galaxy gb card but filled enough space speed excellent told fast compared last card would recommend sure great micro sdhc card,2
hard review card arrived doa write format returned amazon great credit owned several sandisk memory card performed well little surprised one failed box read good review samsung gb micro card bought instead pleased returned amazon great credit,0
use every project work brand trust excited continue : buy project,2
stopped working could not reformat good luck item vendor selling item hopefully bad one sandisk usually pretty good stopped working st use,0
loaded memory card tf could not get install found format issue could not reformat get work sent back got class sandisc card non ultra loaded perfactly not,0
first class memory card boy fast actually bought two one digital camera one galaxy save image really fast camera not slow tablet great product great price super quick,2
perfect card galaxy lot capacity decent price not no name brand either lot space good price,2
wait test got home yes capacity gb but show less due binary code managed stuff hi def movie insane speed pretty good managed mb sec write mb sec read using usb reader file kb bigger slows substantially smaller file typical sd card thumb drive great warranty small premium x gb card no regret highly recommended get decent price huge amount memory teeny tiny size unbelievable,2
fantastic product described purchased delivery fast definitely buy recommend product anyone fantastic product described,2
excellent quality memory good deal price functioned perfectly good speed meet need would definitely recommend anyone using tablet planning buy another one shortly great buy,2
trade anything need extra space helpful sandisk always make good stuff work great tab pro,2
use canon digital slr lot memory quality image great no disappointment lot memory space,2
bought month ago give take needed galaxy work perfect gb memory card,2
bought two get open slot smartphone use picture movie music fill primary device storage heartbeat good practice personal stuff like thing mentioned saved external drive not mix horrific happen get phone wiped word wise: encrypt storage primary device external sd samsung galaxy least turn requires use phone unlock code least six character least one non numeric know appear pain butt but first time device ganked panicking stuff encrypted thank nekkid picture thing concern mind unencrypted device stolen wrong hand crack cocaine money much much term lucrative identity theft opportunity guy encrypt phone walk throughs showing whatever device happen youtube certain bought samsung galaxy,2
installed galaxy read writes fast much storage awesome gb formating work,2
work expected wayyyy faster gig class card old card would slow phone close full would take forever load everything music file picture etc card however loaded gb stuff put everything old card read load fine no need wait buy card work expected,2
could not ask anything exactly advertised no issue not gotten try uhs device yet but cannot wait perfect,2
bought work like charm no setup needed read automatically great price : work like charm,2
bought new samsung digital camera no complaint supposed noticed problem quality no complaint,2
run samsung galaxy ii work like champ really fast unless phone support exfat big go might find but able use gb file system called fat work great fast good price,2
internal memory asus tablet kinda slow installed bad boy tablet install o onto tablet run nice fast nice fast,2
old microsd cause image taken get corrupted probably write speed handle one work great month still working good seen problem seems pretty fast compare old transcend would recommend sandisk already proven might cost little but seems reliable great samsung,2
figured not going issue sandisk produce arrived well packaged removed formatted computer installed working fine used samsung galaxy,2
worked good talbet gave space game picture download save picture real deal,2
say memory card purchased increase memory phone fit work suspose,2
say sandisk micro sd figured work asus memo pad hd movie long trip great sd storage,2
say old gb died working like champ trust brand long time expect nothing but best samsung galaxy sprint,2
not recognize card formatted exfat seems problem supporting exfat format higher capacity like gb gb inserted sd card kept saying sd card damaged got stuck unmounting sd card screen tried format phone manually formatted sd card fat window inserted phone run smooth seems like lot people trouble get sandisk gb work hope help got work galaxy sandisk ultra gb microsdxc,2
look no perfect galaxy device purchased switch device quick data transfer highly recommended perfect memory,2
good item fit perfectly tablet confortable protect work nice great item great memory,2
got put cect got amazon work great bye work phone cect,2
almost got gb but decided gb last minute glad filled hero white edition k time lapse image hour hd footage thing solid reliable filled day period work haiti work great gopro hero,2
used phone well computer thanks included adapter use back store picture document instead separate external hard drive put number disk well numbered label plastic storage case come remember disk easy use store flexible,2
really fast processing speed save crystal clear footage problem expect great card,2
sandisk memory card always proven reliable always memory get biggest afford always need think volume get economical greater capacity great,2
ive card month using samsung galaxy note filled card tv show movie watch go well many pdfs m word doc m word pdf file often get corrupted use larger file seem stay intact moved smaller file internal storage havent problem since im hoping sandisk decent return policy corrupted small file often,0
using expanded storage nexus via mini sd usb reader android working great instantly add storage music movie tv etc work perfect w mini sd usb reader,2
bought use gopro hero black work great no problem price hard beat work great gopro hero black,2
get mb formatted capacity closer gb however extra storage useful quirk move anything recycle bin work permanently delete great quality reasonable speed,2
see brand listed gopro website one recommended card but never issue sandisk gave try uhs card ever stop recording due write error price beat quality come also included microsd standard sd card adapter need different card reader one old sd card great gopro hero,2
love additional storage pic video far no problem read writes no problem delay got great price gold box deal bad could purchase also use device adapter got great price samsung galaxy,2
microsd card working fine android phone several month no problem speed data corruption thus far fast reliable,2
come open package no box included except instruction manual warranty using cell phone work great read write speed noticeably faster old sandisk gb microsd work great,2
got microsdxc gopro got enough space not worry changing simcard but changing battery work described,2
see nice extra room blackberry z lot content go packaging adequate but not top work described,2
fast reliable far no problem samsung galaxy phone plus got sale well worth price great product,2
upgraded gb sd one great extra space no problem removed sd card phone copied file computer using adapter came new card copied file new gb microsdhc installed galaxy worked great liked color make easier see black desk great solution memory galaxy,2
bought new samsung galaxy first one ordered produced formatting issue phone every time rebooted looked online found number got recalled something one point but work returned replacement replacement worked fine phone constant use month no issue first one busted second work fine,1
fast giv work great five star,2
no way format even downloaded program claimed able format wasting hour decided give send back seller format sending even would charge extra would well worth instead hassle downloading program wasting time trying sending back hour frustration frustration,0
needed update card galaxy bought one sale installed work fine loaded music also used storing photo video phone big fan sandisk product good microsd card,2
bought one hero camera one galaxy mini work excelent recommended video shooting good price adapter use sd card reader sdhc compatible small but powerfull,2
needed new micro sd card flash boot project required stable speed sandisk provided product required optimal speed stability along quality warranty excellent memory card purchased,2
bought increase memory samsung galaxy iii use phone business pleasure needed memory upgrade work great work great,2
purchased use samsung galaxy phone worked fine month phone stopped recognizing able copy photo computer stopped recognizing well sandisk replaced warranty far new one fine first one corrupted phone,2
prefer san disk brand type great size phone camera would buy good size price,2
bought husband gb one went sale bought one use one tablet love no issue no issue,2
used number bought well rated always worked well good price favorite micro sd card,2
worked well reformatting good thing able download free app line reformatting memory spare like able download snap photo without thinking much space left phone memory sape,2
better gig card thing nothing but problem phone not see half time slow phone keep asking format got see card reboot still slow buying samsung gig card samsung galaxy note seen good thing samsung terrible card,0
bought gopro great problem experience download picture video day format card trying use seems get confused left install lost getting picture video not second day scuba vacation would start gopro video mode would record second stop automatically anymore problem since formatting night downloading video set look great sandisk ultra gb microsdxc class uhs memory card mb,2
worked awhile android would blow chunk unexpectedly removed window sometimes could not read blew explorer formated fat ect ect ect done sandisk think problem class part card card work fine less class maybe bad batch replacement card day later amazon thing edit: decided pick card laying counter last month give thing another try still not work htc evo lte evo finally got working galaxy still frustrating two failed card not work htc evo lte htc evo transformer tf galaxy,1
super fast reading writing thing performs extreme condition writing multiple large file video photo time owned week extremely happy formatting super easy fast excellent card,2
insert use exactly easy use mention also fast purchased new nook hd tablet give lot storage space anything wish keep tablet picture music document ebooks anything else wish create copy tablet pleased performance price purchase insert use,2
fast decent price use phone job never problem class card plenty speed reading writing buy fast,2
bought wife samsung galaxy tab lot storage picture music good product reasonable price lot storage picture music,2
seems working fine bought gift family member using video recording using contour plus,2
say work formatted android already tho sure work w anything memory tablet,2
owned many sd card past probably best bang buck ever received card not super nitpicky data read write speed necessarily but card plenty fast samsung galaxy note ii pick one sale great card great value amazon,2
good hold lot song five star,2
plugged worked box samsung note verizon using app test speed note hitting mb writing avg high consistently mb reading seems like legit class think write test really worked greatest whatever reason winxp still but anyone else wondering exfat format card come want format fat computer read phone tablet etc likely read fine mb read write w ssng note,2
able capture p full hd blackberry z card able work great,2
micro card g still blow mind put card galaxy tab love give plenty storage music video movie photo etc speed awesome make uploading much enjoyable recommend unbelievable,2
use mine inside dash camera record continuously car driven no problem far sd adapter included nice good price microsd,2
gopro memory card easily capture hr video get battery last hr good card,2
got cell phone samsung galaxy work like one would expect appears quite fast sandisk ultra gb,2
like keep track daily deal check almost daily resulting spending but good deal pas upgrading cell phone soon knew would needing soon adaptor retail packaging jumped glad got daily deal,2
fast reliable well worth price work android tablet no problem setup no problem excellent product,2
slide right device zero instruction needed come reader add lot storage space reader device firmly snap place easy read screen instruction store device store sd card lot extra memory great ease use placement device,2
probably enough storage space handle people personnel information need forget hide gig tiny package,2
shop around surprised good deal combine something else get free shipping low cost winner technically speaking work great especially go pro camera benefit greatly enhanced storagecapacity put digital camera need worry running space bought second one much like recommend great price,2
bought wife android phone failed month figured luck draw mine failed month losing bunch photo video made sure back every week but even lost bunch photo month newborn clearly sandisk bad batch lot return policy horrible buying sandisk no matter cheap bought sale around january half price similar sd card sandisk clearly knew bad batch shame dumping customer no matter cheap would presumed would solved problem production buy risk sandisk sell product ridiculous failure rate edit: submitting review research site low star review sandisk clearly guilty selling defective product batch month ago said put super discount sale knew thumbing nose customer fell outside warrantee like knowingly sell customer something going fail unacceptable rate ignore failed little bit outside warrantee bad faith beg people considering buying product not thumb review warning failure company lose sale reconsider not screwing customer like personally bought several sandisk thumb drive compactflash card sandisk mp player thumb drive ok but buy another mp player buggy hell overall neutral favorable opinion not anymore think overreacting please skim page submitted springtime least one month failed review per page not one but two failure,0
thing oh yeah memory card say nothing else keep remembering thing even forget like last girlfriend thing oh yeah memory card,2
using nook hd customized android o use mostly music doc work expected no problem several sandisk microsd card but xc card performed expected pleased memory card well sandisk card great performs expected,2
say probably best could find fast furious dont get class taking risk dropped frame hd video besides pretty gb sandisk c,2
begin not knowledgeable tech matter received new galaxy note gift decided add storage read review sd card reading compatibility gb card exfat fat guess exfat successful diet concerned somewhat but ordered one anyway experience added music video onto card using apple macbook air no problem inserted note no problem immediately loaded everything no problem since taken added music working perfectly not reformat anything like great relief although used item week issue mean something could go wrong future would give star possible easy someone like know used phrase no problem multiple time but age thing go smoothly no problem good galaxy note,2
bought lenovo tablet alot site say wont work formatted fat worked flawlessly fast provides ton storage gb tablet bought tablet,2
work expected nice came holder not sure else say chip either work one never know use working work great,2
micro sd hc store file great really know enough kinda thing go detail fast transfering file but worked great copying video file computer placing thing led tv usb port watching file gb video file would play perfectly fine perhaps saying enough worth money great,2
product ok but card not acheive rated write speed mb sec application probably need hit mb sec but gopro hero need full bandwidth thus would bomb sometimes tested card got mb sec using larger block size complained sandisk allowed send replacement took almost week but replacement behaved way would say card ok application but need top end speed would go another card bought card may replaced august hopefully fixed problem decent card but not meet speed specification,0
pay attention application class card class unclassed may cheaper but may not give performance want pennywise poundfoolish purchased go one newer mk version tv streamer dongle take class price good value using sandisk xd sd regular micro year always found consistent high grade storage card recommend brand needed,2
bought couple use gopro hero camera since never bad luck sandisk product chose store precious photo video class device not store average video photo sound but fast enough handle shot per half second rate camera multi shot mode demand good product,2
losing picture video tune month samsung galaxy note stock android look like common problem try luck sandisk monday get replacement never buy sandisk product paid premium sandisk quality disappointed update:sandisk providing replacement sd card however data loss downtime cannot replaced sandisk lost premium rating eye going take get back defective month lost pic video,0
bought card high speed external memory asus c tablet play movie music etc card meet expectation pleasantly surprised discover absolutely no crapware preloaded no compatibility issue whatsoever flawless good price,2
not bench test see verify read white but happy still work,2
thing hardly go wrong last forever bigger better sandisk long standing reputation right price point preferably least per gb lower priices continue drop technology improves not much think really need space price hit sweet spot moment great thing micro sd card versatility stick camera stick phone review share tge speed card price capacity used problem no longer watch price gb card next level resistance order delivered time price right humming away reliably phone moment not like no brainer,2
purchased data sd asus transformer prime great job but eventually tablet started slowing anyway replaced samsung tablet use sd card but regular form storage great speed need indeed,2
work great gopro camera get day kayaking video photo price fair sandisk ultra gb class,2
great use contour roam camera work great lot room video transfer speed expected sweet storage,2
card work fine p gopro hero plus work great transend usb reader well work,2
came adapter described work perfectly use sdhc card gopro hero black able fill yet work perfect,2
great capacity purchased first purchased phone samsung galaxy no issue great write speed excellent way store music video photo great take video well enough capacity anything need phone go wrong sandisk name either industry leader well known quality course always want backup data continuity purpose but never issue card awesome card,2
bought canon dslr work great no delay photograph shot also no visible lag effect video purchase good price work great,2
gps plenty space update map work know using gps,2
done formal benchmark but device seems pretty slow seen real performance boost v old card even bulk file copy another gb samsung card may knockoff performs noticeably better card using anyway really time return anything seems pretty slow,0
nice card hold gb store data microsdhc card nice card,2
samsung galaxy seemed take right away snapped place without issue began working without formatting question fit tight work instantly,2
work great good transfer speed capacity claimed con think small second one buying lost first one playing phone bed could not find ever probably stuck sheet bed frame tried but seem locate anymore discovered saved cure cancer card cannot remember sorry used samsung galaxy,2
boost mp player size thanks music video not go wrong memory always good,2
lot space galaxy getting full got ton space movie music picture video kindle get point lot space lot space,2
impress value quality used sandisk ultra gb microsdxc class asus tf work great sandisk ultra gb microsdxc class uhs memory card mb,2
class speed work great camera take video finally price decent sized card coming well pleased work great camera,2
got samsung galaxy sale fairly new internal card reader able write tried different usb adapter work either installed phone able copy file via usb slow but worked great phone not bad,2
work advertised wish company made good product still plenty storage available run quick safely great memory,2
purchased gb sd card one nokia lumia another surface pro device took card without issue read write speed sure better option but gb micro sd card available right sandisk amazing job product currently long not sure great deal considering lot good sd card range still no issue either card unmounting put transfer file good gb card work quite newer device great value,2
card job lot room storing photo music video good item work great phone,2
realistically probably could gotten away gb card but like anything better not need need not popped moblie phone put music plus enough room photo video etc no hiccup error yet hold ton stuff excellent mobile phone,2
nothing use device ordered mistake sure great product but not rember ordering,0
bought gopro hero work advertised no issue since bought learned watch sale tend get deeply discounted local retailer every work,2
could not get brand memory card work roku would not format correctly return another brand worked ok would not work roku,0
shopped several place good deal quality memory card found amazon quality great price,2
use sdhc many camera work well good buy,2
far good seems stable used logitech alert camera replace gb supplied camera extends recording much longer history month v day scandisk quality excellent result past one appears quality,2
great price work perfectly hero no need pay store high price type item amazon way go perfect micro card,2
bought grandson use gopro camera say work great happy good quite knowledgeable critical thing technical say good good price amazon good free prime shipping work great,2
far good no problem using nook hd even though class includes playing downloaded video work nook hd,2
put baby galaxy note ii formatted ran sd card app test seems work well max memory work well note ii,2
great microsd card phone upgrade additional gig space beauty huge microsd phone store music picture stuff swap new phone replacement happens not transfer anything manually essential mobile phone but also great small mp player,2
expected test real speed but price size adaptor microsd sd card ok good,2
samsung note love able record video taking picture without worrying not enough room awesome g love,2
purchased micro sd card add storage acer tablet unfortunately tablet not recognize device uninstalling card several time decided use samsung phone work fine going buy product tablet recommend research make sure compatible acer iconia not recognize sd card,1
excellent sd card good value no issue mine wife definitely recommend sd card excellent sd card price,2
got cards: one samsung galaxy no problem far one asus tablet no problem far plenty space fast format without glitch keep buying product needed better come market good card,2
using sandisk ultra gb microsdhc c uhs memory card adapter samsung tab performs well sandisk ultra gb microsdhc c uhs memory card adapter,2
used two month samsung galaxy fizzled failed never experienced memory card flash drive failure sandisk ultra gb purchase different brand next time return refund replacement not allowed failed two month purchase,0
music lover like carry entire music collection around everywhere go said take lot space enough fill gb memory card lot file flac format little hesitant buy gb card came recently gb card first batch pretty much defective resulted recall learning recall looking issue return card bought sandisk took gb card back without hesitation actually prepared without serial number since open phone time case screwed note everyone:quite application fully support ntfs newer file system format exfat use sd card without issue format fat possible even though gb use fat format tool made ridgecrop consultant gui graphical user interface version available unfamiliar using command line receiving new card formatted fat since use lot application norm easier use older file system compatible everything made transfer file swapping card seamless computer micro sd card reader recognized without trouble well phone far everything good no hiccup even google play crashing less trying browse music collection upgraded gb gb without hassle,2
need lot room memory card think plenty card san disk always hs great product lot gb,2
bought note but still waiting verizon ship meanwhile work great note great price,2
keep growing thing grow capacity speed device however stand others microsd card used experienced incredible noticeable difference speed thesandisk gb microsdhc memory card bulk package used phone last two year besides doubling capacity gb enjoying benefit speed thing brings add phone price really right imagine thesandisk extreme gb microsdxc class uhs memory card adapter sdsdqx g u like not yet willing pay price find price right capacity speed right,2
work great smart phone give u lot memory come adapter require ability put directly computer normal sd slot fast reliable,2
nice large card similar pricing two smaller memory card let plenty room movie tv show tablet needed,2
picked memory card great price gold box deal reputable name fast card however several month trying get phone work card formatted partitioned mounted card unmounted card no avail realized memory card not compatible samsung sgh galaxy g no need get frustrated try sandisk ultra gb class card phone replaced card plain sandisk gb class card phone immediately recognized formatted mounted samsung phone ymmv great product work model phone,1
use gps unit older model work great no complaint use gb phone enough room picture music etc sandisk ultra gb microsdhc c uhs memory card adapter,2
using phone several month still work great seems fast however not done real test work like,2
bought use expanded storage asus transformer book but unstable return although tablet would see card first inserted would error trying copy file onto window would indicate needed formatting tried quick format everything seemed ok but instability would return soon tried copy data card tried full format always failed gave two start seemed work using supplied sd adapter window laptop able full format but put back tablet problem continued tablet compatible sdxc card tried different micro sd card tablet worked fine assume problem card not work,0
good card good price but bought specifically gopro camera even though class not fast enough record higher quality setting guess not class even among exact card need buy extreme version gopro not good enough gopro camera,2
purchased expand internal memory smart phone specifically galaxy performs absolutely flawlessly reservation micrsd no need format since come pre formatted desire format within phone setting no issue please turn phone remove battery installation lol simply outstanding microsd,2
fast reliable micro sd happy huge storage capacity price make happy fast reliable,2
hope never price point past experience usually memory card go first never let yet never problem sandisk memory,2
trouble cell phone motorola triumph music player not reliable since loaded song not sure card phone not consistent problem need try device hmmmmm maybe maybe not,1
needed extra storage galaxy note work perfectly tablet time yet fill copying file want fast reliable would suggest anyone needing extra space great microsdxc,2
work great surface rt tablet transfer fast great price size speed fast reliable,2
soon card arrived tested clip recorded full hd video x p x fps canon card performed flawlessly purchased expand surface pro available memory pleased play full hd video,2
use trailcam work great take old camera wood flip pic delete great,2
work exactly others listed time price thank offering price price,2
sandisk cant go wrong use gopro dont skip beat write data fast awesome,2
love sandisk never problem still not popped samsung galaxy relay g running android phone detected without problem write speed expected get job done would recommend different card plan go gb buy samsung uhs sdxc writes much higher speed less lag would buy cheap price fifty elsewhere sincerely isklcndykid word advertised,2
bought october th passed away december rd rip really even use built storage g gb music movie but unexpectedly bored without zunehd next brand guess fast lasted,0
bought use samsung hmx w work well good transfer speed come normal size sd card transfer needed small,2
purchased memory card use samsung galaxy worked right box issue transfer speed excellent would highly recommend gb version anyone looking increase storage capacity mobile phone fast reliable storage,2
no complaint card much faster came android device course capacity nice not experienced issue indicating defect good value fast microsd,2
bought go along new purchased say pleasantly surprised much gb get phone pushed apps sd card given plenty free room phone major detraction placed especially notice since moving apps card load time feature may take extra second really get going may lead towards going powerful sd card future though assured work current need good value memory could faster,2
fast transfer speed got great price used gopro hero many hour recording issue speed great longevity looking good far,2
fit camera perfectly get hour video highest resolution love easy use capacity perfect need bought gopro hero hd white edition,2
hold lot memory slide right car cam no problem easy get well get u need one,2
recently bought new phone lower storage amount supplement external sd card far issue phone recognizing playing file card cheaper anything comparable would found store work inexpensive exactly needed,2
use dash cam worked perfectly month hot sun freezing cold job well,2
use tablet adapter usb flash drive pc far stored movie audio book pdf etc happy looking soon work great,2
fast card sg sandisk always make quality card always get read write speed least mb mb card see uploaded pic card given problem reliable fast great price great gb card,2
bought note put data go access data data feel faster note internal storage currently good piece tech update review anything new develops stuck inside note store bunch data,2
work great verizon samsung galaxy thing found work trying transfer file using usb microsd card reader used usb reader copied file but phone show write card put microsdxc card phone copy file slow way using usb cable card run hot copying file would normal assume class best bang buck imo would buy another one needed great memory card galaxy,2
yes five star,2
ayyy say work used delay phone recognizing data but may phone problem got black friday knock five star work droid,2
buy ultra cheap substitute misstate capacity know sandisk going get paid sure enough use phone primarily hold music transfer speed acceptable no problem file integrity go name get pay,2
work great motorola atrix g consistently reliable never problem definitely purchase sandisk future keep great work fast reliable r w,2
always purchase sandisk memory card never issue continue buy sandisk product future good quality,2
sandisk ultra gb storage device find many feature get excited said advertised mb transfer speed but misleading read mb however packaging say writes slower rate used phone much music stock gb microsd came phone gb data wanted transfer back new microsd card took minute strict transfer internal hard drive external would faster but not connection lost star transfer took long but reality expect transferring gb data anytime soon problem minimal work great not issue formatting reading supposed,2
picked slam phone work greatif thinking order gig largest card support work fine,2
not appear work samsung galaxy worked week phone started giving unexpected unmounted sd card error message bit searching people seem agree sandisk micro sd card not work together great micro sd not galaxy,0
put new tablet went long road trip able watch movie hour bus ride used everyday,2
card would not show gb spent card reader support sdxc transferring class speed managed get formatted fat gb free cowon j but taking hour transfer gb got refund not service quality paid hope music list pmp turn tomorrow microsdxc slot aft pro u connected syba via vl usb card feel free tell wrong get class speed update: transfer finished but data not show cowon j early version worked gone not buy device not sdxc specific changed something compatibility issue slow write speed,0
purchased card parent asus transformer tablet christmas gift installed no issue love made mistake buying no name sd card tablet motorola xoom previously return tablet recognize sandisk brand excellent quality guess go show get pay amazon price good never buy cheap memory card great sd card,2
l went largest capacity camera could handled skimp memory really get pay come memory memory card not created equal trust sandisk willing pay little bit sd card not created equal,2
bought son tablet work fine sandisk always leader flash memory card always well worth money fast card,2
fast reliable good brand name customer service top line product one thing note high end device need class class yield result keep mind class :,2
seems fast use galaxy note medium storage seems move file well usb stick work well,2
ever since sandisk ultra gb micro sdxc card arrived life pure bliss not finally able carry vast amount music movie tv show samsung galaxy note but car get mpg landlord lowered rent got promotion work cat no longer shed furniture changed life,2
not going go rant apple but sure glad phone allow tiny slot quadruple memory drop dragged ton music sd card android find automatically add list music spend extra memory apple not let use,2
description amazon page call class card uhs performance technically correct full hd p recording would expect performance sequential write speed actually even hit class speed unless round mb card report speed kingston gb sdhc class writes mb keep mind sandisk beat card random read writes maybe design faster random read writes cause sequential writes run slower expected test san disk followed kingston crystaldiskmark c hiyohiyocrystal dew world : sandisk ultra gb class micro sdhc uhs speed mb byte sata byte sequential read : mb ssequential write : mb srandom read kb : mb srandom write kb : mb srandom read kb qd : mb iop random write kb qd : mb iop random read kb qd : mb iop random write kb qd : mb iop test : mb f: gb x date : : : o : window home premium edition sp build x crystaldiskmark x c hiyohiyocrystal dew world : kingston gb sdhc class mb byte sata byte sequential read : mb ssequential write : mb srandom read kb : mb srandom write kb : mb srandom read kb qd : mb iop random write kb qd : mb iop random read kb qd : mb iop random write kb qd : mb iop test : mb f: mb x date : : : o : window home premium edition sp build x performance advertised barely test included,2
experienced issue card yet got good price happy last micro sd card failed month use lost everything nothing recoverable one though seems work perfectly designed issue yet five star expect failed micro sd card lot storage want,2
bought gb micro sd galaxy gb smart phone not increase size memory greatly speed noticeably better gb unit came old droid x smartphone put thousand song many picture moved many apps storage unit still many gig left main phone memory memory card not purchase smartphone offer sd expansion look forward next step gb higher best speed largest size galaxy,2
great little card fast thing hate microsd dang small slot spring loaded lost couple shooting across room fast,2
use phone card combination eye fi mobi card back photo field lot picture phone,2
microsd card made great upgrade galaxy storage capacity card performs efficient read writes giving phone kind data storage never thought anyone looking enough storage space phone tablet large amount picture video apps even document file may exactly looking excellent performance great storage capacity,2
fr great need not table bad cost much but say merry card,2
bought samsung galaxy note work perfectly no strange behavior great speed sandisk name back happy purchase highly recommend work great gn,2
card month far good got new phone card no longer needed using camera work great older cannon elph mp get pic wiith card read writes speed great phone camera great card,2
initially bought tablet ended using nikon camera storage complain sandisk always high quality dependable storage solution electronics buy sandisk,2
added samsung gb phone work great store music travel nevery listen thing signal trip work samsung,2
work fast supposed store picture fast click work,2
use asus android tablet no problem using transfer data tablet pc no trouble storage error either no problem asus tablet,2
exactly supposed cannot think complaint small careful glad put red make easier find drop excellent,2
note pro note pro say gb available mysterious gb black hole strike note pro note pro say,2
great fast storage work great galaxy storage card always rely sandisk product pay little sometimes but worth sdxc gb,2
using surface pro work great love amazon work great love amazon,2
soooooo fast give alot space love free app come control data device sd card pop go setting reccomend everyone use samsung tablet inch,2
work great issue card like using adapter but pinch also used canon h camera video photo no issue fast read write speed quite reliable far bought gopro,2
year worked flawlessly use add capacity macbook air given storage space great product work,2
bought memory card day received samsung galaxy arrived two day via prime plugged formatted offer gb usable space card class read super fast writes great uhs sadly mostly supported dslrs smartphones device take advantage super super speed but nonetheless card fast card lot storage affordable transfer read fast recommend people carry lot medium music video bought galaxy,2
got gopro hero far working great gopro really eat flash memory bought gb model suggest unless going particularly long scuba dive adventure get gb gb card spread risk one card failure causing loss video no problem,2
micro sd card work great even formatted fat use car tv headunit no issue plus bought great deal recommend setting alert www camel camel camel com get best price great card keep eye price,2
card work great use gopro hero exclusively no issue yellowstone trip described great capacity,2
wanted increase capacity tablet lenovo k sure full capacity call paranoid checked computer moved file one speed demon speedster,2
use card galaxy note pleased performance noticeably faster class card replaced use storing watching movie play back no observable buffering time also fast writing photo video shoot using camera tablet cost among lowest card storage size speed class fast r w access low cost,2
honestly care anymore thing work intended suppose fast get fast guess,2
really know rate chip except say work obviously slower usb flash drive but working well asus use d: drive data script seems good,2
used new smart phone seems working well far three month clock time tell durability good c microsdhc,2
memory use device never one fail whether microsdhc compact flash sd flash drive etc great company sandisk,2
got card surface rt btw worst tablet ever no problem get recognized soon put no problem yet surface rt,2
using no name micro sd card phone made c but gb class really cheap actually give problem would buy another one heartbeat anyways son wanted game psp psp actually used gb card adapter market new card got card trust sandisk brand gb price cheaper plugged phone not problem tell anything specifically positive but okay book considering mean anything negative say either no news good news sometimes everything smooth no issue would buy card recommend anybody need one buy larger size time eventually come great sd card,2
bought expand memory htc evo g lte phone work great adapter nice touch work intended,2
purchased use samsung tab well note msd card came possible formatting : ntfs fat exfat default exfat seemed comment saying certain device might not able read exfat smart alec decided format ntfs assuming android device work tab not able read ntfs reformat back fat order get work subsequently tried using usb sd card reader look like tiny usb drive realised apparently sd card formatting new simply not register gb but read gb not tried note yet but work seeing technology pretty par good purchase though limitation,2
ultra sandisk memory card work perfectly photo work high pixel count camera cycle extremely quickly top quality work,2
glad purchased item use samsung galaxy im able record video hd store almost anything wanna cell phone etc love quality size,2
also fast not much say bought two would buy would recommend u great card,2
bought formatted fat use device say allow gb card must find program format card gb fat window not format anything gb higher fat try site program in: use device say gb support,2
recently purchased samsug galaxy tablet sandisk gb memory card excellent addition already powerful tablet pc worked great,2
use go pro hero black edition work great get buy definitely worth super awesome,2
no comment bought friend no comment bought friend no comment bought friend no comment bought friend,2
work awesome galaxy fast could much storage music picture copy music record time love price product bought galaxy,2
bought wife samsung galaxy siii wanted something reliable store music video photo recommend family friend trusted brand,2
using canon no camplains really fast access adapter not level even though bad connection use previous adapter already far good,2
use sandisk sdhc card nikon camera using one sansa zip clip mp player happy cons: none think ofpros: fast memory small form factor excessively inexpensive gb sandisk way go,2
perfect gopro maxed yet not sure much video hold but using issue getting full fast perfect gopro,2
great little card no problem done benchmarking but everyday use quick flawless fast smooth,2
quick easy insert sd slot give gb external storage like work fine samsung galaxy player,2
great card great price hard believe something small could hold much data got use new macbook pro reduced profile adaptor adaptor fit well but work great raspberry pi card use normal one great price,2
no issue card phone boot much faster old gb class card really fast,2
id say product steal able expand storage size tablet add hd movie got black friday,2
used sony using almost month yet encounter problem work describe,2
put tablet store picture video alot better class using becuse already junk drawer best,2
super micro sd card required sony action cam bought use phantom quad copter super small therefore easy misplace like cf card use camera hold better like sandisk product use simple but good card,2
price right shipping quick class card hd video gopro hard rate since memory card pretty much memory card nothing jump excellent memory card,2
gotten four nikon little bit issue adapter card spec sticking nikon camera sd slot one card reader sure enough sanded one carefully fit perfectly performance wise thing scream regular class class card perform nearly excellent cant complain wish faster but not getting per card adapter suck card price point rock,2
memory right price worked right start think good deal good memory work fine note good stuff,2
awesome much space work phone could ask come extremely handy thank sandisk great,2
bought samsung g working quite well several month without issue not know performs v advertised but purpose care much seems load quickly phone well saving file working well,2
super fast lot storage fit month worth music app ebook room go sandisk ultra gb microsdxc class uhs memory card adapter,2
sandisk not disappoint exactly described arrived time plenty storage photo music playlist still leaf room movie well exactly needed,2
old class kingston card phone thing dragged transferring music photo finally decided enough class went looking reliable class card sandisk trick music photo transfer fly like wind move flac album second droid razr maxx no interruption like class card fast easy use,2
bought card addition gb galaxy note well gb use music scad left apps movie may never need much space but like want much space usb transfer speed adequate wait gb smartphone power,2
memory proved quick reliable using second drive win tablet but might swap camera transfer speed would appreciated often fast reliable,2
stil not getting write speed need but considering cost capacity speed good card good card,2
bought two separately one frustration free package one apparently frustrating package came similar package stuffed large yellow envelope really see difference frustration free frustrating one frustrating one required scissors no real attempt making greener package really attempted could tell nor matter since put giant envelope anyway one sent usps parcelpool bad experience parcelpool many people apparently but guess amazon gave earful actually arrived time time tracking parcelpool still huge joke though actual product: microsd card exactly supposed no problem work,2
memory card best world memory card completely corresponds description happy smartphone happy tablet happy amazon thanks best,2
month sdcard phone transfer average gb data device per week sdcard holding fine tend crap cause problem yet good cheap work,2
real deal fake not one shipped directly sandisk corporation purchasing amazon seller different never know may receive seller not always aware fake contact sandisk provide serial code number card send pic may authenticate nice not change checked partition correct also confirmed card ir read lg optimus g pro network ship sold amazon com gb sandisk,2
sandisk premier brand flash memory card came good price speed fast enough work inside p dashcam running consistently week good brand speed advertised reliable far no complaint sandisk work,2
no issue till date happy grt fast,2
plugged new surface pro work great no issue hassle good price low cost adding additional storage great new microsoft surface pro,2
great little card allow p recording note phone frustration free packaging genius make sure device support high capacity card ordering nice card,2
got expand storage microsoft surface work great quickly transfer data pop put desktop phone definitely recommend need big storage mobile device excellent microflash card,2
bought expand capacity galaxy another expand capacity galaxy used one g year one g month worked without problem fully recognized device g rooted couple month ago running liquidsmooth still no issue good card highly recommend sandisk work great samsung galaxy,2
work not issue far also able purchase much less wal mart advertised,2
purchased gb samsung sd card expand memory phone however frequently get message card removed recovering sometimes problem clear time reboot phone also say mtp application restart prepare sd card start listing restarting recovering sd card eventually replaced sandisk gb microsd hd card walmart operating fine reading lot people issue gb sandisk card galaxy wish done research wasting thought good buy not work samsung galaxy,0
work expected product added gb memory samsung galaxy love add much memory device yes way go,2
love micro sd card but love fact able buy great price exactly needed,2
thing use product andiod must format window machine seem supot fat winwods machine open file but format program win format ntfs exfat limting andriod us fat sd memory card,2
perfect card samsung galaxy fast no delay picture video writing think may get second keep hand quick read write speed,2
gb micro sd chip size memory amount desire memory card never failed error star cheapest could get time advertised,2
fast little memory card affordable good quality quadrupling storage space device never seem enough speedy card,2
used new transfer speed good still performing well almost year disappointed sandisk product yet work great,2
used upgraded card razr maxx hd nothing but pleased even come close filling entire card got mostly keep entire music library phone gig music class card see lag pulling file great card price great buy,2
overall great purchase reasonable price bought unit working well various device great performance great price,2
card one fastest sd card market work great samsung galaxy note ii no issue installation device recognition highly recommended great microsd card samsung galaxy note ii,2
bought dell venue pro gb would boost memory gb super easy use great shipping got quickly great price great product,2
got samsung galaxy note recognized immediately seems work fast pic video taken no complaint price thing fluctuates quite lot would recommend use price tracker camel camel camel purchasing least pay attention price couple day purchase price dropped fifteen dollar shipped amazon awesome customer service refunded difference without trouble thanks great product price fluctuation,2
installed galaxy no issue put formatted started taking photo everything work fast expected work expected,2
expecting better faster efficient product not disappointed replaced standard type gb card work remarkably better pleased purchase work advertised,2
purchased new asus tablet tf always sandisk reliable never one fail yr pleased pleased work great tablet,2
usual sandisk best manufacturer usb micro sd card using one gopro hero black edition work really good also compared spec micro sd brand saw one best among micro sd card best quality micro sd,2
using sony tsx camera no problem quality speed function far work great much cheaper best buy no issue,2
well sister got new phone want use old memory card could tell product represented best combination speed price plus familiar sandisk brand working perfectly u month expect change thought product good value,2
perfect get gb get bigger version still perfect,2
put galaxy note ii put bunch music pdfs also used save video photo worked well month christmas day today said error reading card card blank phone no longer recognizes card even putting adapter sticking sdhc reader laptop work sandisk quality not impressed going deal warranty replacement but rather refund get another card might fail month worked fine month died,0
sandisk first memory card came across year ago think hold well competition inexpensive job huge kingston fan but price card hard pas currently phone photo video storage far no complaint memory card,2
far best microsd card ever used precise fast secure ask whether photo music even movie recorded played transferred data flawlessly highly recommend get better,2
not buy card failed third usage kicker not favoris month return card full refund pro rated rated deal send back amamzon inlexington ky failed card gopro white edition needless say camera thatwas purchased summer outdoor usage november going sit quite awhile time get money back card sat winter failedtowards end april month lag get decent even pro rated refund item bought amazon bad experience gig crammed tiny micro sd card much stick thesmaller gig technology meant last refund update amazon right thing anbd refunded full purchase pricefor dead gig amazon shop reason live mile frombig box store always make thing right no mus no fuss replaced dead card amazon brand micro gig sd micro card purchased amazon branded sd card work good not mention cost saving dead card,0
far not problem card movie great beautiful color clear bright picture great memory card,2
great price needed would recomend product think scan disk product good great,2
slipped smartphone lot space photo movie go great price perfect smartphones,2
no problem encountered seems perfectly compatable even tell using something card phone internal memory note gb requires hc card gb requires xc version happy purchase far working like champ samsung galaxy smartphone,2
perfect addition microsoft surface purchase daughter quick worked well far sandisk reputable brand nice great price,2
looking good memory card fast work flaw less samsung tab great great great,2
work perfectly new phone great price delivered time good shape never trouble sandisk recommend anyone super product,2
good product no problem installed samsung galexy iii work well even super hd video good product price,2
time one best get even uhs better older slower chip form factor handy product take micro sd great micro sd chip storage cost speed,2
supposed pretty fast sandisk great company come flash memory great product,2
micro sd card solid great performance really fast reading sd card would say time faster previous card past placed card phone turned could see difference every application cell phone sd card work really flawlessly great product solid performance sandisk gb powerhouse,2
sandisk far away best memory card ever used brand never fails future kind eternal powerfull fast,2
get randomly error message nokia disk error card stop working sad bought cheap gb micro sd class work better : seems mine defective,0
job no complaint far no problem far,2
buy couple since plan using store dive recording hero pro adapter great,2
work perfect samsung galaxy memory fast get unmount problem mentioned previous review model number gt version work great galaxy,2
big fast prefer side wont run space speed need anyways highly recommend nice fast,2
fine memory work well smartphone fast communication pic video good purchase product arrived time perfect,2
wish could say card great waiting around year half whilst using gb one also sandisk never gave issue sadly lost card confused heck used first recognize tried gf problem apparently come formatted exfat thought maybe reformatting fat would solve problem well thought since phone finally recognized upon inserting new problem arose though started taking picture try odd thing picture became corrupted not even viewable phone second taking worked others not later restarted phone reason later wanted check picture surprise surprise everything gone find later every time restarted phone everything card deleted tried gf phone thing happened tried reformatting fat using gparted hurt throw error upon starting write sequence bad return shipped guatemala toilet buy new one but think go new samsung evo one although offer gb model writing bummer got lemon,0
got card sony action cam best memory card work fast process eveything fast recomend best memory card,2
use galaxy sony action cam work perfectly never issue find action cam pretty solid sorage ammount must device,2
may internal sd slot mac book air not fast perhaps disappointed achieve mb write read speed make remember speed year ago may computer fault but not happy good amount storage but pretty slow view,1
happy micro sd using galaxy note truth fast copy file quickly fast excellent quality,2
nice product memory work perfectly exactly waiting recommend great memory,2
mentioned fast efficient several month use laptop inch galaxy tab displayed exceptional speed no loss data highly recommend card use computing device tablet fast efficient,2
fast amazon prime day shipping rocking inside samsung galaxy plug play fun space need speed want fast fast,2
no problem card ever bought new tablet plugged started move file second plug play,2
favorite memory card brand mani device also reliable keep iacute ng data safe good,2
fast great storage used sd card new samsung galaxy work like dream well formatted fast would recommend product anyone need high gb sd card added sd adapter nice plus come handy pc transfer great micro sd card,2
ability something small hold much information somewhat overwhelming but true use one dod dashcam work great highly recommend gig,2
fast transfer speed feel like good build quality great price would recommend love,2
got samsung galaxy tab plugged work work fine,2
far fine no problem installed phone read gb instead gb thats reason giving star anyone give answer read instead please let know sandisk ultra review,2
quick no problem ever great storage platform work great lenovo tablet samsung phone would recommend anyone nice,2
bought tablet work well working month no complaint advertised,2
bought bunch many many hour use hi re video camera every one fast flawless plus get one like might want way keep track notice small blank area red right sandisk name write number fine tip marker try one solid black chip fast flawless demanding condition,2
wonderful card performs fast efficient use samsung galaxie no problem love hjgh caparcity offer reliability sandisk good card galaxie phone phone component mine work great,2
cannot say sd card phone but google sez phone put mp card galaxy result jumble corrupted file yep got fairness sandisk gave card star suggestion get gb card instead samsung galaxy scrambled file,2
previously purchased two adata microsd card one never worked one failed second boot far no problem tht sansdisk chip finally one work,2
advertisement call card class card however not able get class speed card sd card seem much faster read write microsd card get mb write speed copying file sd card phone usb cable get transfer rate adapter small memory card seem limited write speed also card heat transferring long period time continuously but not bad warm read speed seem cap mb but see mb small file one thing note may design particular card but card super fast transferring small file but slow big file see slower write speed longer write larger file whereas smaller file zip along one time mb getting mb writing gb movie file card excellent card beyond worth money get love evo g lte previous phone evo g reason gave star not perform advertised mb however thinking getting memory card android phone want pay big buck card stop reading buy glad nice price read real world review,2
excellent product no complaint issue card perfect size camera nd,2
micro adapter package buy one package get item needed smartphone digicam replaced gig micro phone gig one reformatted gig micro used adapter camera uploaded photo laptop using adapter would given star but adapter stopped working month truthfully though know product defective handled much incorrectly feel star fair great idea,2
purchase gopro hero absolutely perfect fair price might purchase another one product described,2
purchased phone easy install format phone arrived time packaging appropriate sandisk ultra gb microsdhc class uhs memory card adapter,2
no issue far sandisk good brand hopefully last durable see recommended no problem,2
bought camera p video recording option everything work fine card adapter worked fine expected,2
purchasing three one two gift others read review said sometimes quit difficult impossible recover data using card week but failed yet phone almost month phone started chirping every second telling either mounting unmounting card sandisk ultra gb microsdhc class uhs memory card apparently decided fail thank goodness info one small app need access week not real critical thanks amazon day return policy though probably eat cost one unfortunately read bad review product already purchased mine but wife failed yet advice stay clear product maybe sandisk general okay,2
realize small memory old phone mobile touch g slide mean thing slow not accepting downloading stuff anymore figured later memory might small sure looked sandisk memory card amazon ordered one surprised much cheaper seen store installed phone worked like champ still use phone different downloads much memory updated memory phone,2
upon inserting hc gb card motorola doid x galaxy music would play chopped sometimes file would not work card not cleared problem but allows put whole music collection phone no complaint far job much improved performance galaxy phone,2
use card igo gps gps came couple gb onboard but quickly used wince gps software since device also play mp wanted space read meager documentation came device see could handle gb card pretty sure would handle gb card but one never know ever changing specification unfortunately documentation device meager written pidgin english ok buy give try worst swap gb card different device hopefully handle gb card well make long story short late eh gb card work fine put bunch mp card put device sure enough recognizes play pretty much done deal price ease use name brand recommend little card little card hold lot stuff,2
stay away no name brand flash memory get quality sandisk owned dozen usb flash drive compactflash sd microsd card year work particular model gb microsd galaxy note pro tablet gb microsd galaxy note smartphone popped em device recognized no problem drag drop copy paste file internal storage card without issue fly plugged computer always recommend sandisk anyone looking expand storage capacity work,2
reach read speed mb write speed mb optimal situation speed everything fine like say color quite good thing microsd could small put away second easily disappear bright read light grey color much easier find not blend common background also quality look good not like microsd card unibody design cannot tell appearance circuit sd card adapter come quite good quality summery good design good quality not satisfying speed judgement call say worth not but totally go never reach said speed,2
tried card going back compact flash card ruled every single time wind coming back sandisk certify card certain speed unless sustain speed every single sandisk product ever owned lasted lasted lasted quit using sandisk product make sense keep using mb mb thumbdrives flash card still work really slowly but still work fine but heck use but time ever sandisk fail could trace failure back something fault sandisk product soooo buy sandisk always get money worth work like charm every time,2
using security camera mounted outside job recording picture video first one failed issue but second one seems working well effective storage,2
purchased grandson tablet actually purchased love game wanted sure plenty space save everything wanted must working heard no complaint gift grandson,2
excellent quality item must hi def photo video,2
bought upgrade gb android phone not need extra space but nice handy accommodate picture video take phone among thing without worry running space packaging good arrived time amazon prime something worry good,2
work great added memory lg phone sandisk brand trust worthy recommend highly work great phone,2
marvelous fixed camera automatically recognized great storage camera use great,2
memory card work nook canon camera chose disk hold lot picture shipped earlier expected good product,2
great card lot storage money hesitate buying steal amount storage get great money,2
good card high quality material nice design new model product brand name famous n reliable recommended good price great item,2
use phone watch hq video run apps unlike lower class non hc card one never stutter constant solid performance,2
month would not read used sort card reader computer internals went completely dead strange product company but guess happens may not happen but since high capacity would mean susceptible becoming corrupted would not buy maybe gb going great,1
complain speed much put little guy super mini microsd reader stick truck stereo mp storage use usb memory card reader populate card music truck stereo seems happy mine get mbps writes mbps read,2
use note supposed extends storage capacity great phone great deal,2
purchased add memory new android tablet san disk good reputation never one fail purchased ultra speed purchased good price would recommend item anyone need sd micro memory san disk always good choice,2
no complains awesome card great performance no degradation speed far well no bad sector perform exactly,2
not utilized card much hoped would cannot comment much speed but tablet asus transformer infinity certainly plenty space nice large size,2
far favorite microsd card fast far no problem,2
ran several test computer phone wrote mb read depeneding mood bought replace generic gb class card lost dang small droped could not find card actual wrote mb read mb went sandisk phone came class performs like class waste time refunded item call class run class,0
product shipped fast actually came day early read people problem card got first thing format also make sure device compatible sdhc card no problem fast read write speed little gb actually available storage pleased no problem,2
lasted month daily use android phone but yesterday stopped performing writes failed altogether working read incredibly fast writes pretty good well great card month,1
yeah ultra hot could not get device recognize card finally using usd reader tried format format burned finger removed others also posted maybe not bad but many perhaps counterfeit know but hassle return worth may save please read first gb micro sd card ultra,0
thought gb would work gb asus pad but work great wanted space made easier put vids way pic work well asus pad,2
looking expanding memory galaxy note bought one class micro sd card good enough speed smart phone best way upgrade memory phone excellent choice expanding phone memory,2
needed video capacity canon camera sandisk gb micro card included adapter exactly right tool job several sandisk memory card past never glitch kind highly recommended upgrade camera video capacity,2
got use mother digital camcorder offered good value adapter insures card used anywhere mom happy extra capacity card provided film niece nephew excellent value,2
micro sd card extremely fast writing read file fast even slow usb interface mechanically card tight adapter need screw driver get back adapter tried another two adapter result tight fit user plan use normal size sd card excellent card one plan switch phone micro sd card camera normal size sd card tight fit might problem vender service excellent shipment faster expected would buy even tight fit excellent value fast card camera shoot burst mode without slowing write card fast memory card,2
received promised inserted table acknowledged guess work expected also sandisk ultra gb microsdhc c uhs memory card adapter sdsdqu g affp,2
put tablet far nothing complain see long one last nothing complain,2
sandisk make great memory chip decent price recommend no name brand error frequency good product,2
work great far but gopro filled card pretty quick recording p got gb week later work great,2
replace g msd card not aware card speed issue result started loosing video pic card became corrupted little research found card write speed issue not make sense but replaced card yes work not lost pic vid since great,2
love gb micro sd card put samsung galaxy note phone returned day trip used camera video recorder kept hd quality whole time no problem reason not give star rating actually gb space instead norm please excuse ignorance satisfied,2
never problem sandisk memory product use ultra compact flash camera one cut cloth great product no problem continue demand sandisk great product no problem,2
review sandisk card work store picture item phone zero problem sandisk work,2
card use galaxy read write speed good card come ready use box great memory,2
use galaxy tab great not issue super,2
ordered several much cheaper best buy use gopro work great prefer several gb gb case get corrupted losing much data no problem,2
great memory card got one amazon daily deal terrific price getting ready upgrade cell phone want larger capacity memory card ready go needed sandisk ultra gb micro sdhc card,2
work fine virgin mobile htc evo v phone recognize first but formatting good fine,2
gb top gb samsung memory card adapter included fit exactly phone price lower buying another phone store samsung,2
got upgrade surface pro storage work nicely store bunch mp game steam work well game run fine boot pretty quick one issue installing game sometimes card would vanish drive pop get go however feel like could software related nothing like happened playing game best idea install game surface move file manually card tell steam uninstall game erase list hit install point folder card spot file download thing bam work card rely multitasking thing not meant playing music card not install game time fast thing not many work nicely,2
card working great quite several device one bough suddenly died went sandisk website chat support tech tried quick troubleshooting five minute asked info rma process quick easy like said one suddenly died no idea luckily anything important time one ever fail like said rma process breeze really like card customer service great reference run card samsung galaxy sii hercules gb motorola droid sholes gb motorola droid solana gb samsung galaxy note gt n gb note one failed also gopro but run golden sandisk card but twice price continue buy card regardless isolated incident card dy suddenly rmad no question asked,2
mean obvious lie whole gb thing get maybe lucky seems work ok far far good,2
take lot pic phone samsung help free space phone not issue far work great,2
exactly neededtook old gb card samsung galaxy put digital recorder bought new gb card phone advertised fast stable try transfer many apps external medium phone free memory phone not one problem yet highly recommended nice relatively inexpensive expansion card,2
always come straight amazon memory card need sandisk one reliable name category lot usable memory minimum cost outlay no downside product max storage compatible device great price amazon memory,2
best class microsd card compared card performs card came sd microsd card converter nice plus card come pre formatted work android device window device get much easier great card fast shipping no complaint fastest microsd,2
would recommend friend worked expected transfer speedy always fan sandisk make product quality great product,2
purchased school district heard complaint would assume everything okay purchased school district,2
product great phone doesnt lock anymore wondering class found mean run faster normal black micro sd card class smart phone come card make difference fast get internet sandisk ultra gb microsdhc class,2
purchasing sandisk gb class microsdhc needless say see need purchasing one began read class card really process recording faster record picture faster believe put test using samsung galaxy siii installed recorded video took picture played music also downloaded pdfs work document every test far faster class tell difference class close would say settle lower class cheaper wait go sale know well purchase one no reason get card lower class must,2
great price fast speed class adapter like color memory card not much go wrong sandisk ultra gig microsd,2
bought samsung galaxy legend phone store picture video work like charm work great,2
work great phonei think may buy lot productmaybe gb great,2
good product like brand keeping buying camares phone tablet good mini sd card usual,2
give much feedback ended returning looking ideal memory mircosd card gopro found better model end filming one event card pretty good end lagging time though briefly good card,2
well known brand name high speed good price lot storage space lot us bought micro adapter use flash drive movie brand name quality,2
used upgrade storage phone tablet simple get fast transfer speed simply work work well go card brand reliability performance fast work reliable done,2
memory card week not recently started resetting intermittently loses contact cell phone memory lost erasing everything find return date past stuck peice memory card damn thing thanks lot nothing never buy direct also realize supposed adapter wow heck week loses memory keep resetting,0
card not work droid razr phone whenever try transfer file card make phone freeze completely tried every possibility get work but type card worthless not work due high capacity phone every workaround tried get card work still cause phone freeze not work droid razr,0
using add capacity android powered hp slate tablet format ntfs work but worked great note many device work gb card check spec ordering high capacity,2
got sd card trip hawaii could gopro everything get hour video hd work great no complaint highly recommended great sd card gopro,2
bought one gb galaxy another canon work no problem detected formatted box sandisk one reliable card manufacturer opinion gone sold lot cheap lesser sd card throughout year almost manufacturer failure but date issue sandisk bought card wife family member everyone far no issue use mine heavily everyday new music movie month failure far speed go using dd usb card reader recorded almost mb write speed mb read speed making far fastest class card sell extreme version card even faster but integrated device see speed increase benefit fast card reliable great price,2
bought gb version card increase storage capacity samsung galaxy use store picture video shoot phone never issue card keeping p video phone shoot speed tested galaxy w sd card tester:write: mb sread: mb additional memory galaxy,2
must listen lot music go wish made gb model work great galaxy,2
bought expand storage space galaxy surface tablet window rt performed well transferring small file take but no problem recording video hd phone totally recommend largest card device take work great surface window rt machine,2
brilliant little card good transfer speed highly recommend exactly looking great price sandisk micro sd card,2
good price good quality put phone extra storage held well since got good price,2
bought card new samsung galaxy note anything but put card phone no formatting needed transferred picture video along gb music everything loaded quickly still ton memory left store whatever want need bought amazon much better price could find anywhere else ordered amazon frustration free packaging pull tab package card hand less ten second recommend anyone want fast card lot memory great quality,2
bought item based review recommendation installation extremely easy card bought shipped perfect condition like others noted: actual added storage gb buying via amazon huge discount opposed local store option shipping perfect would recommend product friend family samsung galaxy expanded storage,2
scandisk micro sd work well never problem product brand short couple word sorry memory card,2
card fast cheap used canon camera shoot raw format picture video worked flawlessly currently using old mytouch phone storage great product great price holy cow,2
card great save lot picture file card card work great phone great memory card,2
useful surface pro increase capacity gb also used backup case something go wrong good design,2
yee maximum space allowed gopros knowledge older version like hero larger sd card but micro sd card allowed great price great quality hd picture movie get got newer gopros working great,2
amazing keep making bigger storage card price go wow nice holding lot stuff remember memory card small expensive,2
not sure say anything not covered previous review already written memory card but add comment great card work great camera storage capacity needed but price good not get review might well add mine,2
special price could not let go bought card phone gopro camera ideal good card great promo,2
work great asus tablet month completely died not recognized device died rma sandisk prcess painless replacement arrive within day emailed return label thru ups sent last week worked performance great access time fast no lag reading writing data get make sure back data incase failure tablet synced cloud service not lose anything purchased sandisk item never issue died month rma sandisk,1
galaxy note necessary use tablet much get smaller card heck yeah lose much memory,2
card worked galaxy right bat not need format anything week watching video phone locked phone showed card damaged unable copy anything mb card viewing photo gallery also lock phone amazon customer service great however sent new card update review able use new one least month without error update second card week also issue even worse card completely unreadable locked card showed gb data used but could not accessed via phone computer sent one back going back trusty gb card lasted week,0
using samsung galaxy work well good read write speed pleased card perfect samsung galaxy,2
putting phone formatted moved data gb microsd popped phone last month no problem picked buck good deal got galaxy iii,2
work fine thinking getting gb tablet later much say except buy no problem,2
got replace old class micro sd card new phone plenty space fast work expected,2
use gopro hero hd record high definition sport video chip well would definitely recommend work great gopro hero,2
bought new camera price incredible big fan sandisk come memory card course bought one camera but unsure fitting new camera samsung wb f turn fit storage capacity incredible picture lover whenever able take picture gave picture maybe even remember great price great storage capacity go wrong came everything needed amazing storage,2
great card but issue gopro one maybe firmware update help situation good card but issue,1
picked deal day no issue put phone connected phone galaxy computer dropped music picture folder everything quick easy great deal,2
work fine go pro bought month ago work great made great,2
no issue plug play not run benchmark but store camera video data card includes lot high definition daily road dashboard cam footage no issue caching temp video file storing one opt save due apparently speed capacity card con fact waited long buy one : work great sprint samsung galaxy,2
getting card mean like least aspire carry young diamond carry booyah,2
beat price one gb sd card reader use go pro work fantastic great deal,2
arrived doa but amazon sent another one right away perfect use gopro hero must shooting better video order keep need gb maybe maybe not but need class buy never look back doa,2
not sure point reviewing stanard g memory card purchased tablet work fine great deal,2
continually amazed fact tiny bit almost nothing powerful however caution anyone buying micro card gopro extremely easy lose but highly recommend tiny mighty,2
true name sandisk best using smartphone guess overkill many said type micro sd card meant dslr going quality something would last long time went highly recommended best quality sd card every techie know always recommend sandisk,2
used product samsung galaxy sony xperia z performs without fail added much need memory phone take picture video would recommend android phone owner great android smartphones,2
added lot storage space new nokia lumia nice package got quickly able install easily phone recognized immediately turn phone inserting sd came adapter need convert micro sd space,2
amazing much storage fit small form factorremember mb floppy disk heck thing soooo small might lose itits like pinky nail size smalland hold gb awesome amazingly small storage,2
not good repeatedly self ejects new galaxy returned exchange refund bought two one work well but one guess defective two gal bought not good repeatedly self ejects new galaxy,0
sandisk great brand failed purchased several think bad luck sure amazon replace failed month,2
san disk always good brand worked well samsung galaxy phone tablet good brand,2
used replace existing transcend microsdhc card phone find piece equipment access apparently older firmware device not recognize gb sd one trick found able format tablet move phone initially phone reported corrupt sd no issue reliable stable but not lightning fast took two hour copy photo music onto reliable stable but not lightning fast,2
big fan sandisk even price flash decrease compare brand never reason switch minor price variation not compel performance quality never issue many year suing brand sandisk ultra,2
seems work fine loaded full deleted file nothing unexpected happened work,2
dashcam come memory card got card working well fairly demanding capacity like way driver use dashcams got mine set minute loop mean new data written card far card quit pleased working well dashcam,2
phone memory resides play video medium fast sandisk always make excellent product memory leader fast memory,2
would recommend memory card anyone work well tablet no problem good memory card,2
work like suppose quick efficient stable reasonably priced far good put camera go suppose,2
carry two one camera one camera case pocket lose never run memory enough capacity mb image shoot shoot shoot download end day want but thousand picture one couple battery see wasabi review never stop shooting virtual lifetime photo,2
good memory gopro went gb brother two gopro camera said never filled go anyway versatile enough go phone camera ordered two versitile use gopro phone,2
giving item five star rating work well used micro standard format scandisk gb memory card adapter,2
expecting brand installed tablet moment arrives work perfectly perfect,2
given card october add new samsung galaxy thrilled copied ton music onto card used phone mobile ipod substitute leaving ipod classic desktop speaker system cradle everything worked fine couple week ago started getting message seemed say removed inserted memory card course touched day ago phone told card contained unsupported file needed reformat well tried reformatting nothing nothing pulled memory card reset phone reinserted card nothing tried card adapter computer even visible called sandisk tech support take terribly long convince problem but quickly offered two gb card replacement literally laughed got disturbing sense something required try lousy business practice bouncing around time agreed send rma shipping label duly sent card couple day ago frank no idea might receive replacement already grip sandisk would buy another card fact comment negative indication real quality control problem fail rate simply unacceptable product update: well give sandisk credit customer support returned card using supplied ups label tuesday received replacement ups following monday good service however increase suspicion offer two gb gb card stock stock sure got stock big hurry event upped rating two star fine failed,0
bought grandson work new tablet happy much sure prefers tablet laptop give function need memory card ensures keep data move next tablet whenever needed sandisk microsdhc memory card,2
got phone camera decide use first lol depends feel like carrying love,2
afraid buy many comment saying work hero high resolution video but not case work hero,2
mean gb memory card price right caught sale big ole memory card like sandisk trouble big memory card good price,2
love work great fairly cheap compared gb sd card without sacrificing quality sandisk always made great product awesome sd card,2
gave galaxy plenty memory good price problem first one but amazon sent replacement next day worked perfectly would recommend anybody work great,2
bought digital recorder memory card slot card worked perfectly no problem file newhome definitely worth price met expectation data storage great buy no lost data,2
not much say memory card but work great go pro hero silver edition using x card gave hr video recording time definitely good buy good card,2
gig microsd card cost less dollar per gig class even importantly test class operates class saying lot compared lot class card thing fast,2
nerd hoarder waited year memory gb wanted carry extensive digital comic collection tablet no longer waiting happy nerd say,2
great price work flawless note love glad purchased memory card must expand memory phone work great note,2
called gopro recommended specific card said gb card causing problem run gopro hero x battery attached still fill card even hd video went week surf voyage across hawaii badboys documented whole trip gopro hero black perfect,2
get job done gopro good never liked small actual card due nature might get lost game price amazing got two price half one need memory,1
card hold everything think barely filled work fast no lag accessing card let take hd video straight onto big memory card storage not size,2
able plug use format utility worked fine galaxy every ounce ripped cd phone gb spare not much else say work fine galaxy,2
gb card use phone well gopro camera reliable worked well right box no problem no complaint fast reliable far,2
couple tested several device use card mainly mobile device gb performed well galaxy note galaxy note tested transfer rate within prescribed range not fastest class card but sufficient storing picture movie song able play song movie card without delay work described,2
purchased cheaper cellphone great price item made perfect accessory alternative buying much expensive phone class speed mean worry lag accessing file no issue ever format card worked perfectly phone samsung axiom right box work perfectly cell phone,2
use samsung galaxy tab worked seamlessly use store movie watch travelling issue yet transfer speed great playing movie card not problem expanded tablet memory,2
installed galaxy work great want waiting price go wish gb come soon buy fast,2
purchased along nifty minidrive use time machine backup macbook air perfect expansion exactly looking,2
card pretty cheap tiny physically large digitally least mid got extend storage capacity surface pro done store file take precious space dedicated towards program since surface pro full window also double storage device gopro hero black but faster card prevent freezing issue size micro sd card great job storing data like video photo music fit device moving micro sdxc phone tablet beloved surface pro highly recommend card need extend storage device reconsider faster card want record video straight like gopro cheap card extend storage many device phone tablet surface pro gopro etc,2
bought able load music verizon lg android phone spent hour adding music card put android phone phone not read anything memory card memory card gb gb worked fine must flaw memory card also memory card got stuck android phone slot use utility knife thin blade pull card not work android phone,0
thing would like say sand disk ultra best dang sd card ever used right let honest put phone would extra storage photo videoshowever really good sits phone anything seriously access everything connecting phone usb essentially like phone another hard drive best one,2
love memory card upgraded memory phone gb stock card not transfer rate card phone back way faster but capacity great replaced ipod music phone well game use itunes interface drag drop oh waterproof like phone saying casio g zone commando,2
brand proven reliable easy work versatile use android device well camera nothing permanent try back file but served well couple year pleased,2
ordered one gb finally enough storage thought could use extra gb future use sd card legit well definitely recommended great memory card,2
good quality product price bought go pro issue yet typical,2
find cheaper anywhere else price simply get anything better write fast plenty storage using blackberry q recommended work great,2
gig san disk memory card went tablet given christmas gift no problem fast performance loaded music video stored laptop still gig left happy memory unit product new packaged well,2
tried adapter dslr camera got error time trying save data card ok us like computer external data good card bad application,0
bought android device work great even come converter like use image movie could highly recommend product anyone needing memory phone android player camera anything us sd micro sd work great android device,2
moved music library phone car use easy set reliable driver like older laptop work around teen tell slight roll eye samsung iii,2
not techie great experiment determine whether not transfer speed advertised know card work fine galaxy far worked great seems pretty speedy san disk card quite tech toy always performed well confident one work fine,2
heard wonky report using gig card no experience background knowing personally safe thing went gig would like get but star rating product using,2
got plug adapter raspberry pi play pi case bit but fit nicely without full size sd card sticking sandisk good,2
bought memory samsung tab far work quite well wish samsung would recognize gb far no problem,2
lot counterfeit apparently picked bum card memorywhiz device show gb space impossible gain access rather sdcard folder found device internal memory memory came device even downloaded apps supposed read write sdcard but work even unmount card remove check card thoroughly buy make sure say naturally sandisk going stand counterfeit work w android tablet,0
soooo pleased little dude actually bought gb gb meeps christmas gift btw coolest little tablet little kid book movie game internet etc parentally controlled via cloud meep adaquate memory degree like handheld device however want store lot game movie book meep need extra memory card card buy gb bought go meep year old know needed class but low price sandisk not highly recommend little card meep went absolutely worth every penny sandisk gb class microsd card,2
bought galaxy dumped g music far good nice plenty storage suppose,2
work great samsung galaxy phone purchased one phone one son phone work great no problem either card son love able put whole music library several translator apps bible version along several movie phone take mission trip peru still room store thousand photo took able use card like one main reason switched iphone love work perfectly u samsung galaxy,2
exactly would expect gb microsd memory card plenty storage fast access time make solid purchase good fast storage,2
formatted card sdformatter pc used test card sony vaio c sz vaio memory card adapter vgp mca h testw test results:test finished without error writing speed: mbyte sreading speed: mbyte sh testw v android phone samsung exhibit sdtools test result: mb write mb readalso tested write speed older model sandisk usb sd card reader cheap generic unbranded reader get result device handle uhs ultra speed card seems like class card none gadget handle mb write speed class card sold class gb c uhs,1
got use gopro hero motion camera fit work fine big enough film several flight not run space work needed,2
purchased expand storage space samsung galaxy love fast offer lot storage space use store several full length hd movie phone view travelling addition ton music lot speed fast,2
working three card using included adapter thought slower bought full size sandisk ultra gb class spec except size theoretically different project writes twice fast computer write speed card mb read seems mb compared full size card write speed mb read speed mb imaging program not benchmark program not checking different size transfer like compare transcend gb class card write speed nearly identical mb read speed class four mb significantly slower expected read speed good but write speed abysmal say class somewhat close class spec returning slower sandisk full size sdhc card spec,0
work great another awesome amazon purchase use samsung galaxy perfect,2
never issue sandisk memory card likewise great price getting memory getting cheaper speed huge issue smartphone use ideal never go wrong sandisk never issue sandisk,2
card worked flawlessly far use garmin montana allows load usgs : quad u sw w central n central inland lake first concerned would not take gb micro sd but no problem micro sd card garmin montana,2
good lost house think put big as light loose dang,2
fast card trust brand not die sandisk also lowered price line competition great card good price great,2
bought card like well take lot picture raw often time filling one gb card day less fast handy due small size excellent,2
good deal wife new samsung galaxy iii fit right remove battery first far no issue chip supposed good deal,2
use memory card lenovo thinkpad twist us pcie realtek memory card reader fine tuned bypassing lenovo driver use latest reference one realtek directly short care bottleneck thing like usb card reader add run apps thousand file card streaming atop bitlocker go window already poured multiple gb capacity read writes fingernail sized drive kept going unbelievable deal normally pretty cheap thing but glad able get best cheap really fast,2
card performed flawlessly far no read write error speed problem not much say but fill amazon word count fully functional memory card,2
really used store extra file pas computer came converter change standard sd card no issue either always amazes much data stored small space anyway get use next month planning upgrading phone knock star seems slow record video see star mean lazy disk still good used whole ton,2
item arrive time upon receiving put electronic device store stuff need store nice color sd memory card,2
purchased put samsung galaxy blaze mainly store music previously owned adata gb card died couple week annoying thing large storage copying file especially card slow class would take well hour fill one take bit minute using antutu benchmark suite card clocked mb write mb read format anything popped packaging threw right sd slot phone fast class card phone,2
microsd faster reliable hold music phone warranty also decent card would recommend anyone especially great price great microsd card,2
pros:maximum external storage sg plenty space phone store music picture fast data transfer cons:none other:shipped super fast think actually got next day packaged well work great,2
never problem sandisk product make sure camera device actually use gb limited gb go wrong sandisk,2
using basic memory card samsung note took picture took forever phone put memory card get ready new picture installed sandisk transfer almost non existent difference worth extra buck fast,2
git daughter samsung galaxy working great phone fast no problem great card,2
done much speed test device but everything ask price right work great galaxy,2
would not recommend card looking real class write speed could get mb card but part mb even slow format exfat window no improvement copied music pic movie test ranging couple mb gb read speed pretty good around mb though popped gb class transcend sd card consistently got mb write speed mb read speed conclusion think card not really class bad read negative star review fact but sending one back write read speed not par gb ultra micro sd card sdsdqu affp,0
late sandisk appears lost way little flash storage product almost universal truth usb flash drive hopelessly slow usually reliable transfer rate mb sec less worthless filling gb drive fortunately ultra line sd card still appears buck trend formatted ntfs used anelago mobile nano ii reader see write speed bit linux machine consistent mb sec copying large gb larger file card life class billing read appear run mb sec comment reliability card day but everything copied far testing made onto card no corruption whatsoever md checksum every file transferred match source said supertalent pico usb drive sd card reader intended replace never quite right always occasionally randomly corrupted file larger mb probability gb greater file surviving near zero gb appears sweet spot moment smaller card cost much less larger card beyond sdhc spec sdxc territory yet universal term device compatibility not mention cost far double gb paid around thanksgiving not part explicit sale but definitely lower price appears usual far camelcamelcamel concerned extremely satisfied edit: also mention included mechanical full size sd adaptor one worst ever encountered lot friction microsd card inserted right bugger get adaptor thankfully adaptor lying around ever need one one going bin cheap fast sd card,2
work great canon microsd sd adapter sd compact flash adapter fast shooting video also work great go pro model card keep data rate required digital medium device todayrecommend canon adapter needed gopro great disk speed,2
good reliable product always rely upon highly recommend anyone looking micro sd quality,2
work use gopro hero not issue hold ton footage overkill but cheap not better not need need not great,2
bought window surface pro gb ssd pretty good but adding card give gb storage backup nearly fast ssd card fast,2
thing quick no waiting thing load free app good ui actually helpful unlike lot free apps quick free app useful,2
bought two samsung galaxy note safe side put note first formatted took put medium use medium card reader work fine computer tablet got,2
work nothing else say yes work yes work also work pretty good awesome,2
use android phone pretty much mp play truck certainly perform like class card writing file but not important good enough android phone,2
work according camera requirement read fast writ fast good card though buying gb card but found actually move pic camera iphone ipad actually need capacity ok,2
sdhc fast great camera picture take nothing record next shot quick easy use raspberry pi need fast medium work perfectly fast furious,2
gift boyfriend love said work perfectly happy result good gift,2
used card replace hard disk old laptop use stream netflix installed linux ubuntu card work great fast reliable recommend good fast,2
use store music video picture phone work well purpose no hiccup speed issue bueno work,2
transfer fast look slick anyone care uh transfer fast work actual capacity like gb sorry desperately needed last gb woa look work work,2
love ultras cause writes fast card samsung not much time pic also got one fuji waterproof camera take second take another photo but limitation processor camera not card overall love computer read fast video played back real speed sandisk great product,2
mounted tablet lenovo thinkpad fine working well without problem work tablet great,2
say gb micro sd work samsung galaxy note ii simply popped card no formatting gb space happier work wonder galaxy note,2
used samsung work great bring lot music movie travel great bring entire hard drive extra memory card misplaced totally worth money ton space phone,2
expected job use dash cam video car quality perfect work,2
could not happier fast work great risk appendage trying get retail packaging fan sandisk year solid product big awesome,2
great deal great product recommended anyone needing expand memory portable device come sd adapter use card reader great deal,2
work galaxy fast enough record p video would purchase always good luck sandisk card work galaxy,2
worked great galaxy died month later waste lot money died month,0
good extra one camera tablet hold lot data extra storage,2
use extend nook memory not much say work well enough forget exists work nook,2
got expand memory son go pro camera job much less box store worked fine,2
excellent price amount storage speed washed washing machine preparing buy another checking error came none needless say buy another but feel compelled write review cheer not love,2
price great amazon even better chip phone appears work great fast far no error encountered sandisk quality amazon price,2
sandisk make great product one another using vehicle dash camera record hd mov format video shakedown run camera disc worked perfectly together gb space give plenty room record class rating mean card plenty fast enough keep produce crisp clear video color also good job,2
not going give detailed speed not but sd card fast compared one really notice difference speed unless copying huge file use note take butt load picture phone great sd card,2
used worked fine try buy many sandisk product often but bit pricey best,2
excellent card one asus transformer gb one camera work flaulessly scandisk ultra gb microsdhc,2
bought similar one little back digital camera think gotten one instead believe faster think mine class price money feel memory ever need smart phone hd video camera great add phone,2
love got new smart phone ready loading nice,2
delivery time work perfect galaxy note great customer service thanks product able store music movie phone gb drive,2
alot storage great price one probkem: since installed card samsung galaxy note month turn phone morning get stuck sort boot loop hang logo screen phone stock altered software no way granted cannot sure card cause problem but remove boot phone work properly love sandisk product definitely continue buy word warning great sd card but,2
no problem using samsung galaxy iii fit right started working would suggest anyone forget,2
got tested block block no issue tested speed various application laptop good usb reader got no less meg sec often little meg sec speed course vary depending hardware transferring work fast perfectly,2
like still happily stone age window xp computer not able use card unless install window update kb update available microsoft com thanks dogg pointed customer question answer august installed update able load gopro picture onto computer dogg answer customer question provides link update amazon not allow post link know go microsoft com update site look kb go indicated question link product description provided information window xp requires update,2
cheaper sd card past but almost always wound letting made mind time ago would stick sandisk completely satisfied card ever since card sits wife phone used store music picture close dozen time like fiddle stuff proven durable case anyone want know class way go card come something faster read write speed well worth extra buck need also class gb galaxy siii good better even got wet mean soaked still working like charm definitely recommend anyone sticking sandisk device get pay,2
hard argue quality sandisk product one no exception providing high capacity micro sd card adapter allow used larger sd form factor particularly nice u need best world fast reliable,2
wife upgraded phone note wanted space phone day micro sd card work fine however feel transfer rate slow transfering movie desktop sd card gb movie take minute pretty high end gaming pc intel x cpu gb memory ati graphic card gb ssd card tb hard drive storage w plus gold pu asus sabortooth motherboard etc transfering movie file wd inch external hard drive take minute still satisfied since gb storage phone space note,2
purchased drop galaxy note ii exactly wanted loaded entirety card minute not super fast but good considering card phone instead computer using include adapter purchased product worry free packaging first time not frustrated sandisk super saver shipping really sold deal price par retailer but got two dud bestbuy good go first one amazon really say much product but give bit peace mind purchasing vendor exactly wanted,2
got not space but speed class ok but class copying file scanning card cleaning cache writing file thing grind threw like nothing would take minute upon boot phone old class gb micro sd card would done scanning second fast,2
read galaxy user problem microsd card but one work great far lot apps willing store data samsung built camera able put photo instead system memory help free lot space apps thing system memory put mp card well play back perfectly using samsung music app google music work perfectly galaxy,2
never failure sandisk like mfgrs use smartphone come sdhc adapter smartphone maker stop including micro sd slot simply use camera laptop super fast super reliable,2
research assumed card would support brand new hero camera considering sold gopro site no brainer thought anyhow card seems preform well circumstance without using protunes setting problem hero due slow write speed card protunes setting without setting hero work fine however timelapse issue sec timelapse well card speed noticed card corrupt tested camera found problem still persists trust sandisk top choice professional work however card failed would not recommend expensive card id jump samsung even transcend card even come better warranty card nothing but problem lost memory cant replace bought gopro hero,0
reliable sd card always used brand camera smartphone tablet fyi useful product,2
item arrived time promised work well galaxy note nothing say product reviewed many time work well not bad price time ordering come yes get card lesser price seller but trust amazon customer service issue prefer pay buck get amazon rather getting unfamiliar seller good buy,2
no problem transferring stuff including gb song much faster offbrand got update: : got wife new samsung galaxy old phone would p video nice camera wife really photo concerned keep fancier camera loading gb song got even concerned keep fancy new camera bought one sandisk gb extreme card amazed speed difference copying song due prior problem generic card buy sandisk future nothing wrong ultra card seem par fully take advantage latest greatest phone technology going carry old card purse case fill first one worked great wife droid,2
work well no problem using number month always found sandisk memory card reliable fast,2
know but bunch card work great nook hd no problem installing using many adapter,2
use ainol spark get great read write speed dont ever use available past corrupt sd card short time available gig dont go say likely never get problem great disk no issue speed,2
often forget complexity technology use every day surely case purchased memory one manufacturer never let sandisk used often not exclusively found reliable quite speedy never let,2
purchased product new garmin gps refresh rate much faster wife similar but smaller garmin class memory wow wow wow,2
bought two gb microsd card formatted fat currently gb file card carry one card wallet keep one safe deposit site sandisk literature looking see restriction use ordinary flash memory file storage no restriction could find found gb card sandisk gb card bought previously cannot accept gb data written computer without suffering error resort copying no gb data time card stopping starting another gb complete data copied error actually occur early approximately gb point several gb flash memory stick lexar echo series well hundred lower capacity flash memory card not overflow error problem repeat no restriction use memory card example: used camera given sandisk given gb data card verified integrity not defective sandisk ultra gb microsd card review dale,1
simply excellent second gb ultra purchased samsung galaxy ii working perfectly data access rate exceptional movie system store override data easily outstanding fast easy use easy overright,2
not issue work intended would recommend price right buy tablet support gb get one two no hassle,2
using strongly suggest format card take second sandisk able transfer image phone phone tablet no issue old microsd pny purchased phone giving microsd card free however gb card figured time upgrade since mb left space card phone space full due picture spend several hour research good microsd card reading couple article online found device work great microsdhc lot choice pick amazon however debating sandisk transcend samsung started read samsung microsd card review first review star least due card not class looked transcend card review good but not sure performance test third one looked sandisk appears best choice device many review read lot review sd card convinced buy downloaded sandisk memory zone device app provides management functionality complete control allows manage local cloud memory meaning move file phone box dropbox google doc picasa sugarsync skydrive cloud storage phone application allows secure file password perfect samsung galaxy note asus tf,2
use card smasung galaxy active used samsung galaxy note always worked flawlessly never given single problem use card copy movie playback always smooth mostly play high definition movie rip require lot processing power data transfer card always done great continue buy card one macbook air backup no problem damon great memory card,2
three different brand micro sd card sandisk one still two quit working bought several card no problem except wished would bought one memory excellent product excellent quality,2
got add memory htc evo lte phone work perfectly fast read writes gb provides lot additional storage top gb phone recommend specific card android phone sorry apple user no expansion slot : great memory,2
perfect s galaxy note great price recommend sd card storage need good sd card great price,2
purchased additional memory smartphone far good not problem memory card work advertised,2
several gb card gopro black canon work great without issue transfer speed lightning quick well work great,2
good gb sd card bought upgrade memory stotage cell work samsung also come adapter good sd,2
use p video camera performs well issue keeping transfer rate interfacing computer high great sd card,2
nothing much say work great lost single picture video saved far read write speed excellent using month samsung galaxy no complaint work perfect expected,2
far working fine read negative review giving one but nothing yet good buy far good,2
gopro seems bit finicky card speed since last firmware upgrade applied card using quite long time started causing randomly report error stop recording got couple sandisk card got hero powered via usb port fill card repeatedly without running battery no error reported far completely filled one card twice three time always best luck sandisk but working well far finger crossed last use camera record road brisk dual sport ride work gopro hero,1
working good five star,2
work great better thought cave surface tablet truly recommend work straight away gb micro sdxc,2
ask anything better use gopro hero record lot video hold lot pic ask,2
measure speed know judge thing but based experience trust sandisk rely giving hard drive last long reliable hard tell one another,2
good liked work perfectly minidrive but kind slow sometimes reach promised mb excellent,2
got product fine stopped working last one came droid x release day worked whole time since got without hitch get one dead less day know got lemon whole supply bad faulty say displeased everything great stopped working little month got,0
speed great use galaxy tab bunch hd movie watch movie tablet flawlessly say work great,2
good product useful smart phone adapter work fine recomended th smart phone expand gb good,2
bought galaxy expand storage capacity worked great fast transfer speed well great sd card,2
card great really fast compared common card even sandisk kingston etc need copy file card shortest time right one reliable never missed photo music file star well deserved top micro sdhc card,2
got handheld gps store data not already stored main memory great add electronic navigation device,2
microsd card described others sandisk fast transfer awesome price got samsung galaxy love fast,2
best amount space price quality product work without defectives using galaxy currently note iii great sd card best price,2
great review card picked samsung galaxy iii popped card happy taking picture saving file living life fast forward two month later sudden card stop functioning phone read computer read either submitted ticket sandisk hopefully get replacement actually work thank goodness saved photo dropbox good becomes defective,0
needed load video file moto xoom good capacity inexpensive pricing worked like charm worked like charm,2
love product would recommend product anyone gave star everything need plus excellent product everything need,2
soon saw card announced various tech site knew buy one went amazon picked one steep price compared gb card but largest capacity commercially available want swapping micro sd card inconvenient various speed test card confirm get mb read speed fastest saw little mb write speed varied greatly seemed decrease larger file got minimum write speed saw mb use samsung galaxy note not issue great large capacity card,2
phone year no problem use adapter camera laptop month without trouble continue use sandisk camera use phone use,2
use card slr work fantastic allows use burst mode full capacity fps tried samsung mp player work but randomly show no data need reboot fix fairness could device software deduct star great card,2
bought two laptop camera working great far good speed happy purchase working great,2
work perfectly verizon wireless samsung galaxy note popped way went no need format plenty room video photo movie super fast microsd card excellent price,2
but expect nothing less compact flash sd card sandisk brand extremely reliable worked flawlessly,2
e una reconocida marca la calidad de sus productos tambi eacute n lo son la velocidad para c aacute mare de alta definici oacute n e muy recomendada recognized brand quality product speed high definition camar eacute highly recommended buena calidad suficiente capacidad good quality sufficient capacity,2
use card tablet no problem fast excellent product highly recommendit needed tablet right amount memory right price high quality product fast,2
one best memory card look forward purchasing item get next great product,2
bought card galaxy installing loading music card randomly ejecting like rd ejection morning phone reported card needed reformatted damaged reformatted random sdcard ejection damaged card kept coming googling read galaxy series phone known compatibility issue sandisk card hit miss phone no issue replaced card already amazon shipped nd card within day but problem arise not sure switch different brand but card definitely useless time maybe give away friend : damaged card but may not seller fault,0
good sd card good job purchased mine gb note highly recommend try good sd card note,2
got sale list price already paid glad able memory tablet happy come sd card adaptor transfer picture straight camera table great buy especially sale,2
like work transformer tablet supply plenty space play watch listen want work transformer,2
wife macbook air ssd got full dropped one near flush mount sd adaptor also via amazon set second drive itunes collection got plenty room pic kid great option macbook air paired flush mount sd adpator,2
going add storage android tablet one recommend ssd card right galaxy note tablet,2
great picture music came secure package lot storage file reasonably priced also work great samsung brightside cell phone,2
love extra storage card give transfer speed card slower would like but play back hd video without hiccup job,2
got great price worked great little upset tiny size packaging almost didnt even see step arrived thick cardboard envelope exactly wanted,2
came reasonable amount time exactly ordered no pretty light no stunning sound reliable memory card worked not failed supposed,2
gb storage suppose work perfectly fine verizon galaxy gb memory card,2
storage new phone recognized formatted available less minute simple ease use,2
arrived timely manner supposed not pretty cute but serf purpose,2
gb sd card work well price reasonable happy purchase far worth try good,2
need item find local store impressed received worked like champ able store many thing card great product great price,2
sure gig would work galaxy work pleased job great upgrade samsung galaxy ii,2
awesome product worth buying cheap lot memory not mention fast processing great,2
sd card everything stated blazing fast huge storage much space first staryed taking picture video phone even show limit basically no limit many picture video space max zomg gb,2
product: sandisk ultra gb microsdxc class uhs memory card mb adapter sdsdqu g affp arating: excellent people buy microsd card primary criterion mind: storage capacity price reliability compatibility availability speed bought u back feb not long release largest fastest microsd available time weighed good price backed sandisk reputation galaxy sch currently android card delightful slam dunk four count reminded today slammed gb mp pc onto card card handled massive data dump grace aplomb able use phone wirelessly stream entire music library new bluetooth compatible bookshelf stereo color satisfied perfect galaxy,2
say work promised needed new cell phone need needed,2
love no problem no snag hiccup trying access data writing data phone using,2
no problem access time actually bit slower phone memory but read pretty good,2
item month always minor problem recently started freezing rebooting device g currently sandisk sending new one started freezing rebooting device mouth,1
card exactly seems large fast priced well not much could ask supposed,2
put hp envy x extend storage stay inside unit time work hard drive work advertised work like,2
still but card went bad week owning lost ton music data ect lost faith sandisk product tried get replaced money back but no return email seller unhappy lost gig movie music data wish would reply seller amazon but still dead sdcard file stuck bad product,0
purchased two microsdxc card sale around black friday using two month work wonderfully absolutely no problem either sandisk memory card gb microsdxc class uhs card rated transfer speed mb sec uhs class designation intended performance measure indicates card capable supporting real time full hd video recording course work using device capable writing card speed but modern device offer full hd recording camcorder digital slr camera cell phone built full hd recording support standard benefit using uhs card uhs certified device not encounter problem buffering device stopping recording could not write fast enough however extra high capacity sdxc card need make sure device support microsdxc card not simply microsd microsdhc one biggest difference microsdxc standard us exfat file system rather fat ntfs system modern android device fact linux unix device handle without difficulty device older camera android device window device may difficulty format said using nikon digital slr camera well samsung galaxy galaxy relay g phone without difficulty read write fine computer great buy happy excellent large gb high performance microsd card,2
packaging secure product absolutely legitimate sandisk card gb available storage normal gb card amazon come speed unknown work fine stuff addendum : two received working perfectly loss gb explained data added formatting chip seemsto legitimate speed good microsdhc best genuine product sandisk,2
quality gb micro sd memory card supposed would recommend one good item,2
purchased galaxy tab but like returned tablet accidently left memory card second one purchased use asus tablet notebook entirely satisfied perfect,2
bought card gb sandisk ultra stopped working galaxy tried formatting card but work card showed read warranty information ultra series lifetime warranty emailed company sent shipping label return card new way highly recommend card lot storage fast speed,2
found write bandwidth card mb sec transferring steady stream dozen gigabyte included full sized sdcard adapter appears slightly faster usb adapter tested piping dev urandom pv onto card read bandwidth appears mb sec exceeded reviewer claiming,2
expected sandisk delivered card fast transfer lot data use bought galaxy work great perfect,2
love gb capacity compatible device one go pro hero one samsung galaxy tablet great go pro samsung tablet,2
card samsung galaxy iii month no issue okay one issue but phone design would un mount phone moved around roughly seems pop easy samsung galaxy phone solved problem putting electrical tape hold far month un mounted give ungodly amount storage phone wondering samsung phone take card no issue show total gb available space installed must since phone come gb internal memory nowadays used samsung galaxy iii must taped though no issue,2
bought gopro hero slip work great keep camera awesome cheap great smartphones well great size space money,2
fast big wish bit less cash could buy storage need fast,2
work skyrocket but work xoom odd but suffer seems class not get sandisk unless ton cheaper stolen tweakers suck work skyrocket but work,1
bought similar transcend premium x gb microsdhc class uhs couple g wh dash cam work well camera key need card compliant uhs better look u inside card camera transcend rated slightly faster but camera seem like either equally well purchased transcend sandisk within penny aside slight price speed difference not much recommend one long get least uhs card said manufacturer g skill kingston others work application,2
bought add memory phone no problem installing work great know could ask anything want,2
gave star know problem card phone intermittant problem phone stop recognizing but fast hold lot would recommend update: intermittant issue phone galaxy finally gave ghost completely computer recognize think important data would take sandisk another reviewer indicated replaced issue phone but computer even recognize wipe not sending anywhere issue galaxy finally crapped completely,1
bought price low excellent value good transfer speed worked phone camera device well great space great price,2
use local backup redundancy no problem system great card,2
added samsung note gig storage everything phone used capacity ultra gig micro disk,2
great card great price really beat sandisk brand never let well built use mobius action camera work wonder also worked well gopro hero silver great card great price,2
quick initial test multiple setting p k p recording successful done long recording field use warm location yet gopro hero seems happy st rate value,2
fast sd card really use emulator nvidia shield job right no complaint everything order would recommend love sd card price,2
bought card several device use microsd card but not compatible newer higher capacity sdxc standard sdhc memory card gb largest size available technology standard went one sandisk way worry compatibility issue device used sandisk memory product number year along many brand always good result happy say experience card echo amazon user rock steady reliable larger file transfer several gb movie time performed quickly hoped class card regard read write time aside existing review previous experience sandisk product also picked particular card due uhs compliance currently uhs device take advantage increased speed but negligible cost difference made sense standard technology update fast day future proofing product provide extend usable life always appreciated maximum sdhc storage capacity coupled sandisk reliability speed,2
work perfectly samsung phone usb know really need fast mem chip get lot stuff gb use movie train want waste data streaming cloud bought new samsung tracfone,2
got galaxy note accepts add storage work perfectly use store music file dont junk phone memory great little disk,2
needed room phone picked card popped let phone format work fine spec say phone max gb card but not true really glad got card fast taking photo burst mode move every one not missing photo due slow card htc evo step,2
sandisk good brand worked cant really ask much perfect always,2
problem using chip reader built laptop seemed want format gb plugged phone could format gb but laptop reader saw empty used usb reader laptop could read fine able copy gb data old microsd chip not problem yet problem formatting fault pc,2
far good boost table storage big time keep pic music time price promptness awesome,2
use camera worked initially but would periodically create bad image file none picture took session would remain went camera option reformatted card worked perfect ever since far picture work well reformatted,2
called class ordered figuring would useable speed plugged copy gb program installation file totally dumbfounded took hour copy file onto ultra class sdxc card gb super slow super cheap plastic school kid usb thumb drive take less minute tested various known computer typical raw jpg picture file read speed ranged mb write speed ranged mb sec big file mb sec small file would call largely unusable disappointing unbelievably slow,0
memory card exactly advertised class nice fast card heavy use gpsr since bought no issue great card,2
excited add memory card g finally not worry used memory anymore short lived however maybe month passed memory card refused write anymore data tried formatting never could wipe using thumb drive reader kwpould not delete data no avail luckily data still salvageable disappointed,0
hey memory everybody need never enough always losing memory keep plenty hand stashed away rainy day great,2
bought gopro camera work amazingly no lag space h recording high res quality not k gopro need memory card use one using gopro hero,2
needed space medium venue card work perfectly read writes fast hold lot movie watch travelling work great dell venue pro,2
got time simple but secure packaging inserted worked without issue come clear plastic case sd adapter typical sd case size sale price change great well love work great no speed issue,2
good capacity but speed slow almost but acceptable like good capacity,2
put music many movie ton room awesome well priced time purchase anyhow awesome,2
great price card not cheap made save several buying form amazon local store lot higher great price,2
use galaxy note note never problem continue buy get new device never tried g one might work great,2
using galaxy note work great movie music apps no issue ever exactly expected,2
work samsung galaxy note but really stress kind thing no problem not checked heat thing no problem,2
phone recognized immediately fast claim picture taking used painfully slow fast taking picture put galaxy note ii great product,2
buy memory card looking additional storage higher transfer rate good price card often amazon lightning deal second one purchased use nokia phone camera storing mp photo need speedy drive one really work wonder additional space also great storage second one bought laptop stay lieu ssd laptop gb internal drive possible would definitely install window but laptop not boot memory card bottom line:need space problem solved gb currently max get need faster transfer rate microsd card fast get get faster cost lot cost well wait lightning deal much but current price really not bad star additionally sd adapter work perfectly including little lock switch make read want plenty space fast speed great quality,2
worked perfect understandable gb usable case memory item ever dealth awesome price size,2
need right equipment use access newer equipment clearly state use work aware get price,2
sandisk reliable name storage micro sd card no exception lot storage good price must tablet cell phone limited board memory reliable,2
advertised good write read speed work well new microsoft surface complaint significant price drop purchased card but not amazon fault nor product great little card,2
class card samsung galaxy note class card minor speed issue but one gone surely feel faster,2
headline say u go wrong price better looking u read past review hope helped u fence pending purchase nothing base decision life time warranty,2
excellent card currently installed samsung g work flawlessly highly recommended but make sure phone device handle size like card gb excellent memory card phone,2
necessary addition gopro mini hd camera pleased service advertised repeat customer sure look forward adding video photography collection accessory addition,2
microsd serf purpose every way need another certainly buy another one excellent storage chip,2
fantastic discount remarkable value name brand product would cost three time amount paid memory card,2
super fast transfer speed impressed price well getting another no doubt two word super fast,2
waiting microsds not reach gb capacity but affordable price found package arrived early worked advertised happy customer excellent experience,2
say memory card okay fast compatible good quality perfect perfect perfect perfect perfect,2
always good luck sandisk memory card one no exception fast work great galaxy never problem purchased sandisk ultra micro sdhc,2
took day get card made order early morning normally get product next evening not six day later warned slowest shipping paid prime account since started need card quickly buy different seller slowest shipping ever prime,0
class micro sd card worked flawlessly adapter also worked well but part small sometimes hard handle worked great overall good performance used gopro,2
first one received died less month stopped reading lost card but sandisk customer service excellent replaced not enthused speed transfer phone pc usb impressive opinion slow but bottleneck could phone but still lot storage,2
card no longer readable three different phone six month light usage picture saved card never taken phone showed sign dying thus death not caused excessive handling card died six month,0
worked fine no problem but decided move gig ordered one moved one usb drive ultra gig,2
bought card got note back october perfect fast no problem way fully compatible device update : bought second card note excellent frustration free packaging much appreciated packing last year first original card got corrupted put old feature phone but confident nothing card way tested card galaxy note note note tab read card no problem extremely satisfied far perfect note note note tab,2
able use microsd card samsung galaxy format phone reason not star not fast expensive version good memory upgrade galaxy,2
got phone first work but new version android able format card phone computer use able load sizable music collection bunch book card put phone use immediately work thanks android ice cream sandwich,2
per instruction inserted powered phone let phone format automatic yes no dialog removed phone copied old card onto card reader pc plus movie everything working perfectly speed seem outstanding certainly copying gb hd movie copied blu ray disc took minute even usb worked great galaxy epic,2
great price product class good name brand way cheaper wireless atore lifetime warranty no problem,2
work great fast five star,2
recently upgraded nearly three year old htc window phone samsung galaxy decided give huge memory boost card filled bill perfectly add good file manager app collection use effectively recommended aside would upgraded another window phone wp permitted number blocking nuisance caller but lost android less dollar gig completely reliable memory amazing,2
piece crap rd card month ridiculous not buy crap rd card failed month,0
picked sd card add memory phone work great transfer data quickly market new sd card highly advise buy one work,2
although amazon claim c ultra fast memory card actually much slower write speed c microsd card score normal speed example tested old maxell c hc microsd card test done writing mb random data dram empty microsd card usb card reader resulting time average value test device:sandisk ultra gb c uhs : mean mb smaxell c hc: mean mb sthe speed completely unacceptable class claim lower mb lowest boundary class device even advertisement sd card speed common claiming mb actual mb almost scam class card beat class card score normal class sd speed,0
work give much room music samsung galaxy also able use future phone another plus work,2
work great model dashcam purchased blackvue dr g hd dr gw hd gb work wonder constantly dash cam work great dashcam,2
issue getting card recognized nvidia shield no issue one read write speed seem good happy card far great card compatible nvidia shield,2
use htc work like champ perfect high definition video music smart phone transfer rate impressive price right perfect smart phone,2
work fine sandisk usually know lot discussion transfer rate forth but fine rate fast slow really care long hold keep data transfer card seem sandisk big name usually stick but make good good,2
shipped fast work camera store video much faster older memory card price good deal good deal,2
havent done speed test but sits tablet let store music easy fast enough stream hd video sd card decent speed,2
no complaint matched description delivered time work well would easily recommend anyone looking memory mobile device etc great product,2
work advertised samsung gn smartphone got one dad samsung g sandisk simply reliable hi cap micro sd flash memory perfect,2
card month galaxy suddenly went read mode data still able copy card but could not write format card searched internet high low solution finally contacted sandisk support explaining problem said need replaced would covered warranty replacement process took two week paid return shipping nd card running week see happened get bad one questionable quality second card sandisk replaced first one galaxy,2
good information photo storage small device far different computer great good micro sd storage,2
wanted extra space new mobile device chose sandisk microsd card card worked perfect far htc one several week far performance copying file computer phone adequate performance likely limited phone usb interface done test card connected dedicated sd card reader extra storage htc one,2
exactly described work great surface pro excellent product never lost data one tardis flawless fast,2
good size card great price complaint adapter card little lip end micro card almost nonexistent adapter card slot tight way could get micro card needle nose plier take utility knife opening adapter card could actually slide ease great price,2
work great phone no issue installing great price work well price sandisk ultra gb microsdhc,2
received undamaged protective package within delivery schedule provided estimate provided adapter not used memory card inserted garmin series gps fit good work good not test actual card speed review sandisk ultra gb microsdhc class uhs memory card adapter sdsdqu g affp,2
little gray square one corner missing hold short gb data transfer short mb expected use camera designed work designed amazing exactly ordered,2
zune music player memory card could copy cd library play samsung galaxy forget many cd but least thousand song beat paying network charge move next phone moving card hold music fir cell phone,2
simple format use excellent storage buy along compatible usb microcard adapter downloading capable computer make fast hassle free transfer picture snap format work perfectly,2
bought problem microsd card not working surface rt plugged worked fine done full test performance but appears work expected speed work great,2
bought son samsung galaxy mp player android version gingerbread device replace class gb thrilled noticeable difference performance device bazing speed,2
bought two card tablet first format bought another gskill class second worked but minute error freeze thought may tablet however gskill worked called amazon customer service excellent may problem one vendor shipped two new card saturday delivery implied lengthy conversation amazon agent numerous problem particular company vendor lesson: not hesitate call return get card seems trouble pack surprised initial review removed amazon leaving another return ii tried everything fix cards: fat ntfs newest exfat definitely damaged card wary not hesitate call customer service wary hesitate return,0
using samsung galaxy smart phone not find issue easy access good,2
recently upgrade cellphone samsung galaxy note ii super phone needed wanted larger memory card unit much better could every ask performance reliability sandisk ultra gb micro sdhc class memory card,2
speedy high capacity memory augmentation recall year school great price excellent product expect no complaint purchase large capacity microsdxc class memory,2
gf wanted music phone got hasnt put music phone yet cant say well not work but phone recognized sitting couple month gf wanted music,2
love chip bought samsung work well fast no issue bought one mom love sandisk chip,2
great item run lot faster cheap one still really good price worth extra money sandisk gb,2
work great gopro hero black reliable matter,2
memory card run smooth say class card also come good price great buy,2
thanks reviewer knew buy b ever got galaxy cell phone gift niece tomorrow day sandisk thank time sharing thought opinion appreciated thanks review knew buy,2
bought put olympus pen e pm camera take standard sd card therefore must go adapter put camera unfortunately something touchy sometimes turn camera get card error sometimes pop card back work past weekend get work guessing camera maybe adapter plugged card adapter computer copy picture worked perfectly not sure problem make sure always carry spare normal sd card camera case one stop working work mostly,2
needed storage phone know but always bought sandisk brand always happy product varying size deb perfect,2
ordered two samsung galaxy phone work perfectly exactly wanted needed: love microsd,2
no problem two bought one family member love need four word keep buying great,2
thank amazon showing type memory card adapter needed love buying everything need use electronics purchase needed,2
worked perfectly since day got no hassle problem far hold everything would ever want store no problem,2
purchased sandisk thought reliable name brand galaxy purchased gb card handle photo movie say last month using storage photo occasional movie device failed yesterday losing photo file thank goodness dropbox auto photo upload otherwise would permanently lost photo actually went back amazon branded microsd card gb fast far way reliable sandisk beleive sandisk card failed probably going rma unit hope send better unit guarantee going burn card make sure no error gave one star think pay premium premium product expect near flawless possible good speed but memory failed month purchased,0
put ideatab know another gb space document far no issue solid stable no issue,2
bought add storage gb g ended around gb arrival transfer speed great able copy entire music library minute great working sd card galaxy,2
affordable memory lot storage excellent purchase worth thank every one excellent,2
think much say little card adapter purchased magic wand scanner use work capture image quick swipe across wall chart map card store plenty image keep scanner adapter work great failed store transfer image yet work expected,2
really need phone but figured may well get got love gb storage work good recording p video space,2
great product but production come small issue time phone say card damaged sometimes reboot not sure phone card got one wife never issue live happens every often great price sale,2
seems like good value but yet not gotten actually use mine bought contour camera without realizing apparently known incompatible found afterward contour forum device support microsd gb but something sandisk ultras play nicely unclear exactlyso sure great but might want check around make sure device support thing not universal,1
purchased florida price fab card excellent fast gopro hero absolute must great card,2
better price samsung branded card work well better make sure check requirement device get best card device bought galaxy tab,2
needed extra space store music work great samsung great,2
put camera started taking picture without even formatting disk although recognizes gb make think think may sandisk tool hidden disk bright coloring make easy find camera bag sandisk ultra gb microsdhc c uhs memory card adapter,2
sandisk make great big little card htc sensation g supposed work got full memory card working great able cary mush memory phone great card,2
great product promised slipped right samsung galaxy no issue like adapter provided case want load data laptop directly card not done serious benchmarking around medium performs running card v board memory but not noticed difference promised,2
far working fine samsung galaxy note access video music card fast working fine samsung galaxy note,2
bought new phone got chip largest phone would accept keep lot picture satisfied great large capacity memory card,2
gb sd card month died tried swap said warranty day long last sandisk product ever buy never buying sandisk,0
not much say ordered put new dell venue pro tablet plugged work advertised nuff said work advertised,2
got within couple day ordering easy install work great wanted extra storage right size delivered timely basis work great,2
use nifty minidrive extend built ssd macbook pro highly recommend anyone needing speedy flash card fast good price,2
feel odd give star something disappeared piece electronics but fair work promised nothing wrong use store digital map garmin bike gps computer file gb size map load quickly garmin not problem entering bike route navigating one taken twice mile ride mile ride worked flawlessly time nuff said pretty hard rate memory card,2
good price fast enough load mp file computer quickly use sansa clip mp player perfect match ultra microsdhc,2
yup chip need never want worry running use gopro hero black edition sw go hour longer battery outlasts battery,2
ordered installed dec working fine since quite detailed review others bad experience apparently addressed seems good gb galaxy good,2
low end android phone made using much easier increased responsiveness course storage capacity work well,2
nice able stuff gb music movie file phone still room take lot photo video great price,2
great memory card put phone music picture storage work exactly advertised perfect phone,2
really good price amazon using card expand memory garmin gps unit awesome,2
good value great speed memory purpose serf wish memory good memory,2
catch sale amazon high speed qualitty vendor sandisk high capacity micro sd card highly recommended anyone using microsoft surface window phone best microsd card,2
tried several brand microsd card various smartphones sandisk card far fastest reliable card used like others mentioned format using tool sdcard org but faster card ever used completely error free no issue whatsoever fast reliable,2
great sd card work real good samsong rush hold lot picture lot video lot mp mp matic song good sd card would recommend everybody gave star great sd card whole whole lot picture whole lot mp mp song whole alot w gave st,2
bouth order extend capacity tablet gb gb asus transformer infinity ok asus transformer infinity,2
seeing everyone family kind device utilize microsd sd card item fit bill picked bunch stuff stocking came basic white package adapter full sized sd gb nice size especially new hd smartphones tablet better luck sd card flash drive nearly flash drive purchased died microsd card go south zero full sized sd card go bad installed stocking stuffer car dvr dash cam recording daily drive speed testing show read speed excess mb sec write speed mb sec fast enough hd device stocking stuffer,2
said extra memory chip gopro small compact traveling travel work great work great,2
bought underwater camera take photo video take picture lol great,2
lost data time card know card data always end unrecoverable piece lost dir directory phone creates first time insert card trust hold anything cant afford loose update: purchased akingston digital gb microsdhc flash memory card sdc gblast week replacement lost data yet update issue update : thekingston digital gb microsdhc flash memory card sdc gbhas phone month no data loss better product loos data galaxy,0
reliably turn blackberry jukebox full music video file no buffering stuttering catch fast,2
good price good quality card work perfectly video recorder well canon class really bust speed need import photo video good,2
speed squeak bare minimum class good tablet smartphones recommend picture video camera work adverstised,2
good look sandisk brand microsdhc still wanted wait reviewing usually unit going fail fail first day week running lg optimus phone flawless since install still working sandisk micrsdhc gb year old transfered old htc optimus galaxy still working month later another good sandisk microsdhc card,2
great value money work advertised sd card else say but make write word great,2
sandisc make awesome product digital camera camcorder use sandisc class memory card reliable tough work flawlessly best value money awesome truly best card get,2
memory work phone store file price right looking g fine memory,2
really great micro sd card purchased one samung tablet another one digital video bought two,2
mounted worked flawlessly start transfer speed great using usb capability compatible,2
shipped described easy add phone work perfect picture cell phone allows video no worry memory sandisk gb,2
work great new love thing need work phone better use gb work great work great,2
get ripped buying card direct gopro buy less use money saved buy extra battery since hero battery life suck hero black edition work great recording format speed even highest resolution one require full use card mb sec rating fast copy file computer well benchmarked review already information but certainly much faster old class card use hero camera would recommend formatting upon arrival one initial issue one formatting resolved worked fine since numerous us think missed qc check factory heat issue others mentioned regard defective one people received worked flawlessly since not worried point perfect gopro hero camera,2
bought card extend storage capability tablet hold hundred short video file without use tablet built memory transfer speed computer card relatively fast someday may need storage tablet always buy another one card lot storage,2
best deal could find fast microsd card seems work fine new android tab lose fastest memory least android tablet,2
yet but soon new case look forward using know else say used,2
use phone transfer information back forth phone laptop great holding lot item no problem probably get another larger size workhorse,2
suppose use samsung laptop never remove never problem nice microsdxc,2
work excelent see fast others good performance sandisk demonstrate excelent product case excelent memory,2
hello micro sd perfect liquid image ego camera hd fast great capacity excellent recommended perfect,2
bought astak cm memory card work great no hesitation video great pice no problem thumb work fine go pro knockoff,2
bought gb micro memory card kid tablet kid love extra memory although need new tablet sandisk ultra gb microsdhc class uhs memory card,2
bought yr old nabi tablet thing work perfectly allowing download music game ease loved price trust sandisk product good,2
received card decent amount time packaged well memory card crispy brand new perfect condition installing card video camera worked perfectly good deal sandisk ultra gb microsdxc class memory card,2
excellent storage small work well everything need plus came good price small but great,2
ordered saw excellent spec thought micro chip come well surprised receiving parcel found contains also sd adapter make chip usable computer laptop etc btw amazon price beat chip found costco less copied content older gb micro sd card onto new one swapped chip go : using several sandisk memory chip including compact flash card dslr excellent brand fast reliable not lse data write read error perfect perfect work well samsung galaxy,2
ran disk utility function ubuntu linux lts minimum read maximum read average read acceptable given class designation less filling taste great,2
way less anything could get big box store no issue card far would buy great buy,2
beat class flash memory speed least unit work assuringly f reliably reasonable price no hesitation recommending buying sandisk brand nice fast,2
older generation sandisk gb card bough one lot faster red stripe design also make stand visually nicely wished included adapter would painted matching color instead plain generic black like memory card adapter great quality speed price,2
last card got bad but least one working properly sandisk best brand least work,2
really like sd card fast look good great value said fast storage,2
work well galaxy note ii bought many sandisk memory card never experienced failure even mb sd card purchased palm pilot still work capacious fast,2
memory card tiny work need ten word post review work like expected would,2
say sandisk not knock work great never buy one faster max speed device throwing away money call future proofing next device but know using work great,2
no formatting issue used htc one max daughter galaxy no problem crashing data loss loaded book video music ton space left great product great price,2
lot extra storage space card quality brand name bit pricey opinion great product overall though great product,2
love large storage space great get less expensivettablet make better expensive one great upgrade,2
work good say sd card store video file gopro nuff said bought gopro,2
bought card car windshield mounted p dash camera cam arrived inserted gb card hand type realize could degrade cam performance reading online forum video photo application benefit greatly type memory card ordered sandisk gb type micro sd card wow difference stuttering video thought inherent camera gone believe color rendition better well card far best price supplier arrived quickly solved problem even sure type much faster,2
great speed reliable no complaint lasted month smartphone longer knockoff brand received reliable,2
work great say gopro pull put computer using little sd adapter way quicker pull gb way know used gopro hero black,2
spent thing came fast work neither computer nor phone could read format plenty memory card know unmount software odds fine mine sucked maybe unlucky,0
heard horror story model but one good really make life easier allows plenty storage fast dependable,2
wanted get hero time got hero recommended card but many problem people issue since gopro endorsed card understand changed firmware prevent problem problem gb version read gb lower version ok work hero,2
day but far seems work fine one thing aware adapter came little slider switch write protect mode could not write memory card laptop almost embarrassed asking sandisk support realized problem give blame sandisk since slider no visual indication little dab white ink would gave helped but mostly : anyway aware use adapter far good,2
sandisk reputable company class microsdhc card quick use galaxy record video photo without skipping beat good company good memory,2
working perfectly far fit zeepad android exactly running great recommend gb card android similar device needing additional recording space good,2
purchased add memory window tablet dell venue pro work like charm also shopped aroundand best price found good deal,2
got galaxy note want pay triple price att store bought instead got galaxy note,2
work great dell venue pro great microsd card,2
using long but far working great happy product,2
camera getting smaller smaller time resolution getting better better order take full advantage pixel file get larger larger ultimately rendering small sized picture card less handy camera let take mini movie also eats space quite quickly sandisk card give ability store considerably information neat small footprint want go card make sure compatible equipment not every camera take every card due diligence bigger better,2
product provides stable compatible storage augmentation android tablet true asset need maximum storage device,2
never used micro sd card theyre lot smaller thought smaller finger nail wrote song laptop minute wrote mb movie minute glad bought class card agptek tablet read instantly no loading mobilemate microsd usb reader work well writes read really fast glad bought class sd card,2
cheap way expanding memory phone bought mp camera phone mean memory get used quickly also good quality card usually find sandisk product last least year breaking even longer keep device cheap big,2
guess happy failed month lost month worth picture etc bought card wife son wife minor glitch went away reboot mine minor glitch morning expected reboot fix no reboot caused motorola defy xt tell card blank needed formatted laptop even recognize card put card reader couple hour looking way fix found common specific card edit: happy sandisk calling say compatibility issue class card android phone verified phone one offered free replacement card would certain not issue mine also attempt recovery item card reason buy sandisk first place recommend class lower card phone leaving star people aware compatibility issue severe nd edit: march replacement card going susceptible type failure losing apps etc giving card taken phone turned device cannot count give negative star worked well first,0
purchased ultra microsdhc class card medium player wanted replace gb cardwith one could store music like wide range music pick amon vacation traveling airplane long distance think may bought much card advertised water proof temperature proof x ray proof shock proof totake word not going test fun put gb microsdhc disc mb read speed provided adapter used itin cheapo cheapo toshiba camileo hd movie camera even full high definition resolution p fps disc performed well no stuttering no missed frame low lightconditions nice nice big file full hd resolution read card ush enabled mean fastest card available allegedly reachup bus interface speed mb electronic device using requires courseif card reader device not support speed transferring data usualspeed sort like saying backward compatible but expect blazing speed feeddata fast transferring raw photo full hd digital film take lot time transfer hugefiles transfer ush enabled disc perfect purpose working ush iiwhich supposed allow mb transfer talk instant gratification aboutthere guide sd association regard class rating video applications: class sd video recording class high definition video hd full hd video recording class full hd video recording consecutive recording hd still uhs speed grade real time broadcast large hd video file uhs speed grade k video file ush overkill medium player probably but price terrific deal get class ush enabled card flexibility use variety electronic device hmm onsecond thought may keep card movie camera get another slower one mymedia player usual no problem card work well adapter seems verytough construction star little power house micro card high speed transfers: sandisk ultra microsdhc class uhs enabled memory card,2
work expected fast hoping survived attached item bought met end flying concrete wall android tablet attached suicidal oh well would recommend anyone fun c micro,2
atto speed rating mb sec write mb sec read barely make class not class advertised second time return slow card hope negative review help bring attention widespread problem defective slow card,0
conjunction meenova adapter nexus medium importer make use extra storage medium file music audiobooks movie two nexus model removed package copied video file laptop played nexus without problem delay bought nexus,2
arrived time exactly stated good value amount storage filling music sandisk,2
sandisk simply one best sdhc microsdhc memory card manufacturer used number year experienced zero failure reusable also adapter quite handy carry traveling studio would like see sdhc card terabtye near future star high performanace reliablity value,2
work fine thia card big slow phone little bit but work fine good stuff,2
love card wanted one but retail price much found fair price using ever since first day arrived great buy need one love card,2
sdxc also required new reader read sdxc want read computermost laptop since support model however older laptop sd slot cannot read cardit safe buy sdxc usb reader work samsung g,2
card seemed work well device tried but samsung galaxy would continue unmount mount phone known issue galaxy forum due possibly bad batch tried reformat card phone pc computer but help finally called sandisk rma card took week start finish new card hand new gb card sandisk look slightly different but still gray red however work great galaxy unmounting issue past week good card pretty much everything else except new samsung galaxy phone worked part but sandisk rma,1
worked like suppose galaxy memory card gb storage extra memory galaxy,2
bought microsd card expand storage surface pro work seamlessly easy swap definitely worthwhile purchase great option expand surface memory,2
fast card highest capacity currently buy microsd format probably fastest microsd size also great card,2
work device say gig max put one casio mega pixelcamera say take picture great memory,2
memory card work well gopro record video without stuttering sputtering recommend buy work gopro,2
good item work well phone intend buy later highly recommend type superfine memory,2
bought micro memory card smart phone could take long video phone working ok micro card,2
hold stuff need anything review sorry dont know memory card hold stuff would recommend checking something fisher price hold stuff,2
granddaughter phone slowing gb memory card no room photo transferred photo gb card room many love making happy granddaughter love,2
young kid filled tablet game needed space worked fine like sandisk would buy stock company but not gambling man good rating transfer speed might add class working fine tablet kid hold enough game,2
people know sandisk best price competitive performance work fine lg phone still best,2
perfect price gb class used raspberry pi seem fast access not bogged sandisk ultra gb microsdhc class uhs memory card adapter,2
bought galaxy need reformat fat kb cluster size fully take advantage phone but work great copied everything ipod gb stop carrying device around goodbye ipod,2
wife new galaxy ran storage space moving music library phone ordered two one phone one mine installed couple minute immediately recognized phone easier work like charm,2
company good amazon offer great product great customer service fair price work well together dont sweat buy no brain er else,2
bought unit yes amazon : sandisk ultra gb microsdhc class uhs memory card mb adapter sdsdqua g u samsung galaxy siii one samsung note found one sgiii stopped working tried everything computer different adapter dead dead since three used non techno people not sure still working not contacted sandisk gave test instruction course failed test return pay shipping must tracked cost around item ignored shipped regular mail not expect anything back but know another unit tell not sandisk ultra oh well average price remaining unit purchase price get replacement update message update:i got e mail sandisk advise receive item processed shipping without tracking cost v least give customer service return department credit honest bad memory card problem sandisk excellent name providing good quality product maybe give another star but no thing sanddisk ultra gb dead month update,0
never san disk failure different camera use gopro canon great memory card san disk micro class,2
exactly designed looking forward transferring phone new camera needed basis sandisk ultra gb memory card,2
advertised tab moment full no problem work great,2
love new samsung galaxy phone five star,2
micro card highest quality cant beat price ive looked store noone beat price great price high quality,2
work great gopro camera no dropped frame far arrived time good price would recommend item advertised,2
hard believe cram gig memory device tiny also get good speed file transfer good thing come adapter larger size device recommend keeping adapter time unless inside something like cell phone take microsd size way easy lose something small hate industry mad rush make everything smaller smaller no regard usability anyway memory card great outside since phone take microsd keep plugged time worry great capacity good speed,2
made hard believe much memory stored small chip happy,2
using gps system found eventually run space no longer updated insert micro sd card got ahead time order avoid moment panic arrives good quality price,2
using additional storage new surface pro work great seems fast enough need fast enougth surface pro,2
memory card say good value held end deal microsd card,2
using samsung series developer build tablet expand hard drive capacity come gb ssd worked great far able install run software sdhc work great using,2
filled one time picture video boot hold plenty picture great,2
using htc inspire far no problem format though card fast work really well considering buying one tablet love,2
work good nokia lumia plenty space music picture especially movie high resolution good card,2
dropped right phone no proble disk work great give plenty room storage san disk,2
usual sandisk not disappoint speed incredible price although get variety different manufacturer none reliable one perfect upgrade,2
work work perfectly super cheap not love ton choice really well transfer speed double portable space happier no complaint,2
work well android phone came good price no problem whatsoever would highly recommend anyone good memory card,2
great hd video high definition camera long term time lapse photography project pleased would recommend others ultra fast huge capacity tiny card,2
sandisk ultra microsdhc class card work great samsung galaxy note tablet samsung galaxy phone also used non smart phone work well fast write read speed highly recommended get best experience gadget device especially taking picture video viewing editing opening editing file etc sandisk come long way term quality performance would not hesitate buy card great price fast performance,2
size little disk absolutely amazing everything advertised buy disk great little sandisk,2
bought one phone opther tablet cannever enough memory bought reason,2
great value work perfectly yes,2
sd always reliable top line quality always buy sd none great buy great product,2
im using htc inspire g work well copy extremely fast no lag video camera app worked right box installed htc enjoy hd video instead pixelated youtube quality sd card adapter work no problem extremely recommend affordable yet genuine micro sd card much space android,2
still amazes small hardware large amount storage sandisk leader solid state memory happy reliability speed product would recommend anyone p issue sandisk normally high price however got sale happy paid work great,2
bought sandisk ultra gb micro sd class card gopro hero camera able store p hd video well second time lapse still photo never sandisk memory card fail quality product work expected,2
work great go pro big pc recognize adapter though window xp not tried yet used go pro siver,2
not lot one say micro sd card one cool red stripe class making fast work nuff said application mounting microsoft surface rt tablet encrypted bitlocker safe no problem say,2
start four star plus one star finally gb sd card longing quite time minus one star performance spotty using one surface pro couple month write speed peak sustained mb sec often slows even middle large file copy assume due typical flash memory erase cycle something but imagine would reliable recording video phone end like well enough get two but really good mass storage low bandwidth requirement plusses minus,2
work note smart phone think much else say work,2
bought add memory gig samsung gallaxy easy install recognized right away phone without need format note sd micro sd adapter ship little tight mounted memory card adapter tight hard remove first time sandisk ultra gig fast little card,2
card work fine huawei phone recognized loaded problem satisfied purchase work,2
using gopro find new issue not filling memory but running battery thanks perfect,2
worked great samsung galaxy plenty storage photo video not sure else use yet work great,2
ok price but occasionally removed reinserted device report no card installed think contact little flaky work but,2
popped mysamsung galaxy iii gt factory unlocked phone international version pebble blue work great not format anything work great galaxy without formatting anything,2
worry packaging best could find time name brand class micro sdhc card came basic packaging full sd card adapt needed work great speed test show excellent speed video recording best deal could find time class gb,2
lot memory card variety digiral device smallest memory device ever owned gb storage outrageous wow,2
wanted gb micro sd best buy put movie music sql server database file card everything working great work great good price,2
bought three android phone mortorola admiral lg optimus elite easy installation work described good purchase,2
gb need said stuck surface pro additional storage space no problem gb,2
usb card reader crystaldiskmark show blazing fast mb read but disappointingly slow mb write speed pretty much forget reliable p video recording update: correct write speed great mb enough p recording need clarify card slow uhs not enabled read write speed drop mb device year old canon not support uhs p recording may not reliable card classified class support sustained write speed least mb without uhs fails test observed reviewer well fast read slooooow write :,0
rip music sacd dsd put microsd playback smoothly fiiox digital audio player no matter big file use fiio x fast transfer,2
bought kid tablet action camera work device device seem like slower card work device handle,2
nice four star,2
must device u need extra space adapter allows easy transfer info picture music document must,2
bought android tablet best part android adding work great best part android adding,2
well since gb not enought purchased one specifically samsung galaxy note way far better iphone compare not trolling casethe sandisk gb work perfectly note transferred original info previous gb sdcard heart beat movie music everything work great dont understand people rate product work described work great samsung galaxy note,2
work great modern phone tablet however unable use pc sd card reader appears older card reader not compatible class new card could not written without operating system win reporting write error probably blame card reader but never failed trying write card comptibility issue,2
card run great note not sure compare one benchmark test but many option available time bought love gig storage phone no issue work perfectly samsung note,2
purchased item expand samsung galaxy tab memory fit well wanted would recommend item good deal cost,2
bought product order use dell venue pro tablet work advertised allows file stored memory instead tablet memory formatted use ntfs mode not noticed problem d work good,2
onboard memory plus expansion card android tablet memory ipad tell fast memory really fast no not really seems compatible samsung galaxy note no error message guess life good seems job,2
default formatted exfat expect device recognize support system m standard allows gb fat but care : free tool format fat personally used linux got done couple minute recognized samsung tablet note right away definitely buy one device one point people complaining speed device adapter support speed mb try use test card using usb complain : got wanted perfect far,2
bought create bootable sd card nook hd could run pure android instead native nook o work beautifully work beautifully met expectation,2
satisfying purchase needed increase storage capacity core samsung series slate pc em equipped lwith gb ssd gb memory card fit bill perfectly research cconfirmed micro sdxc card gb capacity work memory card slot window pro slate device purchased memory card attractive price amazon offering daily deal time period needed product memory card arrived without delay packaging siimple worry free real plugged sd card slate pc card slot formatted card exfat v ntfs research ready go transferred photo music ssd sd card freed valuable ssd real estate o use slate pc humming lot ssd space available play back music video photo slideshows smoothly card delivers function satisfied purchase highly recommended star no hesitation memorable deal,2
good size good price small camera phone take micro sd memory fast but not hyped aiiiigh super speedy need good standard usage average consumer photo ringtones game lightweight video etc solid memory good price,2
one not bought google anybody else idea streaming everything great regressive data cap sketchy throughput never want rely something available online much better local new card finally pack music gb photo dozen reference ebooks video boot still around gb free breathing room podcatcher real bummer card speed got acclimated sandisk gb extreme plus level speed going back ordinary class speed card little painful luckily playing music even playing video oversaturate read performance trip however straightforward copy move operation listening something card not seem handle multiple simultaneous operation without something going awry long understand limitation live enormous amount storage pack phone tablet welcome far used one samsung galaxy note n lg g pad sony xperia z compact success finally,2
different device require either regular micro card ever forgotten bring one no worry adapter like get micro card adapter one low price fantastic get one no one blame but yikes forgot bring regular card,2
said great card plenty storage space handle expand tablet camera video camera need included sd card adapter micro card read sd card reader writer initially formatted format window pro m surface pro could read see but another laptop using sd adapter able reformat make usable surface pro great card great price great sdxc card,2
perfect match otg device moto g solid speed transfer play hold music video leaving storage apps phone excellent,2
job item available almost anywhere but amazon lowest price girlfriend needed upgrade smartphone memory card work quite well tested shooting sample video came clear said plenty room apps game photo course video highly recommend need smart choice reasonable price,2
card plenty space fast come adapter turn normal sd card convenient dropping computer offload data great card gopro hero,2
knew buying sandisk would get great sd card super fast really like phone need micro sd card one perform great not let great sd card,2
use samsung galaxy siii great instance card not recognized but simply rebooting phone fixed problem unsure whether samsung issue probably sandisk issue but happened time course year half overall write speed fast enough record p video directly card exactly wanted come full size sd card enclosure allowing use device require type memory card recommended work fine phone,2
always worry sd card fake even retail store but no issue price great great price,2
sd card month use galaxy never issue transfer data pretty quickly gb good amount space great price good quality,2
memory card hold info gig say lower cost would good but work goodness,2
using old gb card since motorola slvr figured time upgrade glad speed class major difference smartphone taking picture faster less lag shot shuffling music without delay highly recommend anyone looking upgrade said beware fake originally purchased one ebay not paying attention location came shipped directly china doa luckily managed get refunded paypal issue amazon though upgrade old gb,2
used yet first encounter micro appears quality product though instruction using adapter would welcomed good cost fulfillment expecting function advertised based sandisk track record house micro flashdrive adapter nook,2
bought card music expansion samsung handle task deftly know would work intense need speed environment but perfect purpose great phone,2
worthless would retched stench card completely turned away ever trusting another sandisk product would use future keep corrupt mi information frustrate anyone attempting acquire data reformatted time full using various allocation size operating system function window randomly work mobile device left decide want bother researching better understand problem future simply purchase another card reliable manufacturer hello kingston po,0
work expected suspect many people trust sandisk hope stick maintaining integrity product earned often pay little sandisk but never disappointed product others like adata fairness adata failed make good several defective product purchased never test sandisk warranty never failure perhaps product support bad adata but never opportunity test satisfied,2
solid performance great transfer speed enough said strongly recommend card class bargain price great memory card,2
great buy high quality ton space meaty music collection couple video pic aa well store roughly movie little microsd card ton music highly recommend lot room music video pic,2
bought sd card use cell phone worked really well far could tell transfer data fast rate no complaint good sd card,2
mem card fast exactly supposed save picture quickly plenty room great memory card,2
bought samsung note tablet store movie book watched full movie though watched full tv show without issue really anything else need speed say fast work,2
bought samsung note could store entire music library phone pop cover put microsd slot worked perfectly phone gb storage take iphone still amazed much thing store,2
got number sandisk brand product none ever failed year used saying something day electronics card performing well keeping data storage device using one video recorder one scanner somehow would expect nothing less but good know quality consistent good speed good quality,2
work well new tab pro able download lot content youtube watch long flight use device take sd card happy excellent,2
besides blowing mind gb data fit chip small also magnet work nothing particularly special product work intended cheap sandisk kingston go thing data storage hold data,2
exactly advertised shipped fast love converter come plug computer good product,2
big problem lately finding trustworthy source sd card manufactured china rip company selling fake card competitive price but fooled price seems unbelievable end card not less capacity paying but lower class sometimes faulty card altogether come storage pay extra cash get something reliable like sandisk ultra gb sdxc class memory card blazaing fast work well htc evo lte android phone side note: card brings total phone storage capacity gb gb full access gb synced cloud true class,2
bought galaxy expand memory capacity bit work intended fast transfer rate no problem far memory card say,2
got expand memory storage samsung galaxy note tablet paperwork claim support gb but review card note said gb worked fine work fine store mostly music got gb worth music would taken gb built tablet also use tablet sheet music needed capability best solution far worked wonderfully top came microsd card sd card adapter making file transfer even easier overall would highly highly recommend product excellent solution,2
work perfectly camera read writes fast great buy,2
several device use micro card buy anticipation need future not going test see work get item buy good price loading camera recording gear trip maybe day le man check travel check battery spare charger far not problem sandisk gearing trip destination bit question point sandisk name trust,2
nice product plenty space quick easy use also nice thereafter use many optional device micro sd card,2
product worked well go pro black edition not slow glitchy love product reccomend worked,2
card awesome even seems make phone run faster would say must great,2
contour camera want use not format even bother room photo not wanted not format,0
large storage capacity small package store photo data great little card,2
fast recording downing speed go wrong wit also used smartphone would recommend friend use hp slate pro,2
excellent used upgrade capacity asus tf x tablet greatly enhanced ability tablet easy use transfer information necessary worthwhile investment,2
bought use gopro hero black edition excellent storage r w speed filmed p w fps shot picture rate picture second no issue excellent product especially camera review sandisk ultra gb microsdxc,2
seen several recent review complaining not getting packaging sd card one person even questioned card new not amazon offer frustration free packaging many product take care opening repack plain brown cardboard make easier consumer card option come retail packing amazon frustration free packaging ordering option seems option default frustration free order retail packaging option look like store shelf order retail packaging,2
scan disk gb microsdhc c uhs memory card adapter work well purpose pleasedwith product name brand aaaaaaaa sandisk ulura gb,2
work fine issue bought another gb micro sd mini but used yet far pleased purchase ordered hassle free packaging card seems legit decided order retail packaging card since read story fake shipped people work,2
speed great work great work great everything tried honest wife think creating disneyworld electronics goody bought well toy old juvenile memory make lot better ask,2
put galaxy tablet increased memory gb hard believe much space something small great price fast well built,2
give memory card star work like charm easy use plug play packaging easy open worry damaging card slipped right samsung galaxy maxing card slot sandisk gb but display gb stable fast work really good format anything extra step use recommend everyone must buy memorycard,2
always bought sandisk memory camera still satisfied time bought galaxy siii speed class reliability worth sempre comprei mem oacute rias da sandisk para minhas cmeras e continuo satisfeito desta vez comprei para galaxy siii velocidade classe e confiabilidade valem pena reliability,2
bought two one galaxy note one wife samsung charge no pre formatting required simply take case pop phone recognized within second actual space gigabyte change right money plug play galaxy note galaxy,2
always good success sandisk one let use camone pov work well good chip,2
disk work expected rarely fill purging content sandisk quality,2
arrived fast unpacked easily installed quickly operates without problem happy purchase currently installed samasun ativ smart pc no problem,2
able copy item old memory card one plugged phone without formatting work like charm galaxy work like charm,2
memory card worked well samsung instantly recognized single thing aside installing worked well samsung,2
came late ski season but mounting bike helmet summer ski season start ski helmet work fine helmet mounted camera,2
use tandem niftydrive macbook pro know nifty drive small adapter made machined aluminum fit seamlessly mac ssd slot gb micro ssd add hard drive space inexpensively put entire dropbox folder gb thing every bit fast mac internal ssd fact think might faster finally legitimately fast gb micro ssd,2
bought use gopro black work advertised plenty room photo video yet fill card recording time lapse period hour bought gopro,2
bouthg memory contry not many store seles good product well buit iplication phone wrock great whet get chance well g exelent speed,2
fastest sd card ever mb recorded full hd video card help lot damn,2
sandisk card seem least write error experience great price win win ask,2
price gb micro sd card excellent compare retail card reliable no issue bought one samsung note tablet samsung galaxy reliable,2
using galaxy iii work fine stock touchwiz custom rom corruption lost file purchased hit range look like stay fine month,2
amazing gb micro sd work samsung note using yoga pro modified nifty minidrive gb micro sd,2
card great originally bought cheap class card gb storage no problem far pros:cheap card would cost lot moreclass gbfastworks smartphonecon:none far great card,2
memory card failed mysteriously overnight not sure but phone work fine different card four word not sure phone caused but failed two month,0
bought expand htc sensation still loaded completely still not sure well sensation organize gb music probably replace ipod but awesome little chip add ton possibility otherwise great phone problem formatting size limit worked htc sensation,2
alway bought brand reason month ago got brand bad move ended getting money back bought one work like champ way go best,2
bought use samsung galaxy note verizon work wonderfully not need reformat pop ready use get speed manufacturer say but need stream medium sandisk ultra gb microsdxc class,2
love extra space available sux future phone android moving away sd slot love physical storage available delete something cloud recover not worry reason give star sometimes feel little slow but nothing deal room,2
good microsd memory use android phone see gb space recognize immediately phone not freeze playing videogame like asphalt design cool like speed would recommend memory smartphone user excellent product,2
bought expand memory m surface work perfectly music photo perfectly stored work like charm great surface,2
fast reliable product use every day two computer saving multiple file one pc moving another backup fast memory even survived overheated reader,2
make great supplement not latest greatest ssd keep personal document work laptop micro sd card save space primary ssd great supplement ssd,2
love sd card great result could not happier love price able get bought probably buy think ever buy anything but ultra series sd card fantastic product,2
great microsd card fast gb give lot capacity smartphone fast lot capacity,2
copied data phone gb sdcard new gb everything worked fine first time card installed previously done gb gb result not increase speed phone controlled phone operating system never owned bad san disk card leave home without,2
love product space perfect device run really fast thought came great price highly recommend product excellent,2
card seems work well enough speed far working fine good value great quality lhb good,2
bought size adapter macbook pro fit right sd slot nice flush little handle use remove but love getting extra gig memory use time great product working great,2
sd card work perfectly use samsung galaxy lte sd recognized without problem not need format sd plug play ups sent shippment day recommend product provider excelent,2
work expected able successfully upgrade samsung galaxy memory photo video saved sd card upgraded samsung galaxy,2
good product excellent quality original work perfect phone recommend anyone need good memory phone great one,2
card exactly expecting fit perfect tablet enough memory add playlist song memory card,2
photography got gopro micro sd card class great photo video best thing price went bestbuy walmart target even cv looking deal aware find micro sd card sale but none class cheapest found class gb around smart get time wait patiently great price,2
got memory card good deal using samsung galaxy far never filled memory card still least half free space card great storage mobile device,2
incredible speed phone recognized within moment able transfer book music video everything onto phone room spare without worry fully consumed memory card arrived day earlier even assumed pros:incredible speed class exactly orderedtons storage cons:i serious nothing wrong worth every penny,2
got item dash cam convertible dash cam recording time driving car needed lot memory card job brand name fantastic no problem work ought sandisk,2
great find work perfectly tablet extra storage photo buy san disk gb micro sdxc card adapter,2
went new samsung galaxy light cell phone store music file cell phone photo zero problem sd card work sandisk top brand no trouble recommending look many dozen recommendation class uhs one fastest protocol available currently worked fine samsung galaxy phone,2
got card let copy file would not recognize three computer android tab home b unmount middle file copy two thing happened randomly got replacement but suffered problem letting format yay farther got unit crapping mb file transfer avoid guy unmounts,0
shopping class microsd gopro staple od om sell amazon bought work well cam come sd adapter fast cheapest around,2
work well mysony pcm portable linear pcm voice recorder electret condenser stereo microphone khz bit gb memory usb high speed port black work sony pcm portable linear pcm voice recorder electret condenser stereo microphone,2
happily nestled memory slot nook tablet performing promised nook memory slot easier access well card arrived time well packaged chugging right along two month would definately recommend lover video music space consuming file work advertised,2
work great galaxy iii converted good music flac file lossless playback using android gonemad player happier transfer speed good no hickup playing back audio file work great galaxy siii,2
memory buy video camera cell probe camera battery first memory capacity ok,2
ipod finally bit dust bought card use galaxy could use new music player easy transfer music get playing right away complain nice able expand storage phone enough go buy another ipod lot music thing hold slow phone no complaint actually bought another one galaxy tab keep music safe say would buy ipod died,2
well almost going less space memory sony xperia zl but wow gb memory must day love choice product work good excellent loving new memory,2
great chip work fine camera tablet streaming music but putting something high demand like raspberry pi cubox higher speed chip better ok need speed,2
fast easy great amount capacity xc pretty quick enjoying mine galaxy : nice,2
bought expanded backup memory tablet samsung galaxy tab installs easily work quickly even great sandisk memory app help organize file see visual representation much memory taken much free came adapter plug computer transfer file want awesome nothing bad say memory card great fast huge,2
use surface rt store movie etc kid sure wont tampered work great surface rt,2
work note need know get work say note go gig but not accuratei got one work note format computer fat kband presto lot space whatever wishjust download free version easy u partition master format card using settingsfat kbit worked worked perfectly,2
not sure say helpful bought month ago worked bought still working say anything speed since tested never issue speed though trust sandisk everything bought good great,2
say beyond headline work expected would buy need reliable storage sandisk always performed well experience,2
excellent got but still testing see speed greatest deal anyway cheap time nice,2
added bg two san disk ultra gb memory card psp micro sdxc adapter memory stick duo great way add memory psp,2
got couple card storing music file mp player transferring thing cell tablet pc fast working good far last but not least black friday discount great fast reliable cheap,2
sd card work great issue since bought expect issue love,2
almost unbelievable micro sd card range size gb class boot pun intended come sd adapter work device us sd micro sd memory card sure check whether not device handle extra memory device recognize gb gb mean unless check manufacturer fault bought wrong size memory not able exchange due mistake card used cost upwards not long ago ridiculously cheap especially quality capacity getting thanks fast small inexpensive,2
use window file history drive fairly fast easy use durable also used normal sd card included adapter easy use durable,2
fast reliable worked around month nothing complain good fit asus tf work well,2
price tech item always dropping getting bleeding edge stuff usually cost bit thanks amazon ability find deal like worth getting gb micro sdxc phone removed gb phantom vision shipped gb unit class want using video recording always count sandisk quality good bang buck,2
pretty good price great performance using micro sd card year tried many brand mostly cheaper reason around continue tried rest back best,2
not sure card use gopro one work fantastic majority stuff ive seen researching point exception issue gb but cant validate im not sure still problem ive using year no problem work great gopro,2
space droid razr gb still empty microsd slot figured pick seeing reputable brand flash memory glad went sandisk ultra seemingly no difference speed drive built internal memory phone record lot video phone recording straight card hd no problem installation breeze took memory card package inserted phone phone brought menu asking wanted move music video photo memory card selected three category minute moved medium onto memory card even anything else read review said reformat card mess around moving file hand but tried using included sd adapter yet but imagine work well adapter adapter memory card shipped little clear plastic case make easier carry adapter around need price card bought dollar generic brand decided spend extra dollar since would really upset lost photo video due corrupt memory card satisfied product would highly recommend anyone looking increase storage capacity phone anything else would fit installed effortlessly fast economical,2
good value money performs like sandisk piece mind fail good value,2
first gb volume enough addition fit every device love good,2
function perfectly samsung galaxy tab ii no issue slow processing time great product highly recommend memory card tablet work great,2
return get another one first faulty hear semi common must not enough testing might suggest buying two returning one desperate sudden need one chip no matter size hit miss,2
work fine but becoming annoying even flash device buy gb but get gb not label exact size work expected,2
installed micro sd asus tf transformer worked even though tablet support gb added gb usable space work transformer,2
like come handy fit good galaxy smartphone no problem filing data computer sandisk,1
say memory card took package put gopro turned gopro everything worked gopro hero black,2
ok dad needed microsd g galaxy using way much space video picture one tech saavy people world got work yes well might add like said dad work well tech microsd slowed phone saved picture video ran apps happy know problem card experience no lag month uhs speed class really life potential best perhaps little known fact card waterproof get phone wet dy worry card still perfectly fine pop new phone stuff no con yet update needed fast affordable waterproof,2
relative needed new sd card upgrade gb trick great phone great relative g,2
not bad doesnt feel quicker normal gb card get gb storage supposed gb,1
love micro sd used main memory phone mostly galaxy come gb free space pretty much enjoy ultra gb music photo movie but not apps phone not compatible moving apps sd still work phone but not one say one fastest micro sd ever bought recommended lot fastest sd ever,2
plenty room photo music random document decide load onto phone work great htc one apps stored sd card run smooth phone file writes fast expected xc card downside minor microsd adapter come seems little cheap but hey not reason bought card fast huge,2
work well samsung laptop hd video camera replaces sd caused weird loss error samsung sgh phone several sd card refused writes lost data mount problem sandisk gb memory worked perfectly several device operating system work perfectly several device operating system,2
purchased htc incredible phone use key chain storage device card run hot copying gb file almost scalding touch but reliable issue reading time thumb drive adapter may fault not card run hot but reliable,2
could not figure card crashed multiple time samsung galaxy siii demanded reformatting hr call sprint samsung got guy read factory stuff samsung galaxy siii class class supported motherboard qualcomm processor sprint store sell class memory reason camera memory class not sold board like pc support data stream not android phone better make sure motherboard support even samsung usa website not tell board supported memory tell board manufacturer galaxy siii phone asked texas samsung advanced tech support center hr hold no spec even share get pas cell phone unless get writing motherboard manufacturer phone went stuff building custom pc intel motherboards memory built run board speed processor not work properly crash lose data warning not android phone especially galaxy class motherboard,0
purchased card inserted new blackberry z smartphone first card recognized but formatting exfat ntfs know know warning told hell would open eat but im not scared worked flawlessly would buy reformat supposed,2
bought memory card galaxy note sandisk worked great card recognized quickly put music video file save room internal memory price also good fast memory great price,2
not ok gopro hero black edition speed card brand class standard use card gopro pro tune stop recording min already returned item bought samsung class memory card instead not compatible gopro hero black edition,0
operate commercial whitewater rafting company buy bulk whilst renting gopro selling footage along card customer never bunk card problem whatsoever card far advised gopro rep sure buy name brand like sandisk adapter well appreciated customer not people port micro format but also microsd ridiculously small far easy lose buy perfect gopro hd,2
bought add daughter new asus transformer excellent access storage speed excellent access storage speed,2
work good five star,2
bought use blackberry z work great hold music itunes precious picture wife kid no problem whatsoever z size price,2
work required fast processing data week crashed : say,2
bought samsung galaxy load music work flawlesslyi satisfied card good product,2
purchased card gb version use samsung galaxy phone worked perfectly almost three month point stopped mounting phone detects card but incapable formatting even worse computer not even detect card anymore yes using sdxc compatible usb reader contacted sandisk rma probably replace although replacement process needlessly slow painful bought card based glowing review but going stay away sandisk product died within three month,0
great galaxy didnt anything special transfer file fast got going must phone verizon love,2
card quick responsive love load much quicker card also price great great card,2
gb doctor ordered take gb call morning ultra run fast lot capacity electronic need seller great getting package quick price right highly recommened cant beat,2
researching review best memory gopro read people issue card but possibly could mobile version not true class card far no issue card recording uploading etc work excellent,2
work perfect no complaint fast bought say going awesome,2
always sandisk guy card work note give gb format ask much including fact sandisk stand product excellent customer service could never imagine buying micro sd sd ssd anyone else bet wish one,2
hate worked fine month month started problem first every not recognized device month pull place every hour might microsd problem but wont purchase one ever worst product ever purchased,0
nice card fast come reputable brand hold gb card size fingernail really cost much anymore several brand card choose but always liked sandisk issue product also red gray branding card make bit easier spot card case drop leave somewhere great around inexpensive nowadays,2
nothing but success sandisk microsd card although may pay buck generic brand want trust picture video recording anything else buy sandisk microsd card keep good quality one best microsd card buy nothing but success,2
work well smartphone great speed highly recommended use successfully samsung galaxy sii phone excellent quality,2
exactly look like gb micro sd card read writes well come good packaging sd card adapter sandisk brings high quality product tend stick cheaper brand great micro sd card,2
want write review gb sandisk microsdhc class card star extremely fast class allowed canon sx shutter speed transfer information quickly camera small processor also allow burst mode fps amazing non dslr card also reliable no read write failure two year using one negative small dropped easily getting adapter still working computer since gerbil running power pc marvel anything small hold high def gb photo gb card smaller pinky nail love sandisk microsdhc class card,2
not much say work fine included adapter difficult remove microsdhc card but may due big finger plus card small one would expect micro naming speed adequate no buffering issue noticed video capture phone hd resolution recommended work fine,2
electronic call size use but hate darn small fool one work well but try avoid size futher darn small but,2
use sandisk exclusively serious pro sumer work including hour concert video never problem year use anything else simply best,2
bought stash one would watch go movie song previously owned new galaxy extremely impressed fast device work outside phone inside used phone dramatically slow phone sd card wired computer via usb but really unrelated process isnt painstaking fast huge capacity definitely must enthusiast note: ic android stopped allowing movement apps sd card youre planning installing game onto card need rooted phone card useful thing music video rom youre interested even outstanding performance,2
transfer mb not super speedy but allows run software window tablet,2
great great deal bought really good price bought brand new galaxy looked store found micro sd card selling work straight box no issue buy love great price,2
work great using car dash cam purchased different card one actually fast enough read write fast,2
wow fast memory card bought new gopro hero great performance full hd video shipping fast nice communication shipping estimated arrival time sd card adaptor work perfect full sized sd reader built laptop transfer speed blazing read speed amazing sandisk best really worth buy top end class micro sd card hd video card video demanding youneed sd card keep hawaii play hard gopro sandisk card working flawless full p video great micro sd card fast fast,2
needed option increase storage available wife nook tablet serve purpose perfectly inserted micro sd slot second later recognized exactly needed,2
far card worked well no glitch dropout recognized everything far work computer home computer camera not problem yet good little card,2
get stuck sometimes adapter little hard pull but great product great product,2
no issue card work great ton storage space music not bit overkill but like work great samsung galaxy note,2
ordered gopro hero black started searching good microsd card everywhere looked wanted like gb digging around ebay get retarded time chance found one ttd performance awesomei tell market gopro hero black get card go wont sorry powered sandisk,2
using mini mp player plinking song onto worked flawlessly gb player gb player exactly advertised,2
used gopro recorded amazing p video long time lapse no issue freezing corrupting hd video great memory,2
used dashcam record p continuous hour without fail also used zoom h work still working,2
use gopro black work well nice came little usb reader like brand tiny hold lot,2
memory card work get job done failed yet knock wood work,2
sandisk best trust cause take care quality packing great fantastic,2
work exactly no issue samsung galaxy not noticed speed issue well use plenty movie would recommend no issue,2
wish could install one head but settle installing brain increased memory tablet great allowing use many thing memory,2
got dell venue pro tablet work well fast least tablet memory speed true ssd sandisk give good quality reasonable price go sale often amazon look deal good read write speed work,2
even waste time buying memory card gb written but actually even less gb never experienced deception tried loading pic music data day one but no matter take gb data realise till read story similar memory card state gb but would contain smaller memory capacity often time even less gb bought card big waste scared buying memory card amazon online elsewhere dear sealed sanddisk packet thinking must original ala big waste lost confidence buying memory card amazon waste money,0
took advantage irresistible offer amazon gb card performed like charm roku satisfied suggest anyone looking fast micro card give look one excellent micro card roku player,2
bought put wifi enabled usb flash drive work fine get entire cd collection goal perfect job,2
fast safe good quality excellent performacea bit expensive comparing model store good,2
comment reading speed but flac audio file run smoothly sansa sandisk never failed card assume hold not update work sansa clip beast,2
suppose good price delivery shipong fast isy third piece use dash car camera go,2
excellent product fast lot space using samsung galaxy no issue recommended excellent fast lot space,2
bought wife able record tv program phone hand baby car start get fussy thing hold lot phone take little longer start since open medium but not much great great little card,2
purchased micro memory card gps updated map recently gps ran room could no longer put entire u map card fit neatly gps slot add enough memory gps work fix place long know well continue work adapter look handy another use card seems work fine,2
got yesterday gb item installed new samsung tab turned tab saw right away decided format took couple second good go show memory unit available must use rest overhead guess used yet but sure work fine problem note also great praise note also guess good price see maybe shoulda ordered two first time lap top big learning curve got lap top costco last week sure hope old dog learn new trick good go samsung tab,2
use primarily store music photo sd card camera writes card directly notice no difference speed formatting issue first thing popped phone format using built option setting worked flawlessly month great fast card samsung galaxy note ii,2
really good deal definitely good way save money buying item less memory buying one lot cheaper good deal,2
bought one gopro last year ended putting tablet last week ordered another one gopro trip next week go phone guess need another one next trip second one,2
got transformer infinity tablet gb decent amount begin however wanted microsd double decent storage size decided go sandisk since never gotten bad portable storage microsd still working fine tablet video wanna watch go tablet also useful store apps installation microsd else expect,2
wanted many song take around get bigger card one great no memory issue time soon great size excellent price,2
add extra storage phone flawlessly uhs mean really fast speed highly recommend get one phone tablet take one great,2
pros:small compact gbhccons:none farthis unit micro sd card quickly bought son android tablet memory extension run apps directly sd card no problem affordable high speed great option smart tablet extension,2
micro card excellent intended purpose bought several no problem like deal card size absolutely no bearing performance rating never used adapter cannot comment excellent,2
saw difference another gb came digital camera really faster using smartphone without problem far good,2
purchased samsung galaxy tab worked fine pretty fast nice amount storage sandisk good brand nice card,2
hold lot video memory small compact convenience travel due small size need remember place miniature better carring around tape,2
else get legitimate micro sdhc gb memory card price speed mb fast low cost gb cannot go wrong name brand san disk got ripped buying imitation unpackaged memory card worked day real deal,2
used gopro user review indicated gb card not work well buy recorded photo minute video gb card work expected,2
complain memory card job recieved memory card quickly not issue card yet job,2
say memory card remembers supposed least remembers well better problem micro sd card small easy lose thing get smaller start inhaling accident sneeze something good product,2
still going strong month htc phone get disconnected time though not sure due card phone hopefully last : working well,2
buy thru amazon tried ebay always come thru got messed four time no real recourse lose paypal nobody pal no rack terrible others take advise stick one always came thru every time amazon amazon h rhodes amazon want good quality fast always time every time,2
work camera remote screw work well fuji x red even make fine but would like black best deal good quality,2
designed sandisk gb galaxy,2
nice storage device work well come standard size sd card adapter worth purchasing austin perfect,2
got use gopro hero fit worked well since camera not come micro sd forced find one choose one cheapest could find time made little weary product but receiving using no complaint store preview picture video highest resolution hd quality preview looked picture video inch tv like watching hd tv impressed,2
work fine phone phone detected error first used worried but let phone reformat good excellent price beware may not work older device work advertised,2
comore esta memorka para completar mi nueva samsunb galaxy tab funciono muy bien ahora tengo gb de memoria para alamcenar info perfecto,2
use samsung galaxy work great space save document picture : work,2
get want plenty space keep best shot memory best price reasonable lot space,2
necessary need space storage phone microsd card gb perfect perfect,2
card fast work really well prepare last app good not best but give option back phone perfect card samsung,2
use phone apps installed speed great havent issue brand noe still today great memory great price,2
great but damned thing really small one but put lost good needed,2
two one smartphones work great ultras far surpass basic microsds great memory,2
sandisk ultra gb microsdhc memory card good value money double memory new samsung galaxy no perceptible delay access card built memory sandisk ultra,2
class sd card certified certain high demanding application like camera use pair htc one cell phone fantastic luck fantastic fast,2
work great note ii no issue read writes fast no corrupted file note ii no issue reading card friend bought brand card cheaper every often get card not found error good buy gb class card,2
got gb card placed sony cyber tx camera ran preparation program second low behold work perfectly shooting taking hd movie highest re picture used sony software download recognized card gb camera could probably take micro card work sony cyber tx no need reformat,2
bought gb version samsung proclaim android phone straight talk wireless model removed current gb card phone put one card reader mac put new gb card another card reader mac copied phone file new card saving old gb backup note: not formatting new card read mac phone inserted gb phone booted no problem first hour use update notice overheating card failure etc reported others showing gb available storage card received amazon copying file work samsung proclaim k illusion straight talk,2
best quality memory super fast wonderful cantiad gigas good best brand speed excellent,2
bought use new gopro hero black work great like fact come adapter though really wish move usb adapter standard accessory highly recommend work great gopro hero black,2
go pro hero black work good hold ton video pic fair price shopping around thanks prime maximum go pro take good go pro black,2
work great note no problem installing format anything put turned phone back everything transferred quickly thanks work great,2
using lg smartphone recommended speed memory card ordered booted went service no problem no reason think problem fit perfectly,2
beat price five star,2
ordered frustration free really know surprise package already open amazon trying make life much easier even need open anything anymore ironymaybe someone messed card maybe not but never ordering anything frustration free package test card update review update:after testing card contacting sandisk able confirm card authentic star review reflect packaging might not use next time amazon frustration free packaging not frustration free,1
got easy open package card worked first time samsung pad recognized card bit expensive though worked,2
work priced right adaptor fill word meet minimum requirement e work,2
finding electronics using micro sd card stocking good buy price need micro,2
use cell phone device requiring microsd card one compatible device even one outmoded like cell phone work great no problem storing reading data ever consistently use sandisk camera music device etc highly recommended work perfect cell phone,2
always satisfied sandisk product memory card not disappoint fast reading writing ability sandisk done fast reliable,2
looking card put music occasion phone but hd zune way best music player ever low shame make card hold tune gb spare excellent speed music playback excellent capacity would nice get gb but price simply not reasonable great card great price,2
product expected crystaldiskmark x c hiyohiyocrystal dew world : mb byte sata byte sequential read : mb ssequential write : mb srandom read kb : mb srandom write kb : mb srandom read kb qd : mb iop random write kb qd : mb iop random read kb qd : mb iop random write kb qd : mb iop test : mb f: gb x date : : : o : window home premium edition sp build x performs expected,2
number thing important product work work well card purchasing make sure phone camera support card currently using galaxy working flawlessly far used gig sd card phone load everything couple second every time restarted phone card class not mean make device faster device used capable supporting card work together harmoniously also device like galaxy not require card formatted used straight box gig capacity rest reserved card software not worry running space anytime soon previous gig card great sd card,2
transfer file easily fast sandisk make great sd card reliable pleased product great product,2
requested replacement update review receive replacement but first card got could read but every time put computer said error repair error even format using command prompt try get work could create folder card but not put anything onto card folder tried many many thing nothing worked know sandisk make decent product change review later first one work,0
work like dream smartphone used camera pic storage video music really enhances capability flexibility device slot work like dream smartphone,2
hard mac read mhz mac might card fast gopro no real complaint good card,2
fast access time amazing amount storage small size price impressive could not beat thanks amazon great,2
using card venue pro without issue used primarily store photo video card reliable but not fast data transfer window range mb speed sufficient purpose got card good deal faster card easily double price good memory card,2
fantastic laptop tablet put music onto two card music travel perfect,2
not much say card work well samsung galaxy price great large storage believe happy purchase work great,2
sd card adapter came handy able use card father law nikon good card,2
bought one but died galaxy but sent sand disk sent brand new one work new samsung galaxy phone,1
bought absolutely no issue nice micro sd card,2
card exactly class performance fair price microsd format faster though fact option nominally higher price including extreme version vendor good value class but no speed demon,1
amazing amount storage putting micro chip day use dive camera taking video picture chip let yet no error far good,2
awesome worked well surface tablet later return surface tablet since seem like needed but made sure take memory card : never issue though no issue good micro,2
use samsung galaxy store photo video data store retrieves quickly greatly expands capacity phone work great,2
probably nth memory card bought sandisk far still happy r w speed decent none given trouble always happy sandisk,2
item arrive time but unfortunately defective would not accept copy operation investigation led discovering card bad sector refund progressing without hitch however not lost bad luck received faulty card,0
work great galaxy not issue year ownership good usd card,2
thing better exist yet sure get u marked model others slower bin gb size nail,2
work ultra great no complaint got retail package ultimately ultra,2
computer tell difference least not noticeable needed extra space thanks great product great price work like charm,2
trust got long ago still going strong large size storage need reliable buy one two gig card would get cheapest no name brand but anything larger get still going strong,2
go wrong sandisk always work never issue one no different enough storage space sandisk great,2
looking gb memory card found one local electronics store but logged onto amazon com found great price pay come amazon get less bargain,2
first amazon shipped mobile version card different listed page go star incorrect shipping item stopped working week surface tablet stopped working week,0
product work advertised gb card allows store video still without change card us love gb msd card,2
described no problem recommend problem price high may order gb well work good,2
product work fast reliable capacity huge use tablet phone carry lot picture video highly recommended fantastic memory card,2
buying sandisk ultra no card speed whether watching video playing music transferring file ftp card handle well advertises,2
purchased new samsung galaxy phone wife wanted able take picture family event video without constantly worrying not space phone camera galaxy wonderful but mean bigger file sandisk ultra gb microsdxc class uhs memory card fast not even begun fill working samsung galaxy phone,2
use samsung galaxy player never issue product work described using almost year almost used space never used adapter anything comment job,2
remember built computer x gb hard drive googled learn room sized computer basketball sized transistor micro computer long entire life fit something smaller point needle sdxc disk worked well nokia lumia window phone wife one android phone kid taking picture making movie gb starting look like little amount storage palm hand,2
tha memory card work great havent problem recommend gopro h camera work great,2
sandisk use backup microsdxcs two pro canon camera always work never one fail store thousand jpegs card shoot raw cf card but simultaneously jpeg backup onto card never filled one even though shoot thousand photo photo shoot great quality sandisk always,2
gb microsd card much say make sure check device like use handle much space come sd adapter sd port computer use happily plugged galaxy pros: lot space durable little buggercons: price per gb ratio bad but considering tech probably good get exactly expect,2
bid gb micro sdxc ebay never worked start realized late return multiple issue newly purchased samsung galaxy note caused inferior memory card problem tablet disappeared memory card inserted lesson learned technology accessory purchased reputable retailer like amazon ensure quality product fixed tablet issue,2
work well hero black gopro not approved micro sd hc card list gopro but work great low cost cant beat work well hero black gopro,2
huge video card use back netbook computer without cd dvd unit watch fake make sure authentic sandisk card fake program let verify auththentic card fake one really tiny drive made look like gb card one authentic huge card love,2
not last long would not work mobile device tried different one place work desktop adapter sleeve not much use since already tb stopped working,0
microsdxc fit great surface pro tablet provides storage might need replaced another one business v personal storage need grows large but gb plenty space class also fast smooth fit nicely tabley,2
camera required brand good history experience brand year good price ok buying via amazon easiest least aerobic way go not found card much cheaper brand personally like stick good experience pretty standard stuff,2
bit concerned first ordered microsd card samsung documentation say compatible sdhc card but one sdxc read bunch google incompatibility but older forum discussion read sdxc used incompatible but samsung published update late last year allowed galaxy note work card without need reformatting fat file system price thought much lose would give shot report: galaxy note read card perfectly installed small glitch note asked format card removed tablet transferred gb data card pc card reader needed remove card reinsert reboot tablet problem went away using hour extensive read writes card no failure update issue but extremely pleased performance gb sdxc work perfectly samsung galaxy note,2
great grade use tablet give lot extra storage would recommend anyone great product,2
work exactly like supposed wait however gb card come blow water small amazing,2
pleased memory card use dash cam car quality video turn great no compatibility issue equipment may use playback big thing come small package,2
excellent speed course storage no problem whatever htc insert card point music photo apps sd see no issue excellent addition mtc,2
nice item ordered several smartphone tablet far work great need space order great,2
never problem memory san disk quality good product buy future need good long time quality good,2
work great andoid tablet may switch gopro additional memory see downloads fast enought good value,2
however sandisk replaced charge shipping guess wait see long one last first one failed couple month,1
day need plenty storage move apps photo stuff keep phone running smoothly great price no chance running space long time large fast,2
use samsung galaxy cell phone work great good value quality highly recommend good value,2
fast get even phone thing rock camera almost slow time fast,2
wanted believe people wrote bad review memory card unlucky well suck one cannot get card format not matter device software technique use mistake made use card right away see good thought memory card could go wrong u returning not economically sensible know quality control but card simply cannot work reader device without adapter write protection reader course card show device may even show data copied refresh nothing happened formatting software say write protected nothing remove would new card come write protected anyway disappointing especially since lost data phone cannot format,0
forgot sd card device seamless part without hesitation micros hard remove but device flaw part tablet,2
puchased card right received samsung galaxy iii truly found quicker class card owned cost amazon far less seen anywhere else looking type product one imho course use nothing best,2
use sandisk ultra sdhc card photo video always satisfied came needing microsdhc gopro purchased card provides reliability consistency workflow larger sdhc card included adapter easily installs current sdhc card reader also mean use back sdhc card need arise giving extra gb spare card good card good price job photo video,2
put samsung active phone work great first chip started acting needed put new memory card work fast board memory load photo video music really fast good speed,2
really small card but hold data job come adapter allowing card used laptop card reader worked well far recommendation work fine,2
one better reviewed sdhc class card utilized uhs reading review see read writes better speed many card right much depends phone phone o store information card inside device u probably not notice anything different card good quality card usually pick fastest card market price drop main problem speed related transfer large amount data usually music onto card use standard usb connection card speed process use usb actually put card usb reader transfer see nice boost device requires card product utilize o chipset take advantage fast card no brainer device older like storing music find cheaper good quality card find good price no matter buy great card,2
long research sd card came across deal wanted sd card new samsung note none review talking note review either note review talking possible problem not able recognize card getting cycle call sandisk not sure go not although choice thin samsung card way budget decided take chance happy working smoothly no need format work great one star not exactly gb show gb update post month really sure no problem great work samsung note,2
bought wife tablet computer worked perfectly no reason believe continue way sandisk make good product used product many year nothing ever failed high performance fair pricing great reliability work perfectly,2
genuine sandisk memory card but defective batch lost photo video taken phone last two year card catastrophic failure sandisk rep informed batch bad aware problem card defective batch,0
lighting fast card well priced came backup software allows phone backed either cloud service sd card great,2
really pleased samdisk flash drive no different went son mobile nothing but good thing say like sandisk quality,2
sandisk ultra class micro sdhc card gb gb gb purchased gb card samsung galaxy gb card another video recording device formatted card fat using window functioned without drama respective device purchased gb gopro hero silver edition reason chose sandisk ultra class speed rating well waterproof shockproof vibration proof x ray proof durability gb sandisk fail month easy usage samsung galaxy abuse phone not subject extreme temperature vibration sandisk replaced warranty but quite hassle gb card however subject extreme temperature well months: f f include solar loading sitting sun well humidity gb card dripping water experienced water intrusion one camera soaked water operating several month packaging easy open simply cutting across top however finagling blister pack took patience frustration free packaging essentially cardboard envelope sleeve plastic holder sd card adapter microsd card inside shipped overall: star affordable decently fast micro sd card perfect smartphones recording device used extreme environment however one failed within month speed also inconsistent posted benchmark photo amazon showing speed size card gb fastest update oct gb card failed month use samsung galaxy phone started dismounting remounting intermittently night woke morning find card not readable via phone work pc phone not abused not used extreme environment card replaced warranty sandisk failed month use mixed result overall,2
bought sale but buy prior sell use go pro work great compare others tho memory card used go pro,2
work well galaxy provides additional space picture music exactly expected useful,2
popped nvidia shield extra storage recognized instantly easy transfer file long comment failure review but update accordingly far recommended good sd card price,2
come adaptor case work well regular sd card micro sd work great affordable price great,2
primarily using supplement storage microsoft surface pro small library movie tv show carry around go lot ultrabooks like come gb storage think sd card great way store medium save room hard drive program installation etc speed seeing consistently around peak card rated work great playback lossless mkv movie file recorded high blu ray quality bitrate also tried android smartphone seeing similarly high peak performance speed file transfer smooth playback medium come adapter convert standard sd card size use device like slr camera etc covered almost circumstance wish could buy larger capacity model but stand think amazon sale price regularly come product great deal solid performance great speed hd playback ultrabooks tablet,2
card well constructed delivers wright speed promise work great nokia lumen running wp great card,2
great little memory card using microsoft surface pro tablet able music time plus large number photo one item note: type memory card may not suitable high speed application camera storing virtual hard drive type information micro card star used intended purpose great storing extra music photo,2
great deal plenty storage space phone store ringtones hundred song least movie also new micro sdxc card designed high speed transfer space,2
work well no problem sandisk product always good risk use brand card price right shipping fast memory card,2
bought card worked ok first three week noticed image not showing week later began loose everything note failing recognize inserted adapter comp could see but not read file multiple format either comp note not fix problem even tried tool used dslr still no go could batch problem card look legit fast beginning failed one month galaxy note,0
installed sublimental memory samsung tab inch tablet look like apps installed card but tab issue not san disk issue something think chosing tablet plan installing lot memory hogging field guide apps thetab gb built memory may problem hand lot music sd card useful work great,2
came time adapter installed samsung galaxy work great scanning gb take little time gb expected nothing complain would recommend anyone interested good price gb,2
got memory card daughter samsung compact camera could store save many pic hold thousand samsung st f compact,2
gb card work fine device but gb card unmount moving copying large amount data never tried reformatting depth troubleshooting but expect product reputable company like sandisk work work incosistently motorola droid,0
seen purchased lower price disappointed cost but needed pretty quickly knew sandisc good sd card gb micvro sd card,1
nothing beat class sdhc would highly recommendfor anyone requires memory especially low price nothing better fantastic product,2
use card back file work computer home able use laptop computer sandisk,2
ordered phone store music picture first installed phone kept resetting removed cleaned contact reinstalled everything fine since work fine,2
bought use contourroam video camera deal day meaning special discounted price also came hassle free packaging never worry sandisk memory awesome deal ultra gb microsdhc,2
needed micro sd card storage phone good price lot space microsd,2
great buy work fine happy five star,2
bought gopro hero work good store hour high resolution best go great gopro hero,2
got note needed memory well one get no problem recommended good,2
program allows condense movie gb size transferred card able watch movie samsung tablet also music home movie husband surgery recently waited hour waiting room watched funny movie family movie took mind thing time sped good purchase,2
got cell phone card work nice fast cell phone well pc load fast,2
confident brand never failed ever since placed e performed great looking forward long year using chip reliable,2
forget loading cart one day pause junk went one day give money axxholes went sitting cart one day,0
even card installed motorola razor hd month turned phone yesterday got message stating removed card properly unmounting first even though still installed plugged pc adapter nothing lost document picture but glad backed everything week ago worked great died far soon without warning sure backup important data frequently died unexpectedly,0
sandisk ultra high quality micro sd card bought several never issue say less expensive card need card smart phone tablet make sure not get bigger capacity card device use great quality,2
first one sort problem would stop responding phone stop playing music reboot often fixed period time but inevitably would stop amazon replaced unit quickly replacement work perfectly glad phone almost song phone need separate music player would easily handle video photo monster app collection well great taking modest capacity phone making bigger anyone else offer stock far less buy phone extra capacity work great second time,2
perfect galaxy note price good memory card not stall not wait load like card perfect galaxy note,2
sandisk name but experience quality speed not lexar lasted longer outperformed chip failed,0
really anything bad say well performing micro sdhc give good speed work fine device may bit confusion given look but sdhc micro sd case anybody confused wondering gb official max sdhc device careful see gb sd good speed,2
love card fast sport insane gb storage amazon killer price well big box store work perfect phone hd video recorder fast card lot storage,2
bought best buy one amazon amazon still running best buy craped month love better quality bestbuy,2
im currently using nokia lumia camera work well fast but expensiveedit: really happy card record video seems doesnt write fast recording end choppy unwatchable really disappointed cuz switch back phone storage recording video work but slow recording video,1
careful buying micro card ton phony but one real deal go wrong sandisk brand name reasonable price terrific,2
purchased memory card expand storage samsung galaxy note installation note recognized card using store image music without issue note no issue,2
run metric software chip others done but tell pretty spicey little guy everything store via asus tf accessible faster chip tried video stuttered using chip fluid one fast chip,2
might rd gb disk buy scandisk work month nothing tablet wont detect anymore computer either quite disappointing either bad luck bad product,0
wife loved take picture movie want make need time ti pick tablete wife loved,2
got samsung note best investment ever plenty room not lot lag time almost full gb available work great,2
currently using samsung galaxy fast transferring file no complaint far work great,2
samsung galaxy phone microsd work great phone give memory need store video photo instead using memory phone work great,2
seems like good alternative flash drive cost per gig seems like pretty good deal convenient carry around put reading music picture video separate card much portable unfortunately smart phone tablet lagging memoryalpha,2
bought girfriend happy not data demanding bought bit extreme model work fine not even needed format fantastic,2
good pair micro sd card bought camera phone using olympus omd camera sony nex n samsung galaxy note no issue far price right great buy,2
work great dell venue pro tablet double space store full length movie doubled storage,2
bought microsdxc card use tablet however tablet recognizes fat formatted card not exfat card use suspicion based upon reviewer experience window computer not reformat fat beyond gb limit able locate small program would reformat drive fat without gb limitation fat accommodate tb drive used window gui version fat format freeware quickly reformatted memory card card work tablet work reformating,2
ordered never received first sup posed shipment day later envelope arrives counterfeit sd card detected fake h testw software writing mb crashed several time no hologram individual serial number chinese knock packaging either make sure know coming buy reputable authorized dealer worth extra couple buck avoid frustration not buy ev electron,0
got go little e prance dash cam reformat work camera but work fine cost half much camera reformat use e prance dash cam,2
formatted got put device worked fine video played tablet play fine write speed seems okay work great,2
always buy sandisk reputation make great product never problem sd card love,2
happy sandisk anyone looking goodly amount storage get one whole lot storrage,2
purchased card work gopro no complaint not lag p fps photo burst great product even better price work great gopro,2
sd card work good know else say sd card,2
purchased increase memory samsung galaxy tablet placed slot instantly recognized thus saving internal memory increasing memory device price best went several site price closest shipped prime got day seen no issue card happy purchase bought tablet,2
ordered son love memory space one plan getting another one love download lot video music take picture lot memory space,2
purchased two total one hold music mp player one hold music smart phone work well easy load no problem encountered serve intended purpose well arrived quickly good condition pleased purchase work well,2
gb good amount use sandisk fir sd card satisfied great size,2
fast reliable couldnt ask better product better company unless electronics lab home dont think could possible come beast zip zip,2
purchased memory card use expand memory new surface rt tablet memory card appealed first always liked sandisk product second price particular gb card steal memory card includes adapter pc clear plastic case though using card week purchased similar card earlier year use smartphone far good highly recommend item need expand storage tablet great way expand memory surface rt tablet,2
fast data transfer standard measuring stick great gb micro sd card not regret getting brand name instead getting cheapos advertized high quality : recommended,2
bought add storage sharper image action go pro knock camera fit bill perfectly camera came generic gb card but gb class card provides much smoother playback nice deal great choice hd video,2
far good work described lg motion g android smartphone speed pretty good even though reverts back class phone excellent,2
month half purchase device powered card use battery ran since work device recognize respond recovery reformatting partitioning nothing used easeus zar hp usb disk format couple others no dice nothing read fix glitched avoid,0
wonderful product movie phone not including audio still gb left absolutely wonderful wonderful,2
added memory card galaxy hold lot music video room grow mistakenly thought would allow store additional application but mistaken want maximize storage cell phone,2
wanted fast gb microsd card evo lte one fit bill grabbed sale worked great without issue speed benchmark fall proper range class super fast great deal sale,2
ultra micro sd card faster standard micro sd card however adapter provided card not good data transfer quicker used different adapter one provided micro sd card excellent product,2
gb usable storage arrived th june no problem far crystal disk mark:seqread write kread write kread write work expected,2
bought bestbuy online day announced tested sony xperia z ultra inch samsung pro tablet work fine show gb available issue paid : best buy likely match though,2
recommend anybody get gb scandisk ultra amazon looking expand tablet device memory product delivered time simple open packaging inserted window tablet able save edit no problem needed,2
added space window surface pro little gem gb worked seamlessly work perfectly m surface pro,2
love card super fast great putting tablet keep slowing reg give something brag fast,2
large storage perfect tablet using asus maxing gb quickly but maybe slow comparing ssd first memory kind reach microsd format acceptable tradeoff great asus,2
bought download song music spotify phone totally worth extra space since spotify save song phone internal storage worth upgrading,2
fast response time going need buy one eventually since smart phone advancing tablet coming slided write phone worked like charm first try picture apps load really fast no lag time love much im going gb always class less thing worry must everyone,2
using samsung galaxy expand built gb memory modest music collection us gb needed micro sdhc card little breathing room went gb last life phone using month no problem phone support micro sdhc memory expansion one get memory smartphone,2
received two today made china imprinted although detected formatted fine capacity samsung phone tablet let see hold not suffer premature death like many reported thinking gone made korea samsung sd card instead gb size update: bought two one year later light use one card started locking phone wait close prompt deleting file gone made south korea samsung card sandisk garbage day made china,0
used one card phone year never single problem recently bought another tablet far good recommended supposed,2
small size huge capacity expecting cell phone also use adapter download information directly computer good enough,2
transformer read card immediately nice compact storage solution job disappointed good product,2
bought gopro far worked without problem gopro run battery fill great storage great price,2
fantastic fast bundle space using year already still going strong store picture video taken phone must buy phone used original galaxy note galaxy note,2
got son gopro work perfect able record take still video picture quality playback good would recommend buy product reasonable get job done,2
great card work gopro canon five star,2
great value fast shipping brand trust previous card another manufacturer died month use along everything gb card beast value dropped phone hard several time no data lost card fantastic primary use recording p video high rez picture device well audio recording use medium fast transfer speed allows keep demand time tell truly reliable durable turn going month january adversity along way post update smashing good value card tip: first get card sure use phone device using format standard practice card based memory prevent encountering error oddity device excellent value,2
card excellent quality exactly use sandisk almost exclusively never let one yet excellent quality microsdhc card,2
third card ordered buy fourth needed frustration free packaging amazing envelope pull tab get simpler card class not issue one bought one went brother upgrade storage phone frustration free packaging,2
without notable negative could ask would buy need memory top quality memory nice price,2
bought samsung galaxy note not blipped movie music etc not hesitate buy flawless product,2
dont even bother try not show finder not show placed reader not mac compatible,0
got samsung galaxy tab p worked great week september today october died tablet attached pc copying another file onto changed rating star star give star could another user warned happened month but week reported amazon asked refund stay far away card least galaxy tab update: amazon refunded money card replaced samsung equivalent still working perfectly waste time money card get samsung worked perfectly galaxy tab but died week,0
good product working well packaged well delivered promised birthday gift son laptop working well far,2
bought asus tf transformer tablet no issue whatsoever great gb internal plu additional gb sd sweet microsd,2
month stopped working got new one form sandisk but apprehensive put phone month stopped working got new,0
used gb version card since got two android phone no problem either phone give music picture downloads etc storage ever need fast card faster also love amazon frustration fee packaging since many fake online retailer buy trusted source like amazon great card,2
memory card work motorola droid razr even though phone information guide say compatible gb memory card formatted work great worth not spending extra money get phone ton built internal memory work smart phone,2
truly great value not nearly expensive thought would lot memory good speed well fantastic value,2
excellent brand good card ever used highly recommended appropriate us like san disk product excellent micro card,2
got stuck adapter sent break open fit another adapter though memory treated gb,2
one basic item usually work case received one not work couple week ago phone reported error reformatted card transferred music back onto unfortunately failed two day ago even format good luck sandisk but one not good experience died two month,0
love card fast enough space hold use put movie plenty space music picture ect great card,2
pros: gb tablet work great cons: none speak ofoverall: hold feel like going lose perfect size add storage tablet though want perfect tablet,2
else say sandisk memory card use almost exclusively never problem sandisk product owned consistent high quality product work advertised work expected,2
gb memory card work right case exactly description say fast read write speed recommend anyone currently using samsung galaxy note samsung galaxy tab great product great price,2
bought expand memory cheap android tablet recognized work fine no problem work fine,2
bought memory card used gopro hero black believe small card sandisk kidding say micro taken photo video california worked without issue definitely worth investment used gopro,2
purchased card based price ordered finally started reading review started getting worried whether card going work seems lot people problem getting phone recognize card needed formatting card card arrived put phone immediately recognized android system jb already copied music pic video older slower smaller card onto computer plug phone computer open card copy everything everything went no problem unplugged computer tested video music phone everything worked like charm bottom line not format card plugged phone immediately recognized worked like charm would highly recommend card based price product receiving no problem galaxy,2
get happened sandisk quality seems gone year product glitchy day one thought would fine quick check disk but got worse less week return upset not first bad experience sandisk product used buy time brand choice flash memory card thumb drive last three product bought problem failed either immediately shortly usage give start looking company memory need bought transcend replace hope work better last time buy sandisk anything,0
love sandisk storage got tablet microsd slot work flawlessly doubled tablet storage no fuss performance snappy enough need copy thing easily since asus tablet known slow main storage get full really useful giving place offload thing like apps want download but want keep hand medium file ebook collection music etc great expansion android,2
terrific memory card use go pro capture video got alot space great card,2
sandisk make best sd micro sd card one no exception : : great card,2
say fast no error mostly use hold music use phone mp player microsdhc rugby pro,2
purchased product install garmin gps unit since full handle new map update easily securely installed memory card promise provide long life gps unit needed capacity garmin,2
quick speed ton memory expandable slot get nice able store photo video music phone finally never failed ton memory quick speed,2
supplied card r gb hold song keep deleting project make room new one solution: get larger capacity card also make selecting saving deleting project faster no problem month use work great zoom r,2
went raspberry pi work great nothing but success little guy also conveniently came sd adapter great microsd,2
no issue card adapter worked promised not sad card bought internet good luck work promised,2
no issue little cell phone work advertised priced well no issue not much say but amazon requires word work,2
known better everyone complaining memory card read review specialized forum last time buy anything sandisk failed month purchase,0
always count good bargain amazon not price good but prime program saved big time always good bargain amazon,2
broke week go back samsung hd card waste time money actually ask refund disappointing,0
great write speed lot space bought galaxy formatted fat work great awesome sd,2
sandisk brand use probably gotten gb well but price keep falling really lose always sandisk,2
zero complaint card exactly amazed inexpensive memory card continue get thing really useful throw keychain small update: star dead month appears fairly common issue: let see rma process go died month,0
memory sandisk ultra gb micro sdxc class uhs working really good fast loading content would really recommend product anyone need memory card phone tablet sandisk ultra gb microsdxc class,2
get class stuff but higher number better reseached smart phone work fine good,2
updating map nuvi received message stating needed memory download new version map required probably bit overkill but price right ordered one two day later installed worked flawlessly mucho memory left future need buying us go wrong card see ya garmin nuvi needed,2
great transfer speed tablet going month work fine highly recommend anyne great little chip fast,2
samsung skyrocket note android phone card work great mine came formatted exfat android need formatted fat use format function built phone format work great work great android samsung skyrocket note,2
looking good sd card look no use samsung player work great pop multiple player want give flexibility also priced good compared place beat price,2
bought wife new smartphone never run space photograph least take long time see long filling take get going good phone,2
purchasing memory expansion electronic device typically purchase sandisk trusted name need need like feeding chicken mowing lawn sony ultra memory card rock,2
cat meow best song stage play cat memory keep forgetting thing get memory remember format device use think forgot format brain use cat meow,2
large capacity fast functional san disk continues provide quality public come expect never owned problem storage line quality product,2
like many mine failed lost data but smart backup investigation found product not compatible android number device camera phone gps unit window seems love though wish window device could use g one us whopping k best waste update: reformated fat work ok android device sony camera month still keep hot quick backup ota every day desktop computer say not confident yet updated wary item still,1
ultra quick take several picture sequence memory keep pace even movie show speed amazing memory card,2
purchased couple use new digital camera also shoot p video great product purpose fast transfer no hiccup writing card new digital camera,2
got brand new nokia lumia but kind problem card horribly slow record hd video studders tried reformatting several time no avail problem old gb class sandisk card people problem well seems hit miss recommend card time reason edit: contacted sandisk rmaing card improve rating new card corrects problem edit: got new card problem still exists edit: suffered card year problem cannot take video without studders figured maybe software update would eventually fix problem not used multiple different camera apps problem still persists problem lumia,0
work great samsung galaxy note fast dependable no problem viewing video note try like work samsung note note edition,2
amazing price micro sd brings adapter class great product happy purchase great product great pricing,2
got new gopro hero black edition worked without hitch even highest setting get hour recording time price per gb extremely reasonable work well gopro,2
phone make high definition photo make big size file not transfer file computer plenty space also work faster ever strongly suggest use,2
got broken send back sent new one immediately happy cause phone internal capacity gig not much really good customer service,2
purchased card daily lighting deal new samsung galaxy note ii recognized without issue connected adapter computer card reader transfer gb data best consistent transfer rate average roughly mbps less advertised transfer rate fair used external card reader sony hx digital camera sd card gb class get double transfer rate gotten card setup: sd adapter included card external usb card reader connected usb port pc file transferred varying size transferred tb seagate x sata hdd connected sata port window enterprise x oh yah baby excuse give card bad performance file relatively small size but large mb still not justify low transfer rate not really picky card reside inside super phone but still not justify money paid card hope help others getting best mbps transfer rate,1
major issue bought san disk but worked briefly try reformat report meg removeable drive window macos not sure defective mislabeled one but got direct amazon disapointed stick transcend think may not work may report wrong size may luck,0
come lifetime warranty one fail sent back sandisk sent new one using sandisk year time one ever failed perfect,2
using micro sd sony xperia z running fast lot space store data card best micro sd class,2
said storing data phone got sony experia z quick response time even notice transferring large zip pack may take second gb work great,2
needed new sd card new tablet researching bought sandisk ultra gb microsdhc class way better almost price sandisk ultra without class ultra class lightning fast see difference copy large file note read write procedure much faster whether use camera smart phone tablet price also ok drawback noted recognized capacity not gb but gb asus memo pad extremly pleased micro sd lightning fast micro sd card,2
rating product star simply yet learn samsung galaxy note ii purchased causing defective reformat message ocassionally appear screen sandisk ultra gb microsdhc class uhs memory card mb adapter sdsdqua g u culprit however yet loose anything stored card otherwise message not appear learn sure phone problem would rate card star sandisk ultra gb microsdhc class uhs memory card mb adapter sdsdqua g u,2
happy upgradable memory exists get listen plethora podcasts music instructional mp thank sandisk great w nokia window phone,2
using card sony action cam record perfect happy card adapter no problem read writes good great card,2
item arrives time perfect condition price good say work great no trouble perfect fit fair price wanted,2
pad phone one take card read directly computer also wnat load picture movie put card put back pad phone need subscribe looney tune whatever call put take want without third party involved nice indeed needed,2
bought two daughter samsung galaxy store much love phone even great price,2
not much review work far hoped read write time fast no issue currently using camera give basically unlimited pic video due size great travelling card great,2
gb kingston class micro sd amazon best seller : mb gb sandisk ultra class micro sd : mb sresults informal data transfer test copied large gb video file two micro sd card sandisk ultra take half time transfer data time money happy result considering current amazon price v sandisk ultra x speed regular micro sd,2
bought add additional storage mp player ton music audio book mp player take awhile listen sandisk ultra micro sdhc gb,2
good price far working fine phone finally save pic taken camera thing download good,2
review install use product arrived time appears quality need review soon not used yet,1
function memory card not sure else post work great issue great price memory card,2
advertised gb high transfer speed oh yeah android ftw love,2
pro: small fast priced ok basically class card file access noticeably faster class using con: not really noticed anything sandisk ultra gb micro sdhc card,2
beat price quality capacity always buy chip amazon sandisk chip worked well no problem read right no lost data sandisk ultra gb microsdhc great price high quality no issue,2
product met expectation expected would go say micro sd card nothing else,1
originally bought digital slr work way supposed since need capacity picture put samsung tablet got gb camera need want gb memory one buy good,2
no problem getting card fit work fine love extra storage recommend anyone gb plenty file storage samsung note,2
memory card exactly looking came time fact came early upgraded memory tablet download movie take time need memory card,2
really gold standard reserve star blow away price otherwise excellent buy no worry simply best,2
purchasing several sdhc source almost ready give somehow defective amazon sdhc genuine work like charm work exactly advertised,2
not steal but anything per gb decent price high end sandisk class memory real value assured authentic sandisk product fast delivery would buy seller gb microsd installed reformatted nsf no issue performs advertised arrived promptly original sandisk packaging,2
item arrived time tested mb write mb read using h testw exe mb file size would given star write speed bit faster work advertised,2
bought increase storage smartphone samsung note came gb gb usable installed store movie long trip hold full length compressed mp movie great addition smartphone,2
nice addition xperia z tablet expanding storage area gig easily seen o tablet fit micro slot microsdxc tablet cam etc,2
well worth money high storage cheap fast enough phone sure get faster card but really need good card,2
fast job placed inside lg optimum pro work great price right,2
not interested small size flash became excited use flash,2
perfect picked amazon could not happier used various device surface rt camcorder laptop work without problem great lil micro sd card,2
never faced issue far good work well tablet super fast reliable work well overall good,2
bought fit new galaxy nothing write great product price good work great,2
bought use galaxy note two month later work like amazon best price available much better price offer best buy always buy sd card amazon best price,2
e un producto que recomiendo ampliamente solo se instala en el telefono este lo formatea listo esta en fincion para ser utilizado al super excelente,2
no brainer not regular micro sd high capacity ultra go price baby anywhere else see amazon place even think buying little powerhouse no brainer bang buck,2
started trouble card month shall attempt get replacement hopefully new one last much longer good but starting trouble,1
work expected love great price use gopro would definitely recommend everyone great memory,2
used card reply class fujfiilm x writing speed much better shooting picture raw format highest quality took blink led image written card time blink substantial increment speed good speed digital camera,2
satisfied product price sandisk not let never gb added dell venue pro tablet rock could gone gb but really need price right satisfied,2
sandisk ultra gb microsdhc c uhs memory card one best memory card bought quickly read data back amazing sandisk ultra gb microsdhc c uhs memory card,2
bought soon heard amazon best buy retailer carrying time arrived promptly worked galaxy note ii flawlessly recommending purchasing customer store work regularly try get people aware benefit mass storage small device instant purchase,2
ordered san disk ultra gb received next day via prime problem card defective went thru process return simple received email replacement sent one day delivery got today card good everything perfect thank thought problem but fixed,2
not much say class card cheep price month work perfectly old card basic black hc failed year half work great priced bad,2
came fast managed get gold box discount seven word required thats cool guess great,2
gb mirosd great use phone hardly upload pic not phone work faster extra space never worry needing delete song pic apps useful,2
use memory card galaxy though issue getting formatted correctly phone fault work like dream zero issue great memory card,2
time much memory used gb week vacation didnt even fill use one next but gb brand class speed arrived fast,2
test generic memory card sandisk disappointed bought gig class card swore picked original packaging but shipped original packaging returning card following reasons:these test done using sd card port pc generic class gig card upload speed mb write transfer speed sandisk bought upload speed peaking mb write transfer speed maybe im lucky write speed ok but transfer speed much low isnt least mb not mb sandisk typically modest classification whats deal no classification marking sd card dont see class anywhere card amazon getting back disappointed,0
first kept unmounting galaxy note got replaced used replacement galaxy heat phone charging get hot g not get hot sd card awaiting second replacement heat,0
class cost wondering today manage mb card minute shooting p video take much space calculated could able record no hour p movie gb micro sd hand micro card tiny size one nail miniaturization gone long way case put gopro camera recognized formatted immediately no issue love but not cheap,2
big card great price remember buying gb cf card around ago excellent,2
bought one sale love itit given surface wiggle room expect read write speed super fast likely computer support current protocol transfer max speed overall quality expect sandisk though think price come bit market slowly moving away microsd expansion aside samsung expect,2
using action camera work fine no issue tend getting around hr filming p fps gb card solid card,2
use contour roam race track failed yet would buy perfect video,2
work good love five star,2
memory card used wife tablet upgrade memory maximum no storage space problem perfect,2
purchased card use new slr camera backup read write card fast allows maximum use special mode available camera data transfer speed computer also good no real complaint overall good sd card price great memory card,2
chip worked fine fit perfectly but tiny fall going hard time finding application tablet pad push holder want put tape securing agent across top chip onto table side thought clear finger nail polish would worked fine even half drop super glue top forever gone changed android ipad satisfied upgraded apple fell lot side tablet,1
piece crap died two month bought iti sure make buy anothergreat piece crap died two month bought,0
working flawlessly supposed like speed product adapter case also nice sandisk ultra gb micro sdhc adapter,2
rd sandisk micro sd card rd android device like predecessor ultra gb micro sdxc class worked flawlessly sch samsung galaxy note simply inserted card power cycled device rebooted note recognized unformatted sd card asked would like formatted order read chose yes additional fully usable micro sd card use medium ebook reading storage response time excellent no complaint performance also love fact ordered pm thanksgiving day alerted price tag sandisk maintains reputation another fine product,2
arrived time everything expected enough cap hold severail hour recording worked hd camcorder,2
used samsung galaxy ruined within month second one went phone contacted verizon samsung sandisk google read lot forum turn lot people issue phone card course girlfriend threw away card return know issue fixed bad batch card went month seen problem much assume bad batch another card phone issue recommend specific card unless issue addressed think got bad one,0
local storage still necessity really nice cloud connected world card without sd adapter used mobile phone dslrs computer lenovo m surface pro tablet asus transformer tf nook hd rock solid dslr proven fast enough burst shooting high def video mobile tablet pc used shuttle hd video content back forth without hitch still love local storage card relatively cheap reliable way achieve fast reliable flexible,2
thing work great store picture video work perfectly put formatted no hassle best priced microsd amazon happy purchase would buy needed use lumia,2
plugged surface doubled storage capacity no problem fast enough use video good product,2
good price working well used galaxy note asus tf also purchased one spare highly recommended good price best industry,2
able increase storage surface rt no carrying around external hdd hold enough music library perfect surface rt,2
added additional storage surface tablet allows storage item want need transport device memory card,2
bought change nook android boot fast reliable daily use work great fast,2
formated fat using easy partition home edition free web work samsung galaxy ii phone asus tf tabletam gonna buy another one one mb avg write not bad,2
would recommend item anyone looking upgrade gb memory card whether phone camera excellent item performance without question,2
read many place would not work android tablet but found card requires format window computer get work even tablet rated gb found read write card gb need download free partitioning program format using fat first erase current partition repartition gb format simply use window format fat newer window computer even older vista max allow gb fat using partitioning software bypass gb limit format whole card insert tablet read something like gb formatted space huge capacity money fast card search internet formatting gb microsd card android read work android tablet,2
technology amazing got card mom bought new smart phone wanted plenty room picture music movie amazing technology,2
perfect took card put old gb card transferred computer samsung galaxy inserted samsung galaxy powered like never took gb card read ringtones program stored external sd card everything no error no glitch connected phone computer via usb cable usb slot no time gb music transferred phone read working perfectly could not pleased product work like supposed perfect took card put old gb card transferred,2
gb card take smartphone new level recently purchased razrm huge capacity card allows take ton picture even good percentage mp collection movie mp fast far good far data integrity highly recommend great value huge microsd card,2
packed everything wanted use tablet onto card took gb but seen delay response time whatsoever comforting know massive amount storage space available downloads picture video etc thank manufacturer seller exceptional product price fast responsive reliable,2
installed big baby lay night rocking rolling first test think got mb read plenty happy moving thing onto card also think not sure much faster go computer sure faster installed last night,2
card good problem yet good price fit product bought good product,1
already sandisk gb class card android phone know faster: press play button music player class always small delay music played gb sandisk ultra music play immediately useful way tell fast memory card get approval thanks sandisk fast notice how:,2
great price great quality fit perfectly device highly recommend brand adapter nice bonus high quality product,2
fast easy use exactly class supposed using samsung tab work perfectly,2
exactly would expect use new galaxy tab not disappointing always great product small sweet,2
memory card day ordered new galaxy verizon worked perfectly box format read write speed meet expectation still keep eye card little longer see review reporting card fail time but seems ok not relevant product but get ontrac shipping amazon prime day shipping memory card galaxy reading many negative review feedback shipping company crossing finger hoping something stupid package fortunately got package time nothing damaged one minor complain ontrac not update tracking history often based purchase phoneless couple day really needed phone checked tracking history probably every couple hour showing left faculty day not updated hour got package saying went delivery received package around pm got package time no problem ok but history ontrac rubbish made worry wanted phoneless week far good,2
compatibility not issue memory card even though sdhc backwards compatible threw gb phone extra storage no issue make sure move apps phone sd card storage though future proof hide important file want worked crappy phone nexus one crappy computer,2
simply put: gb microsdhc card came mail said would empty got work expected hold file image etc adapter included voila work well,2
bought card hope transition pc smartphone near future use adapter run pc write time good hoped but acceptable overall plenty storage space file music pic sort thing also run portable application seem perform well part overall solid little card enough speed get majority task done sidenote: card came formatted exfat default onyl way could downgrade fat use third party app reason card read phone but phone older model samsung could issue not bad tiny,2
easy load super fast great picture hd video phone really happy purchase enough stuff fill awesome,2
work great got quickly well packed plugged working fine since month speak long term reliability buy another one soon work great,2
bought one note one girlfriend take lot picture lot music phone wanted extra room card read write quickly also large capacity,2
figured old microsd card died plugged old android phone work antivirus software laptop wanted scan whole thing every time plugging charge but constant read wore flash new android phone mount cd drive instead entire thing see phone unmount cd drive perfect charging work careful virus scanner android phone auto mount entire phone micro sd great storage fast speed copying digital slr photo mp,2
chip super fast going use android device recommend formatting ntfs sandisk ultra gb microsd xc,2
reliable brand name produce giving lot storage music video picture tiny no one say would believe expected,2
second one chip received first either latent physical defect damage transit but snapped half first use really bummed but determined try breeze chip blaze doubled capacity gb chip replaced asus tf tablet hold music document plenty room left gb available tablet work flawlessly anyone looking upgrade need little due diligence determining device able address gb but reservation strongly recommend little gem great upgrade,2
hi guy wrote review three time unfortunately go amazon website lolso said tell write read speed fast class great price fast delivery amazon enjoy great add,2
review for: sandisk ultra gb microsdxc class uhs memory card adapter sdsdqu g affp product arrived via usps not individual packing manufacturer placed sd case together adapter unable verify warranty authenticity samsung recognized formatted no problem see external memory gb six gb probably allocated fat file allocation table order seller sandisk ultra gb microsdxc class uhs memory card adapter sdsdqu g affp,2
not get card especially plan using android phone google sd card unexpectedly removed found problem caused directly card purchased different brand problem immediately disappears curiosity tried mounting card window pc rare occasion sd card turn empty removed problem not limited android would avoid card completely periodically unmounts,0
know exactly say but little micro seems least efficient micro ever used work perfectly,2
thing supposed work flawlessly anyway need format went straight no probs good far,2
work great use take hd movie store music bla good,2
no complains using card week no problem pleased work great,2
gb gb last long time waaaaaaay cheaper gb version ip ip highly recommended get gb gb total work great,2
described issue far put samsung tablet worked expected standard formatting described,2
update : well suppose nothing last forever almost year card gone bad use card lot smartphone mobile samsung galaxy sgh photo voice recording downloads go card downloads transferred computer almost daily via usb cable day ago video file transferred computer refused play correctly no video audio skipping squealing recognize sound corrupted file thought maybe transfer complete tried result tried play file right phone play phone knew problem tried copying video phone storage playing still no luck deleted video decided download directly phone not sd card eureka played perfectly formatted sdxc card twice phone window tried test downloaded video file card phone result time play sd card but phone video used play perfectly sd card finally swapped card older sandisk ultra gb micro sdxc card like magic worked perfectly no matter played yeah gb card dead note card performed flawlessly nearly year day ago thankfully sandisk ultra product like carry incredible lifetime warranty year region recognize lifetime extreme line card raise year contacted support rma update review event unfold replace quickly bump back star original review:i using samsung galaxy smartphone sandisk ultra micro sd card never failed one no exception used gb card fast reliable never corrupt data said cheaper brand like pny fail quite often wait get new gb model started corrupting file,1
used android phone worked fine decently fast not quite reach rated speed but came close could controller using good flash card,2
bought three one replace old gb card two first time user add phone memory card work fine none three trouble microsd card work expected,2
gb sufficient need running easy safety sandisk great mark runnin easy,2
always use sandisk first option got gopro fast good say much sandisk make best card period fan,2
top performance always good luck sandisk based past experience name brand saw no reason hesitant past experience paid happy purchase thor disk,2
got sandisk gb getting full gb free no almost filled one month gb free starting need new sandisk gb need money storage using without problem coming treat nice get decent speed mb transfer but hate waiting gb p footage transfer but guess would rather storage speed would recommend anyone needing high storage cheap price work great without hitch,2
good price never issue card deciding stop recording used hero always recording p fps great buy,2
good buy card needed tablet super fast spead loading loading pc laptop fast good buy,2
bought gsiii no issue fast read writes price right not big surprise another quality product sandisk lot memory great price,2
bought costco black friday deal started using couple day ago today transferring video file phone card able stopped half way nothing written purchased costco not fake microsdhc card tested authenticity app google play verified real still piece junk sandisk reputation would advise shopper choose brand surely cheap but would rather lose important file store broke couple day,0
sandisk never disappoint gin micro disk thing super fast using new galaxy note amazing said fast no mean super fast,2
memory card hold ton information use video hold p video like champ far good,2
update lovely wife bought samsung galaxy tab father day loving ever since samsung product galaxy tab ability add microsd card expand memory device since year decided research see sandisk offered anything new product lineup microsd card worst best performance wise follows:sandisksandisk ultrasandisk ultra plussandisk extremesandisk extreme plussandisk extreme pronow difference card simply speed read write data card yes published rating card except sandisk regular class uhs but rating actual real world performance get better model but faster card come expensive price since amazon carry ultra plus model microsd card direct comparison sandisk ultra extreme extreme plus mentioned earlier review purchased sandisk ultra galaxy question want pay card faster one already owned could pay almost double get sandisk nd fastest microsd card ultra work perfectly fine style usage storing capturing picture hd video movie playback phone end ended buying another sandisk ultra gb card use cell phone tablet card good enough phone good enough tablet k hd camera anything like honestly see need get one faster card time proud owner sandisk ultra card absolutely issue samsung device original review buy microsd card long time last time bought one cell phone year ago but since cellular contract knew would get newer card addition new phone samsung galaxy reason knew small gb microsd card going cut research galaxy wanted get best card possible decent capacity gb greater led find galaxy support microsdxc class uhs card fastest possible given class searching specifically amazon gave result vendor april make microsdxc class uhs card sandisk majority samsung lexar nobody else make sold amazon seeing sandisk pretty good name used decided upon sandisk lexar overpriced samsung one overpriced well not eligible amazon prime but scary thing filter sandisk literally get dozen option different model number different size etc confusion difference sdhc sdxc sdhc v sdxc:sdhc stand secure digital high capacity sdxc stand secure digital extended capacity essentially two card exception sdhc support capcities gb formated fat file system sdxc card formatted exfat file system use sdxc card device must support file system otherwise may not recognizable reformat card fat fat v exfat:the difference two file system mean fat maximum file size gb limited file system exfat otherhand support file size tb terabyte thing need know really possible device support exfat case reformat fat remember formatting erases data clarify model number hopped sandisk official webpage found offer two highspeed option sandisk card sandisk extreme pro sandisk ultra sandisk extreme pro line support read speed mb sec however sdhc make thing worse currently available gb gb capacity since one requirement lot storage ruled remaining device listed amazon search sandisk ultra line but confusion set sandisk separate card two different device camera mobile device real difference two marketing stunt unfortunately not sure but know price difference two range couple cent dollar since sure opted one specifically targeted mobile device case kind compatibility issue find exact model number would go sandisk webpage sandisk com compare existing product lineup get exact model number search amazon model number got mine sdsdqua g speed test run specific testing but copying gb worth data pc card literally took minute one last note amazon attache additional character end example sdsdqua g affp v sdsdqua g u difference two affp mean amazon frustration free packaging exactly wondering got want use galaxy got sdsdqua g u work like charm updated great w galaxy galaxy tab no complaint,2
inserted little gem new nook hd let tell wow love much give back instead buying larger capacity tablet buy smallest amount gig buy one little dude great tablet,2
bought one tablet well fast durable long lasting recommend item get one strong memory card,2
wished came sort usb converter transfer file faster pc using samsung galaxy note file transfer speed mediocre use everyday excellent,2
purchased go pro hero solid card but unless planning buy several would recommended going gig higher capture setting get little hour video time purchased go pro,2
standard come high capacity mobile memory grated older android phone older tablet probably see much difference but modern device like galaxy note equivalent mobile device definitely notice difference data transfer access device modern phone uhs memory card must reason give product five star not sandisk extreme sandisk extreme pro but must extremely specific need want get mb transfer speed mobile device movie music apps one adequate exceptional memory,2
bought use gopro hero silver no complaint trhgtr thth h r gopro hero,2
work great faster conventional memory card video picture access run smoother highly recomnended need great space worked great samsung galaxy,2
bought sony action cam give hour video using fps hour video,2
no question really fast rated fast well class sdhc mean literally sd format hc high capacity class mb sec read write fast mb per second well class common step e cheaper class e mb sec class time faster pay difference digital cameras: point number picture sec hd video bottle necked speed medium recorded smart phone samsung note ii quad core processor wiz bang yadda yadda yes notice speed difference camera app performance use spreadsheet app browser netflix music streaming et al noticeably faster think phone store stuff use factory installed memory iphomes sd slot phone tablet believe choice computer realm oh yeah sandisk leader pioneer sd format think sd came sdhc class card worthy comparison samsung brand but might biased one fast fast currently get sd,2
used card galaxy no problem ton room ever want load room,2
small preasure trying remove device got brokenalso speed not amazing even class get easily broken,0
soon got popped back samsung galaxy note put note recognized instantly able move mp internal memory external memory playing music short order work intended,2
love memory card use galaxy smartphone couldnt happier fast take photo phone doesnt stutter like old memory card definive must buy power user afford great memory card,2
great price work great samsung galaxy relief not worry space pix apps great value,2
definitely sandisk ultra gb microsdhc c uhs memory card adapter sdsdqu g affp working advertised definitely happy product price definitely worth bang buck,2
got great price but speed reliability strenghts thing using gn performs awesome performance,2
problem rating reviewing item one work not experience sandisk memory card work take beating washing else ask work great,2
got gopro black edition record hour video highest setting pleased performance far no error failure quality microsdxc card gopro black edition camera,2
bought use phone expand memory gb g wanted double memory phone but sure phone would take gb card happy product also loved easy open cardboard packaging like easier open ship but mostly like not plastic since hate excess trash put landfill work samsung galaxy g phone,2
assume brand new gb sandisk ultra class sdxc card responsible occasional video recording stutter pausing happened since started using today prior never issue previous sandisk sdhc card but today maiden trip led video minute long several performance issue default attribute card since nothing else changed never issue four month galaxy note no problem formatting card though installing using otherwise handle recording p video galaxy note,0
great product work perfectly canon camcorder responsive fast enough capacity hour video great price grabbed thanksgiving fast secure,2
ton storage fast transfer speed not much say used samsung vibrant nexus work perfect,2
sd card great note worked perfectly almost half year would recommend everyone excellent,2
good price good size micro sd not fastese card used but price satisfied needed,2
overall good memory card fast even come adapter fit camera perfectly picture taking breeze would recommmend others overall good card,2
installed item dell venue pro worked fine housing program happy device work,2
no complaint yet came adapter advertised wished purchased two instead one great product,2
max storage phone not fastest class available decent card available right not bad price either max storage phone,2
great product reasonable price increased galaxy tab memory useability without deal interface cable perfect fit galaxy tab,2
like good product next time order bigger memory recomend product friend good product,2
started unmounting remounting really sucked battery life quick google search showed common problem oh well died month,0
phone galaxy virgin still getting sd card unexpectedly removed but know issue phone not card good fast card,2
perfect hd video production hold lot still video reasonable write speed no complaint great product,2
great micro sd card extremely cheap got thoses never looked back uhs fast amazing card fast usual sandisk reliability,2
sandisk ultra gb microsdhc c uhs memory card adapter really work like suppose ordering another soon always forever work,2
soon inserted samsung galaxy started getting filled trip nyc great not empty photo music phone phone still work fast good considering sd card apps tend make android phone slow great quality sandisk work right box,2
card made good company work well lightning fast get job done memory card not really much talk fact hold info access store info fast work,2
sandisk microsdhc worked perfec wanted usedi used video musicdefinitaly recommend sandisk ultra gb microsdhc class uhs memory card adapter,2
came right price shipped quickly store many extra thing phone perfect,2
excellent delivery time memory feel read write pretty fast previous experience class gb micro sd lot faster work fine,2
put memory card microsoft surface rt worked fantastic no formatting no setup ready go right bat plus price best could find anywhere microsoft surface rt user,2
purchased card use helmet mounted video camera memory card not correctly stated previous reviewer even card rated class number perform card performs well sub zero temperature catching ski ing action also high speed flying action southern ca high temperature black camera not measure actual data speed but captured p hd fps video camera without issue overall card good value performs well would recommend great card great price,2
bought grand daughter camera but gb memory refused work window tablet swapped one working splendidly saved butt,2
gb galaxy almost three month no issue however phone recently started telling card unrecognized file empty causing loss medium chose format seeing error long chalking random error somehow yesterday file card magically reappeared able play music despite phone format card shortly afterwards error reappeared put card computer simply not appearing shame but think risky card purchase worked actually worked,0
far not problem memory transfer speed good work great samsung note great memory,2
add really nice support memory device enjoy not worrying running space great,2
normally buy sandisk extreme gopro but decided try ultra save money far seems work good not tried shoot k yet although seems like would work bought backup gopro hero black,2
device work galaxy no problem wok perfectly really get buy gb storage device size thumbnail run program one day something like hold tb crazy cool,2
screwed orignally order wrong card needed card quickly trip ordered arrived put tablet andloaded file worked flawlessly month thanks work great,2
recent map update garmin gps ran memory map getting detailed used memory got back full north america map cam adapter fit pc sd slot great garmin gps,2
used gopro hero work great found sandisk always make excellent product money well spent sandisk make great product,2
lot room enough speed everything need portable going along ride no loss data no loss data,2
great price product half samsung charging memory card work fine notewith no pproblems ever great price great product,2
card worked flawlessly gopro hero instead opting bigger card got two smaller card start way could transfer data laptop still using card wanting un assisted large record like time lapse something opting bigger card smart but usage able swap back forth invaluable far no hiccup problem even faster beefy shooting setting good addition gopro gig bag,2
exactly expect memory card nothing nothing less tested card gopro hero worked good,2
fast like think one like think like,2
work really well motorola razor maxx good price size sd card would definitely recommend anyone wait price drop capacity go great price,2
first time adding sd card smart phone got nokia lumia excellent screen wanted able play movie trip watch desk working far put album hi def movieson card still gb spare everything load fast stored phone internal memory happy little guy lot space tiny thing,2
bought super cheap black friday cyber monday week whatever mean great bought thinking might better galaxy but not noticed difference speed guess hd video recording picture taking camera hooray,2
first got mine wal mart but considering gb version but gb card really fast actually transferred galaxy siii ever reason read card faster phone internal gb memory always used snadisk stuff everything flash drive sd card even ssd make great stuff great card,2
sd card used one fastest merely adequate bought gb version inserted samsung galaxy latest samsung phone performance although still adequate less stellar example load amazon kindle app mb purposely placed sd card take full second load app ipad take around second load still much smartdevice performance worry but care fast smartphone take picture assuming picture stored sd card fast apps load purchase much faster sd card latest phone pros: adequate performance hassle free packaging cons: not fastest but still adequate adequate speed,2
not expecting micro mb within standard scandisk not much write performs without hassle surprise,2
best gig micro sd no lag accessing data smartphone act like phone internal storage indistinguishable integrity data well preserved great,2
bought use gropro card allows video long battery allow must gopro user go great gopro,2
bought phone worked perfectly quite great size great price cant go wrong great card,2
installed day receiving galaxy note iii stuff music ipod ton movie not problem fast working great many month later,2
would recommend one phone one tablet probably get one gf great,2
using gig microsd galaxy year knew needed new sd card got sd card worked really well no longer worried running space take picture new work extremely well samsung galaxy,2
great performer price capacity limitless speed superb considering smartphone : sandisk rule,2
every sandisk card ever bought never disappointed one exception use one galaxy tab far performed superbly zero complaint realize quite bad review card but never ran bad sandisk card hope future feel bad ppl get one bad card batch thousand but yeah happens great product reasonable price,2
memory card work else need say using data logging project soon,2
use gopro hero camera work great no issue perfect size price great card,2
gig tiny physical space crazy make phone capacity huge use mp player convert fat but hard plenty free program download work device well sweet solid product,2
bought put mobile phone samsung galaxy lot say put formatted working ewell month seems fast no issue recommended thought something small could big,2
not much say product no configuration needed work box no need format unless want speed tablet processor speed card make impossible see delay recommand anybody burchase gb tablet phone specially picture music need keep market carry gb make best judgment save sandisk ultra gb,2
surprised fast recieved sandisk micro sd ordered ordered one but took almost week recieved one within day plan use one next android phone want upgrade samsung galaxy model instructed phone handle gb but found handle prompt delivery,2
hi son wanted needed make purchase hence purchase completely satisfied item no problem love regard jcn best bang buck,2
oh gosh greatest invention since sliced bread totaled underwhelmed work xx xx memeory card,2
picked several discounted work great galaxy phone wife nikon v gopro no failure inability recognize card highly recommend scandisk product great deal,2
work great compatible device but think reformat fat u older device designed gb likely experience excess battery drain even think working fine start work great compatible device,2
use sony camera fairly high megapixels per picture also tend snap many shot row buffering speed card like important recent trip abroad took picture sometimes using panorama function never ran processing delay camera card let keep snapping card like noticed perform otherwise good thing one seems perform obviously not technical evaluation layman assessment using card good result,2
say like say installed galaxy no issue no complaint advertised,2
worked really well used gopro camera recording couple hour video love storage space nice memory card,2
sandisk memory card awesome usually buy sandisk product reliable good quality sandisk,2
brand but prefer sandisk several never error failure often shoot video k high bitrate memory card keep important would highly recommend card top choice,2
always bought sandisk sd card never disappointed one no exception using galaxy iii no problem transfer speed advertised great card great price great card gb,2
arrived quickly actual product described unlike others committed item work needed thanks memory card,2
installed no issue like others posted fact formatted computer popped right,2
always perfectly satisfied sandisk product extremely reliable suit purpose perfectly particular memory card no exception nothing like sandisk quality,2
bought extra memory samsung galaxy wish known bought phone android changed memory management technique gingerbread jelly bean verizon sold gb samsung much research since old phone broke leave business trip next day come find gb version galaxy never asked verizon even carried different version well figured problem put gb micro sd tf card set unfortunately no longer transfer apps micro sd card apps store data sd card but no longer ability move sd since travel internationally use lot gps mapping software would like download multiple gig map data offline mapping download phone gb memory not gb memory card picture except burst photo video music put gb sd card said memory card work well priced par comparable card market got cash need space music video movie picture not apps recommend picking one reliable memory,2
device work advertised tremendous price found not need formatting work galaxy note amount space reserved purpose excellent would definitely buy device another satisfied amazon sandisk customer,2
work great like sandisk chip used girlfriend samsung galaxy work,2
work good phone listen music hour hour need remember bring charger work work good,2
fast installed acer iconia tab month endured file transfer file transfer not single glitch supposed,2
great memory card used micro sd regular come larger disc case fit great product,2
use samsung galaxy note performs pretty darn well write read speed safe good store photo no prob great,2
bought gopro hd hero camera one recommended buyer zero problem card included adaptor make easy transfer video pc thing tiny though thin careful not bend lose price reasonable well perfect action camera,2
first foray microsd card world bought gopro hero white pros: come adapter easy downloading simple format right box read writes fine no error cons: adapter no spring return like device instert card removing card adapter pain overall great need hope help great card great price,2
bought memory storage samsung galaxy tab replace one unreliable prior leaving vacation worked without problem returned vacation returned defective one sandisk replacement two write fast larger g sd card probably try use hd video camera lot memory small package,2
work great low cost fast bright red make easier find get dropped misplaced sandisk usually go brand removable medium microsd high capacity fast shiny,2
bought new samsung galaxy work great no problem transfer speed no failure far would suggest anyone pretty fast work well samsung galaxy,2
got gopro hero come memory card whatsoever work great especially k recording hero black edition thing small though easy lose keep camera adapter super fast download usb memory card reader gopro hero compatible,2
giant fast micro sd card phone work reasonably priced swapped card past phone owned continues serve well road bring along enough p movie hour flight several still plenty room left downside even capacity but really gb probably overkill ultimate smartphone upgrade,2
second one purchased first inexpensive quick easy install wife samsung tablet impressed bought another install samsung sandisk ultra gb microsdhc,2
reading review expected jump hoop something crazy special make work instruction say gb supported device card arrived chose hassle free packaging best choice ever inserted phone booted chose format case card card formatted presented around gb free easiest ever happy able start moving music ever aging itunes card read write speed acceptable much faster microsd card technical user but would felt comfortable talking mother easy procedure going assume would work galaxy siii not much say boat ton storage small container star gb galaxy note ii n,2
bought card hero gb card bought camera not readable ipad card pace supply great video review ipad immediately supplied sd adapter great card gopro hero,2
got gopro camera order record high frame rate p keep fine never issue circumstance work well gopro record p fps without issue,2
got go daughter microsoft surface rt great loaded movie happy device extra memory : great,2
sandisk gb micro sdhcworks advertised good quality pretty inexpensive price considering would recommend anyone need micro sd card sandisk gb micro sdhc,2
get occasional dropped frame using record hd video hd camera solid couple week time tell ok,1
purchased use smartphone work flawlessly given much space think use but see always say beginning work without noticing pay think great price pleased purchase purchased use phone,2
no problem work perfectly fine expected threw surface pro get little storage capability music medium etc format use realize first but fault idiot first place no complaint fine product would recommend perfectly functional,2
work flawlessly gopro hero black edition great card price fit plenty footage especially work perfect gopro,2
use samsung note ii previously iphones but expensive get iphone enough memory song fraction price samsung wherever go finally music one device reasonable price,2
used galaxy note far great fast card excelent brand performance update may stopped working not work galaxy note pc sadly not recognized device great not great stopped working,1
bought memory card specifically add extra storage samsung galaxy easy install phone recognized card instantly turned phone removed back cover installed card not sure needed but figured hurt way installed recognized formatted card phone option card fast writing reading would definitely recommend card others especially galaxy want storage space work great samsung galaxy,2
buy micro sd card get class apps run slow camera slow spend money class speed card ensure device work full potential listen certified geek never settler class,2
great buy apple product get charged non expandable memory expandable memory dirt cheap day much get reliable apple work like charm got two one phone one tablet never problem inconvenience either love,2
bought card go new samsung galaxy note edition using day onboard storage felt need little space price card right always great success sandisk memory device whether usb sd use card take sort music movie whenever go anywhere absolutely no lag hiccuping playback also set card default store photo video taken tablet no noticeable delay taking photo card work well bought second one replace old gb card phone enough storage,2
work well galaxy use medium storage reseat kept getting error preparing sd card but think put phone medium think pretty good value extend storage phone update deducted star card capacity billion byte but not gb difference storage actually around gb gb still good value would still recommend highly but understand not getting gb fast reliable,2
super fast card lot space great movie picture music stuff awesome lot memory,2
card work great gopro hero white edition hour time lapse no issue whatsoever corrupted data missing file always good experience sandisk product recommend everyone good value good card,2
good price gb card purchased go along hero camera needed complete set great item,2
purchased cell phone easy plugged phone recognized instantly adaptor come device problem adaptor write protection switch toshiba hp laptop like turn inserting sd slot get around insert adaptor slight angle apply little pressure try not let switch get changed insertion work but pain fortunately since chip phone time not pain deal often something may need considered though plan using device primarily standard sized sd slot laptop computer work,2
got sale deal awesome,2
got gb card garmin gps gps memory could expanded map info could saved memory card work described used sandisk many electronics never problem sometimes little expensive brand but think little extra worth great price great product,2
got microsoft surface exactly wanted wish surface user friendly though but another story one thing watch for: not work older sdhc compliant device tried work not problem device much buyer knowing buying work great not compatible older sdhc equipment,2
no complaint work great gopro never worry running space filming dive usually go multiple dive one day shoot lot second video clip share family friend web never come close running storage space absolutely no issue compatibility gopro get much better,2
crashed lost everything thanks sandisk used g not solid product couple year worth stuff gone instant crap,0
issue gopro not use transfer speed inaccurate gopro even admitted support gopro issue,0
sd card died shortly got but sandisk rma policy awesome new sd card within day new card fine one best return experience good buy,2
bought along gopro hero ever since nice ridiculous amount storage running around gopro want change chip jetski falling plane foot perfect gopro,2
little guy add ton extra space samsung g music worth money nice addition phone,2
bought card new samsung galaxy card good expect price technology paying sdxc card come formatted exfat default would tried format anyway seen phone support filesystem addition faster format enabling higher transfer rate exfat also take less storage space say fat fat filesystem would important considering mobile storage device read several poor review product starting simply stopped working month happen regular use happened past couple gb sdhcs would venture say error use flash medium sensitive regard hard shutdown say pulling device card reader without first unmounting within data storage menu android phone option unmount sd card would recommend always select removing external memory card avoid corruption data ultimately card reason sudden stoppage flash memory device data power connectivity easily result corruption transversely memory card plugged card reader say sd adapter first eject card window small icon located taskbar notification menu safely remov ing hardware eject ing medium select card notification pop card safe remove basically severs function android unmount optional but also cease current read write operation avoid data device corruption cannot speak one would mac o but chance using apple pc android phone good flash card,2
hold lot data fast read write capability sometimes wish gone gb version but gb great adding memory ssd tablet like surface pro great product,2
lot report gb card not working gopro hero gb work great gb work gopro,2
ordered memory card drift ghost action camera started getting error camera freezing saying storage problem assumed camera faulty actually exchanged another camera error switched sandisk extreme card never problem going recording hd video especially high frame rate not get card sure would fine scenario though but advertised class uhs card not fast class uhs card drift innovation company make ghost camera use stated multiple support ticket not use sandisk ultra card not perform fast enough camera result slow card error work ok try recording p video higher frame rate not fast enough p video,0
bought save music mp movie mp asus memo pad hd work great work great asus memo pad hd,2
worked fine start offered great speed but month cell phone started eject reconnect several time per day least per hour made phone eat whole battery life half time installed watchdog noticed google process also incremented cpu usage read somewhere caused kind problem microsd card probably process trying scan memory inserted another forum also report kind problem latest generation sandisk microsd card decided purchase samsung one found similarly priced phone stopped acting battery life came back normal started giving problem month use samsung galaxy,0
happy come fast good packed usually used but fantastic fast new card perfect,2
bought new gb microsd card replace old gb microsd run space rooted htc inspire easy copy paste computer back new microsd card good price gb,2
else say sandisk gb class work like charm galaxy sii unlocked upgrading old smaller microsd card this: create img file old microsd hdd raw copy tool freeware recover saved img file new microsd card hdd raw copy tool since old microsd gb new microsd card gb d: install minitool partition wizard freeware choose new microsd choose move resize option drag space full size new microsd card forget apply put microsd phone go stuff apps saved microsd working say,2
class adapter life billing currently use android phone work great,2
use cell phone lumia work fine transfer speed little slower memory card used but not much bought memory card cell phone,2
device work exactly expected hold lot music video would recomment anyone great product else say expected,2
purchased gopro hero black edition work perfectly use gopro car riding snowboarding cliff jumping much gb sandisk sure capture every moment life capture gb,2
storage device small one physically but hold lot great add capacity tablet cell one supposed store file various format ask lower price suppose wait year doubtless job,2
bought m surface tablet tripled storage space copy medium endless hour entertainment plane ride hotel working great m surface,2
put mom asus transformer book ta c gr provide ample amount storage picture music movie performs well experience lag far great product job,2
work write damn eleven word finally done crap three word work samsung tab,2
needed inexpensive sd card new htc one perfect choice work perfectly thus far no issue al micro sd,2
macbook air curious could put timemachine backup sd card experiment picked sandisk because:i great luck card pastusing microsd give option changing tech going forwardamazon best buy well guess work great use timemachine,2
much said first sandisk name sandisk quality sandisk speed packaging done well shipping not issue professional video photography never sandisk product fail unit purchased specifically gopro hero black but could easily work canon mk iii adapter one dual slot sandisk quality mean lot,2
awesome price bought camera gopro phone great cyber monday price work advertised awesome product,2
everything say without hitch work like charm reasonably priced make good value everything say without hitch,2
suppose purchased samsung galaxy tablet no problem complaint great price great product,2
using dbpoweramp able rip entire collection card reasonable quality level point make sure compatible device buy work galaxy note,2
use tablet well camera find slower speed card not work well taking picture video would nice sd adapter built wifi way dslr would need buy one wifi card simply replace micro sd card save money good price dual use fast gb card,2
use sammy tab formatted htc phone put tab micro sd,2
work expected else said card almost silly person proof but looking review may say otherwise amazon shipped fast happy solid,2
currently downloaded music car sitting surface rt done measurement fast transfer rate card but tell fully capable playing music video card surface rt no lag also good value far price size speed ratio great value add space surface rt,2
three card used device oldest one year old bought third one no problem error kind nor lost data consider solid investment great memory card price per gb even see abuse get used helmet sport cam sometimes shaking hit affected card ability store video least one year no problem complaint use tablet sportscam,2
san disk ultra fast gb give lot storage phone got lot room apps photo music data lot fun filling lot memory fast,2
use everyday microsoft surface happy no issue great speed wish price would drop even though great card,2
got girlfriend tablet bought love put music picture tablet want worry running space anymore put medium phone tablet need,2
sd card arrived quickly worked ever since initial install removed used adapter laptop put back without issue using droid razr always select unmount option storage section prior removal ensure data not lost no complaint item bought card replace gb card purchased previously suddenly stopped working paid little but thing well worth put lot mp file device card great great deal,2
great name brand class card great price best net time bought one work perfectly fast go wrong spend extra couple buck real deal fooled knock slow speed import great item,2
sandisk great brand never complaint working fine galaxy tab would recommend always good always work,2
bought galaxy cell phone love extra space fro music large picture file perfect phone,2
liked color liked worry getting confused microsd card lying around function expected given made sandisk expected,2
fast card reliable offer ton space nook hd solid buy regret lot space,2
card worked automatically immediately samsung note edition tablet transfer fast faultless thus far previous report issue sandisk memory card not working samsung android device concerned but seem occur newer xc version excellent option tablet,2
called sandisk say new card version corrects problem sandisk sandisk tech say new package show card made march know includes march but probably corrected older late reportedly ok know even say provide free ups return label course taking risk whether problem really fixed keep backup know would sandisk replace failure due bad batch,0
fast card worked died less week return period expired must note though nature memory storage card drive fail last forever not sandisk fault not amazon fault but reason think amazon extend return period item fall category dont worry amazon still love but feel like played role proctologist one flash memory flash memory,0
bought garmin virb action cam store hour video great battery record fast big want great card,2
use samsung glaxy increase gb device gb increase gb great,2
performs well bought good price work great no problem used samsung epic but phone trouble using kept getting sd card suddenly removed notification bought yr ago still going strong,2
say using double memory asus tf gb card good read write performance sandisk recommended sandisk card,2
using year no issue come amazon much put review memory card item described,2
popped formatted work fine sure power first didnt didnt like reboot anyway work razr hd maxx,2
bought micro sd card galaxy note month ago great plug play no problem recognized immediate right able transfer gb video music phone right away transfer speed good expecting reading guide type sd card good product recommend anyone looking sd card advertised,2
placed sandisk ultra gb microsdhc c uhs memory card without adapter samsung hmx w camcorder work great san disk ultra gb microsdhc,2
used gopro hero black edition work like charm come adaptor use regular sd card slot read microsd card reader no issue pushing video even high quality high frame rate video card flawless outstanding product,2
amazing think need space but gb nice love not worry needing space phone yet ahhh space,2
use go pro never issue recording p video skip beat hard beat price sd card amazon always first place check another great sandisk product,2
popped galaxy work disk came enclosure used inserting pc laptop device shipping fast work,2
bought new galaxy note realized device recognize tried device laptop desktop macbook work disappointed not working box,0
little microsdhc memory card sandisk equal reputation fast enough large enough store stream full length movie ripped dvd collection perfect addition new smartphones bought three recently purchased smartphones highly recommended inexpensive fast enough stream video smartphone,2
disk keep data input neat compact responds computer readily really like might get another one recommend friend anytime review sandisk sdsdqua g u ultra gb microsdxc class uhs memory card,2
use tablet pc extra drive great speed verse cheaper brand nothing else really say great product,2
sandisk make quality product count small price competition pay thing fit bill need save extra money give needy family member recommend product rating great price gb storage memory cart,2
bought extra storage samsung tablet anyone wonder direction place black side back red gray side face front screen aldo work great canon dslr adapter fast descent,2
brand new card working perfectly good using action cameras: gopro hero contour gps no problem far no problem far,2
bought new gopro black work wonderfully totally recommend looking high quality speed work,2
put samsung work great store lot picture easy load unload also download picture computer easily great memory,2
got new galaxy work great tripled memory compatible worth every cent able carry ton music podcasts android phone,2
bought micro sd card samsung galaxy note work flawlessly lot space fast fast lot space,2
seen memory seems best stats transfer speed whatnot but let research far rest concerned pros:the packaging plenty protect product came adapter full size sd card but definitely nice price beat could find locally cons:none really think good memory card,2
great price time purchased sandisk known making great memory card use gopro great product fast shipping,2
ordered use sgh delivered day no problem far would say great buy price would suggest use high end smartphone excellent,2
used assortment phone device work flawlessly good transfer speed not ever problem card many sandisk card used keep using brand failed yet great little device like one make life easier amazing micro sdhc card,2
bought memory card replace gb memory card zte valey phoneand work great sandisk ultra gb microsdhc memory card,2
many device still work well gb capacity card gb card often available sell great price work fantastically great amount storage great price,2
swapped gopro put gb card case completely satisfied card exactly want,2
card great buck steal card handle high transfer speed good music picture video not get lag wait card load highspeed,2
card dead arrival not work whatsoever copying file transfer speed mb would eject card content transferred would lost card refused format got error message lock not definitely dud exchanged kingston card size worked still work flawlessly dead arrival,0
work great samsung galaxy note ii install forget never problem ton space,2
purchased product specifically utilize sony action cam sandisk product work well not problem whatsoever would recommend product use sony action cam camera requiring micro sdhc card great use sony aciton cam,2
work like memory card work save stuff deletes stuff transfer stuff good lot stuff no problem far memory giant,2
used memory card expand memory smartphone worked expected easy setup copied stuff older microsd card computer changed card gave couple minute initialize copied stuff back worked great helped quite bit,2
fast fast fast big big big exactly need record ill advised shenanigan friend put gopro,2
awesome storage much space format correct format phone walla ton space large space small size,2
lg optimus f cell phone believe fast file transfer take picture card quickly click shutter button happy card price paid super fast,2
fast reading writing samsung galaxy verizon highly recommended sandisk numero uno smartphones great,2
purchased two cheap enough buy get fastest market worry running space fast sandisk reliable whole go big go home,2
gb card cell phone love offer plenty room pix music video fast save load someday get desired tablet pc getting another one sandisk ultra microsdhc,2
gb set know long bought one note loaded ton pic music still enough space last long long long time thank samsung new device able read gb microsd card love,2
notice significant performance increase less expensive class sandisk sd card recommend card not really faster class,0
microsd card perfect using sony dsc tx v cyber shot work camera took second format card ready stored picture video excellent costumer service help replacing card broke sending new one came super fast card definitely recommend card happy costumer service answer quick werer fast definitely buy guy thanks perfect microsd costumer service,2
bought samsung continuous problem message saying connected etc replaced wit equivalent trascend never problem past several month would work pc ana adapater failed format device rma given lifetime guarantee hassle work galaxy finally neither device,0
exactly need plenty space anything work computer laptop psps w adapter camera camcorder etc perfect,2
fast small pretty cheap put one usb reader use thumb drive best card money,2
use time gopro great buy super cool come sd adapter perfect gopro hero black,2
hard rate memory hard many word memory card suppose problem work great,2
htc evo design g added card like x faster transfer file computer game like n v put massive amount file microsd load much faster put apps sd noticed no difference performance game apps one problem though phone would repeatedly say card unmounted find card popping battery cover pulling card reinserting would fix reboot thought fault card but since upgraded htc evo g lte no issue card issue phone not reading card might phone no complaint,2
minimum speed class want video recording faster one but job value good make sure check see camera putting take card capacity seems odd but use card gb check first also check web site firmware update many camera not take first but say commodity like memory get store stuff like crazy fair p hold insane amount video image likely shoot week trip but always use extra space storage maybe format work new k camera need gb sure work great high def action video cam,2
expected gb sd card never tested read write speed but never problem music video good sd card,2
memory card working flawlessly price dropping nicely amazing storage capacity something small good performance value,2
easy install expansion memory completed issue product work advertised work,2
good priced memory come plain white wrapper adaptor sd card size forget put guess work memory,2
got sweetie tablet board like book hold lot quality price great sweetie tablet,2
memory fine but adapter came useless not contact seller since another use like,2
sandisk ultra gb class used extra storage space surface rt everything worked expected well worth money extra storage space surface rt,2
item work great garmin dash cam garmin hand held topographic gps good value deal money good deal,2
would recommend memory card anyone cell phone tablet pc memory card fast efficient great memory card,2
placed memory card bluetooth speaker loaded different gender music play beatifully bluetooth memory,2
samsung galaxy gb fast microsdxc flash card storage available amazon rather amazing price work cent gigabyte way back early day hard drive storage paid much per megabyte little hummer fast package ad claim read speed mb crystalmark test indicate mb read mb write storage capacity like continuing software development smartphone small tablet might future computing initial impression simple one awe: gb usable storage chip not even size thumbnail device support microsdxc card buy one never much storage but definitely hard pressed fill card personally useful data great device great buy jerry incredible simply incredible,2
sandisk gb sd card job way supposed use tablet zero complaint yep,2
quickly went bad used maybe week better keep receipt bad bad deal period,1
painful buy new gadget new better one come along bummer but great little card help keep envy bay becuase might fastest wow content: huge library movie song apps right fingertip becuase baby phone buy one insurance phone tablet envy enjoyps format device ensure compatability case update: month later: still job lot space apps music movie still happy device no problem trouble report good product enjoy jb keep smart phone tablet happy,2
great price fast large micro sd card recieved super fast work perfectly droid verizon wanted class card like great price fast memory card,2
price help speed phone significantly freeing memory used camera apps good quality product great price,2
good case nice come sd adapter fast transfer picture good memory card basic microsd card,2
tend hold review test thing thoroughly year thorough enough work no issue stated capacity good speed year still working,2
turn smartphone ipod effectively store music picture video accessed directly adapter indirectly via micro usb usb would highly recommend much space,2
unfortunately sd card not fully compatible samsung galaxy installed phone would check tell sd card ready removal continuous cycle even formatting fat ntfs fat card would not work would revert back exfat format recommend product get work but star rating due lack compatibility listing product site not compatible samsung galaxy android,0
buying sandisk awhile but yet experience durable fast accessing video photo phone not hesitate load due memory card highly efficient price got amazing highly recommend great value,2
worked great amazon price hero gopro video least twice week month worked great amazon price,2
no problem fit seems fast color good addition pop floor something find no problem fit seems fast,2
chose item speed memory also sandisk brand disappointed memory work fine motorola razor cell phone allowing store movie picture music play phone adapter hand feel flimsy fragile trouble inserting two different reader even felt like like going break several adapter adapter feel like material much thinner others said purchase memory adapter purchased speed rating compatibility thing equal would consider purchasing memory feel fragile,1
bought one cellphone never worry download space picture apps anything else sandisk gb,2
supposed supposed read writes perfect peripheral g perfect,2
put gb video micro sd card perfect fit function flawlessly samsung tab,2
pro conspros fast work galaxy note also work gf galaxy note brother galaxy got sale sale rock half red make harder lose black one come microsd sd converter use stuff like camera sd card slot computer wildly useful non phone transfer us con none yet see long last complain literally,2
second one purchased amazon great service first one bought month ago fast fit perfectly m surface computer sandisk gb microsdxc,2
exclusively used sandisk extreme card pro photography gear year never let one dud though plugged let phone format start copying everything copied fine but got done started acting phone plugged computer using storage device got ton crc error message saying needed format card using phone would come time time saying inserted blank card reboot phone work fine little bit error would start thought maybe way phone formatted tried format computer but help anything frustrating thankfully day trouble started going back amazon refund find reliable card phone junk work droid bionic ic,0
card worked great first never problem sandisk past but bought card galaxy back october dead december sorely disappointed purchase maybe faulty card but experience terrible get one star died month,0
never looked verify capacity card clearly labeled gb but installed clearly not installed computer show gb available used beware order one make sure getting pay shame,0
wife gb microsd card failed phone order prevent issue got one phone one phone able transfer photo music card plenty room spare great sd card roomy,2
bought card use samsung tab since came gb storage gb left junk bloatware come found delete extra unneeded apps without messing system gb card hope not need anymore storage foreseeable future card immediately recognized system intergrated seemlessly able use additional memory storage one reason got samsung instead apple product extra memory great price,2
perfect counterpart microsoft surface rt tablet support bitlocker encryption keep password encrypted case lose no issue playing hd video using window default video player awesome surface rt,2
purchased card double disk space m surface rt price right happy purchase would recommend card anyone needing gb microsd card microsdhc card great,2
tested sd card speed play store app get speed advertised allows download tv show trip perfect fast reasonably priced cant beat,2
put gb phone purchasing needed device work samsung,2
reformatted fat transferred file old phone put galaxy hardly thought since huge work reliably great card great price,2
superb quality seems never get full got sooner expected research making move sold sandisk lot n lot space,2
fast practical really like almost able use phone play full hd great fast good price,2
nice product worked perfectly window however quite work placed inside samsung galaxy file copied not shown file browser googled bit problem concluded phone problem good product but work samsung galaxy,2
card work great lot space great transfer speed shipped quickly package great shape no probs,2
bought memory card dashcam work perfectly no problem write speed resolution video trust sandisk quality product many use no failure yet work flawlessly dashcam,2
great addition phone came sd card converter able transfer data old card using laptop no issue love extra space available photo video expanded samsung g,2
sd card nothing exciting except work suppose but thing worked perfectly put vivotab window device worked perfectly gb formatted free space typical but folk expect get use full gb heartily recommend device worked like charm,2
started useing minute got transferred g old sd card new g micro card no problem arrived time packaged well sandisc ultra gb micro sdxc,2
fast transfer hesitant buy larger micro storage thinking would easy damage storage fit phone perfect hesitate buy work advertised,2
unerstand card may come different format reformat window xp machine finding hp utility via google get work properly samsung galaxy note work well but,2
mounted sandisk ultra gb microsdxc card dell venue pro tablet data drive card instantly recognized tablet no apparent delay read write operation card ordered easy open package came sd adapter allows card used regular size sd card recommended work data drive dell venue pro,2
bought tablet like capacity music movie file purchased model never problem work great,2
bought replace gb microsd phone died one still kicking guess good thing month good died yet,2
bought upgrade phone micro sd work great lot storage not able test speed transfer google chosen turn customer disable ability connect phone pc normal since work,2
seen place beat price saved using main hard drive make instead came fit dell great price,2
use family samsung flight ii phone not experienced problem kid take lot picture phone fast work great,2
super fast ton room love micro sd card price even great using phone month zero problem sped processing time camera app considerably love sd card,2
lot sd memory card market today cheaper always used san disk never fail fast reliable good solid performance digital camera cannot go wrong san disk high quality memory,2
never need another bigger memory card fast plug right need setup etc sandisk quality brand right galaxy tablet,2
use link web cam fast read write reliable sandisk best tried brand but always fall back sandisk excellent reliability,2
sandisk class far memory card best price card need advance camera phone ext bought go pro black edition worked flawlessly without buffering error money sandisk would put money memory card great memory card money,2
already many review product wanted say card plain solid priced right well hope see gb soon buy without fear,2
work advertised no problem work great new gopro silver edition good quality memory,2
gig work great not sure else say really not much else say gig work great,2
amazing memory chip card less half size regular postage stamp card fit garmin gps allows take oodles photo along viewing come adapter allow using pc one many multi card reader gigabyte tiny card reasonable price highly recommended tiny gigabyte memory chip,2
purchased use dash camera using month without issue not sure else say hopefully get couple year worth use need,2
good low pricethankssandisk ulttra used dash cam work record unto g but user regularly formatting time amonths keep memory good conditionthanks good,2
use hisense sero pro work great good buy device good quality,2
work great say price come year quality improved use note great job fill put everything external hard drive card used great card lot memory,2
picked couple gb card gb card still expensive stock try buy amazon directly fullfilled amazon faster shipping many many sandisk card microsd smart phone sdhc point shoot surveillance camera compact flash card lot storage little space,2
nothing really say except excellent memory fast efficient go wrong sandisk using acer iconia tab work like charm thanks great memory sandisk,2
pretty awesome cheap bought galaxy figured upgrade sd card nice since inexplicably almost no internal storage still awesome phone though but not talking today awesome,2
bought microsdxc card samsung galaxy note edition work great transfer speed excellent would definitely recommend friend work great,2
bought samsung tab work great fast not problem also work samsung galaxy fast good,2
fastest microsdhc used got tablet but turned tablet no microsdhc slot arrived using mp camera writes quickly next shot quite pleased performance card think may card even faster but suit need casual photography work well quite fast,2
good product using smart phone usual amazon packageing acceptable take forever open package seem take work well,2
previous card sandisk gb class card card speed x faster put music movie heart content thing say negative order htc sensation g recognize reformat card even though packaging say android compatible even mighty green andy android lol but formatting card window able use phone use fat utility cannot remark formatting procedure oh forgot add first card sent work card try format amazon sent one overnight without charge well return bad one course but process easier card actually backordered week deal day amazon card purchased well card authentic came sandisk packaging indeed class card enough space htc sensation g,2
purchased use add memory motorola razr maxx phone work great package arrived scheduled good job,2
use phone work well enough android like use card default move thing manually but beside point card work well work except android,2
put memory card formatted storage menu downloaded sandisk memory zone app google playstore phone issue memory card come back update review but far good solid memory card galaxy,2
no problem yet work fine htc sensation seems kinda slow but thinking problem phone interface not card no problem yet,2
looking extra storage device store pic song much highly recommend,2
got expand memory galaxy note love hold almost whole year worth picture video doc phone took larger one get one love,2
say micro sd serf purpose work would recommend others great product,2
sandisk ultra gb fast quiality excellent usefull device not problem recomended fast,2
solid card used music phone apps but standing dslr functioned great purpose got card bargain finally full speedy card sturdy adapter,2
sandisk provides dependable storage new tablet sandisk rely phone computer never let job,2
anybody getting gb card aware card use need formatted problem computer format gb less got gb formatted card sandisk tell nobody use buy expensive card use gb instead google discover people problem wish knew bought put galaxy note android phone think even sell gb least informed people heard application could make work but buy something expect work without need hassling around since not geek sandisk gb,1
month later no problem solid product happy would order month later,2
opened micro disc adapter know went utube installing became clear micro fit top adapter whole thing fit camera neat high powered micro disc adapter,2
super speed card work great phone problem since bought thing certainly able record hd video right onto card no problem recommend need quick data delivery external card recommend no problem phone since got,2
hello using sandisk memory card since beginning sd card latest version recommended samsung galaxy phone zillion photo video apps original gb space becoming full not saving due lack space sandisk micro sd card answer pop back easily phone slip mini sd card provided slot make sure click put phone cover back unit simple gb extra space new phone store anything want store constantly make backup home computer easy connection simply show phone data sd card data connected home computer transferred largest photo video file sd card original gb open instant quality photo video original card get loaded meg camera take super quality photo video but also take lot space adding micro sd card less expensive ordering gb galaxy but yrmv great productupdate original super large file sd card still show original gallery screen still function but original gb show room next zillion photo etc need space smart phone,2
experienced problem arrived really fast great price gb size compatible android o tablet well worth price plus sandisk reputable brand trust highly recommended far good,2
say plugged worked dell venue tablet always good luck sandisk brand cost effective high speed hc card,2
top end besides stupid expensive extreme work fine get cheaper one suspect good but slow fail worth save couple buck work work fast work great,2
item came described: yesitem priced well: yesi using microsd external always plugged mac help store bunch file school back exactly ordered,2
sandisk best brand get memory card bought two little gem go sandisk sansa clip zip work wonderfully wonderful,2
work great real deal not fake one often find website great galaxy tablet adapter slot easily computer great sd card,2
seems chinese crap look like original one work fine galaxy also tablet recommended work fine,2
using sandisk sd card device cellphone tablet pc say product one best reliable product,2
scandisk ultra gb class microsdhc card one acer iconia android tablet one linux laptop move file around formatted differently make fit best hosting operating system working great no issue great performance stream p movie card without hiccup also used one card p camera no issue whatsoever keeping writing speed great card great android linux,2
maximize storage product installed easily even tablet new bee tablet recognized no problem pretty techno challenged but used picture storage successful transferring data device needed component,2
got gb card droid razr maxx hd recognized phone no trouble shipping couple day droid razr maxx hd,2
bough said fast but not getting mb galaxy note ii fast excellent phone slooooowwww,0
installed lg smartphone without incident working without hitch ever since word cannot express lack emotion but make review long enough qualify work fine,2
using dash camera purchased car job recording audio video fine store like,2
good price excellent camcorder micro design not required unit but give flexibility cell phone etc good buy brand name quality,2
great price size speedyou cannot go wrong itemi bought several already different size good product speed size,2
regular gb card used blackberry torch slow though replaced card definitely see difference speed z happy thing format card blackberry z fast writing speed,2
look many highly positive review card get one huge fast reasonably priced high speed chip btw come filesystem formatted exfat depending device may not like need format fat problem window not support formatting fat filesystems gb format fat linux use tool window best gb microsdxc,2
sandisk make best storage medium also couple flash drive love great sd card,2
officially expanded memory surface pro amazing moderity literally entire life work stored device smaller thumbnail great far good,2
great price great function work cannon camera note could not happier purchase wow space,2
excellent card use primarily carcam also used compatible small digital camera camera proprietary adaptor excellent card,2
needed memory upgrade phone galaxy time got sale yet fail store good amount medium device hold number movie full resolution picture taken handy long distance trip great affordable card,2
buy gb card install gb exactly gb paid go love but,1
using item extend memory capacity samsung galaxy tablet good price free shipping order work advertised extended memory tablet,2
phone storing majority mp collection album loaded g music comparatively fast never seem problem skipping stuttering slower card probably would solid selection video tried yet photo save quickly allowing follow shot would missed flawless month,2
class ten card failed jamed phone kyocera rise : replaced another regular h gb sandisk card working fine micro sdhc card less price used best buy far music paljoe mal jamed,0
amazon ran good deal gb microsdxc jumped bandwagon arrived snapped photograph test worked well tried retrieve file know but became corrupt no longer would reformat function device exchanged replacement amazon new one work beyond initial observation browsing seems much faster previous sdhc class card thank amazon immediate exchange highly recommended today go data storage original review star but amazon immediate replacement great customer service rated star sandisck gb microsdxc,2
work expected complain plenty storage picture video buy needed nice storage solution,2
work great asus android tablet gb specification seems limit size but work great happy write word worried gb might not work asus tablet but work great,2
buy sdxc xperia arc even many saying support till gb sdhc sdxc gb work perfectly xperia arc work,2
used motorola droid x music file loading file seem little herky jerky but played fine not sure problem memory card phone using amazon app motorola app came phone sandisk,2
got new samsung galaxy understand someone would buy class buck cheeper class micro sdhc fast mb speed come adapter pc using san disc flash memory year no complaint using android device anything need fast data transfer card dissapoint good brand,2
item work exactly advertised negative review product must people mistakenly reviewed wrong product know sandisk ultra gb sdhc micro sd card truly class work fine htc phone disregard bad review,2
work perfect samsung tablet satisfied product good quality awesome highly recommended fast shipment plus super memory purchased samsung tablet,2
work say went buck day bout but whatever great micro sd excellent,2
im upset right died turned phone movie pic music gone card died three month bullcrap worked galaxy month died,0
love gb zte supreme work really well phone restarted phone time first put but no problem no idea but fit entire music collection android reached gb rock metal get rid damn ugly as ipod classic amazing,2
ordered go tablet ordered fiance work well love tablet great deal,2
no complaint wanted good class microsdhc card job no difficulty keeping recording photo music downloads etc finally microsd card bottleneck download speed work fine phone,2
hard review amazing little chip huge capacity supposed star,2
fairly cheap good microsd fast gb memory chip flexible used everything flat memory card camera vids etc solid solid solid,2
plug play stuck phone within second ready go great way add extra memory u use phone great,2
month but best price quick shipping massive storage run speed test anything but no issue edit review problem road no problem installed samsung note phone,2
loaded song still lot room left work cell phone mp player cruise sansa work great,2
buy could never commit paying much data gb filled quick wasted money buying gb end still ended buying gb hold lot data,2
say sandisk adapter work well fit great tablet gb lot space work great,2
card fast fast fast also hold photo video able take thus far however number item increase see relatively soon looking gb card satisfied purchase lot storage reasonable price,2
far good fit right slot samsung five star,2
bought card use asus transformer book ta add external removable replaceable storage capacity inserted slot provided immediately recognized driver installed card appears available promised storage capacity pc folder computer able move file card intended product fine price satisfactory hooray,2
price great delivery time plenty storage gopro hero sd card adapter make thing much easier transfer file device price great delivery time work well,2
site reasonably priced unit memory added samsung galaxy no pro gb also helped expand memory allow better storage song information believe good value reasonably priced amount memory,2
got galaxy worked flawlessly typical sdhc installation no issue increased storage capacity galaxy like,2
work well gopro even though one gopro recommended one good buy speed movie big picture fast card,2
everything supposed able really test speed video camera see really class given sandisk expect everything good great price great price quick shipping,2
bought new samsung g installed card immediately recognized big enough lot music video good value,2
got samsung galaxy tablet according samsung tablet take gb card but reviewer tablet said could take gb went ahead bought gb one formatted fine tablet needed,2
great product use san disk ultra gb tablet would highly recommend friend great product get price amazon reccomend friend,2
got fast amazon fast glitch free performance smart phone tablet ive used whereas thought atrix glitchy solved problem hanging screen slow access music syncing fast doesnt make phone glitchy,2
product work great reasonable enough price going buy larger one next time best chk size use product buying work great,2
good deal great price sturdy gb format getting another sandisk ultra gb microsdhc class uhs memory card adapter,2
used sandisk ultra micro sdhc gb card exclusively since buying pov camera require used gopro hero sony action camera card great great card,2
sandisk ultra disk great additional storage cellphone adapter camera save photo music great amount storage cost,2
needed extra storage garmin additional topo map route card fit bill come standard sdhc adapter microsdhc card plenty space extra file gps satisified purchase purchased garmin gps,2
even website card picture ordering got plain black sandisk card bit concernes peeved sonsidering bought big one turn android hate class card much prefers class card way o access lot file class timing better computation star expectation otherwise gonna make great camera card hopefully pic take faster certainly size upgrade atleast wanted fast card rooted android device order root card style,2
fit samsung galaxy migrated music phone no issue fast good performance annoyed lost much space formating gb formatting,2
fit galaxy siii give lot storage : thing looking gb microsd card,2
cheap gb sdhc card would not behave android phone kept throwing error becoming corrupt looked getting gb sandisk ultra but read problem xda forum people went wish gb capacity honest rate sg camera suck storage but sufficient important extremely fast reliable never error never format plugged ready go get pay went gb avoid problem none far,2
like using cell phone used camera slower extreme version good product,2
not bad price really add needed storage added win android tablet no problem plug go great,2
use g formatted butwhat still like psp work great fast use g formatted,2
really excited came mac air lot music film ability stick minidrive great buy gb minidrive air like already minidrive problem not fast not fast enough girlfriend new gb minidrive run way faster old adapter new sandisk great though gb little chip glad cause matter time make better thanks size great gb wow doubled mac air storage but not speedy,1
use samsung galaxy work pro tablet wok else say four star,2
month already dead gopro doesnt see memory card pc doesnt see memory card laptop not see month,0
no brainer copied data old gb microsd swapped card put data back voila space constraint relieved space android,2
work described good packaging fair price no issue product point thanks good product,2
bought micro sd card replace cheap no name card using nextboox tablet last six month brand x card suddenly stopped working opted spring extra buy branded replacement far everything working fine hope not disappointed six month replace one still working,2
purchase three work great almost half local price need reliable high speed micro sd card great price functionality,2
purchased use dash cam system work perfectly no skip corruption file recorder highly reccomended work great video,2
work fine android phone seems fast transferring computer but could faster still know anything faster happy would recommend good,2
card great money performs adequately recommend product anyone need memory card great card money,2
put cell phone loaded work like charm no problem ever worked right box would buy another one needed love sandisk ultra gb,2
bought two major electronics retailer make sure get bootleg one crapped usually buy amazon but needed rig away unless company bought large batch bootleg card maybe retarded bought store but different location switched brand not taking anymore chance case flood bootleg one hit retail chain worked fine first but card filled time time died pc phone reformat recognize good luck buy major name brand thought best but not guess bought major retailer died info,0
go wrong sandisk product love bought expand memory samsung galaxy far no issue no lag playing video sg,2
say since yet use showed time fast well came wrapped small paper packet small enough fit pocket secondly right one believe excellent since based info exp know one used got gift people not chance notice much hope helped great price great item,2
bought store music phone but work phone trouble reading card keep reformat buy one sony company instead especially g not work well samsung galaxy,0
one say san disk work keep working work well without adaptor great cell phone needed,2
believe much info fit little card transfer speed unbelievable phone camera always burst mode copy file quickly lot space,2
working fine month randomly stopped working not recognized computer cell phone beyond amazon return window absolutely suck wasted money died month,0
know read write speed but micro sd card seems work fine galaxy reformat work fine g,2
got phone know gb gb would not available start operating system software pre installed used get enough memory phone work great music movie picture ebooks great expand phone memory,2
great read write speed compared old transcend course class uhs satisfied price got sandisk limited lifetime warranty oh yeah asked original manufacturer packaging but got amazon frustration free packaging instead no big deal though sandisk ultra gb class uhs adapter,2
gb micro flash card bought optimus ultimate cell phone work way supposed give added space picture come full size adapter,2
purchased used several sandisk memory card never experienced issue card one first choice market memory card consistant value,2
fast transfer rate great storage great price love little micro sd card use several different device micro sd,2
feel san disk seems make best memory card validate technically but seems fast acess seems problem free confidence must picture captured properly work great,2
work real good galaxy phone galaxy tablet good price cost dollar retail store great disk,2
fast card far reliable reformatted ntfs no problem no problem dell venue pro excellent card,2
bought card xperia v would format phone work exfat file system not recognized phone phone format fat would limit gb file formatted fat laptop sony vaio recognized card anymore using adapter but using external card reader writer using sandisk imagemate one usb reader writer card read reformatted also connecting phone via usb cable laptop laptop recognizes fat formatted card lot storage phone music video :d lot space work xperia v,2
say anything bad product great price would definitely recommend suppose,2
not sure say product work described manufacturer seller product work,2
speed meh size good no trouble come full sized sd converter put tablet memory card good,2
use put music video movie work great tablet no stalling movie video work great,2
massive memory boost captivate glide hold music file etc still gb free otransfer speed great really worth price know space,2
good space money put asus memopad hd kind medium room spare love work great super fast,2
bought raspberry pi work great fast reasonably priced not experienced issue yet bought raspberry pi,2
work perfectly transfer data gopro laptop suggest anyone buy one good quality gopro ready,2
second sandisk micro sd return due sort error thinking bad luck hopefully rd time charm time working properly seemed quick send back,1
worried article saying use x gb card instead but gb card worked fine but scared camera got real hot first time around went new gorpro hero black camera got hot first but working great,2
far faster stock memory card plenty speed boot usage enough cover need sure may not absolute fastest memory card existence but dollar gb handle basic need ease great speed space price,2
first tried putting camera without formatting said insert another card put linux computer output lot error syslog fsck work error ed even format window computer recognize either though tried format phone give error but able really test wonder mini standard adapter problem since phone mini slot everywhere else tried needed adapter exchanging different brand see happens work sony window computer panasonic dmc z debian linux computer,0
stated not bad price bought thing hope using ztpad c tablet work like charm card fast not problem date much memory small chip,2
purchased four item amazon opened box gb memory card missing rating product truly impossible disappointed,0
needed new phone work great sandisk good brand hesitate purchase good memory card,2
nothing really say but sandisk really well providing quality storage technology affordable price job,2
sd work supposed phone right month no issue job,2
couple no problem seem fast supply full advertised memory capacity great memory card,2
drawback assign sd card limit year warranty unlike kingston appears functional micro sd card siii,2
use gopro canon camera adapter great card multiple price mean one get damaged trip not great little card many application,2
used sandisk card long existed card fast solid quality expect sandisk recommend usually sandisk quality,2
work fine galaxy note hard review performance but price good think work fine,1
item like either work regard whether worked not comment review worked fine camera never hit buffering moment slowed shooting performance no issue,2
memory card work great else need say sandisk always make high quality stuff not worried worked great dell venue pro,2
work great samsung galaxy tab plugged played anything special would recommend great,2
needed space phone bought not given problem work really well work well,2
using sony xperia z month work without problem memory card recommended perfect using sony xperia z,2
many microsd card like many guy might definitely faster microsd card used happy definitely faster,2
bought use htc evo supposed maximum cap gb however formatting card fat format phone read function w issue unlike old memory card even power loss not experienced lost picture video worth price since bought year ago still double price retail no one carried locally work like charm,2
love card way faster micro sd ever owned transfer rom like nothing galaxy old microsd come every droid phone use take ever high recommend one fast top quality card,2
not lot say storage done speed test anything but definitely work samsung galaxy see performance issue watching video file stored fast enough work g,2
bought tablet bought alldaymall tm x inch android gb dual core tablet pc skeptial first but worked great tablet price boosted memory gb gb total good product awesome sd card,2
card transfer data incredibly quickly one notice difference regular sandisk memory card ultra version great memory price loved using microsoft surface pro no problem great memory card price,2
well card pretty cool received one say c instead u like picture use u work one received c needed mine ion air pro camera advertisement supposedly say class page description but say u card work camera know call ultra instead falsely advertising c really u lucky receive c worked but make confusing layman luckily received c,2
bought memory card gopro everything supposed fast enough work camera reliable job,2
bought one used sony psp microsd memory stick pro duo adapter samsung galaxy work great enough storage need suppose,2
bought memory card love lot space fhone computer seems work well love recommend product great item,2
card fast flawless still not able fill lot music flawless,2
bought go pro work intended video record properly no choppiness defect work great go pro,2
work well fast everything claim sshd item best cannot hurt last forever nice,2
purchased two gbcards two new samsung family using several week no issue saving variety file photo office document work fine samsung galaxy,2
bought hope replace standard sandisk gb model quickness not saying lightning fast but definitely faster standard version bought one phone tablet work great gb available try faster version also pretty dang quick,2
first ever failure sd card gb sandisk micro sd card went apparently fine totally corrupted matter minute could salvage anything refund amazon gb card purchased gb ultra card replacement phone problem getting full gb seen individual gb not partitioned two gb file card secret not format card computer format card phone via usb wifi add back content seemingly working great seems fast no undo lag taking burst mode photo hope continue much contentious backing though android amazon google pretty much content saved online reinstalled but take time big hassle backing computer work great next case time sandisk ultra gb micro sdxc card,2
first company need mark right consider mb gig gig actually mb mean end gb actuality read gb device card work awesome would highly recommend one star lost due not knowing measure data good card,2
gb additional memory great low price sandisk provides exceptional quality affordable price easy install great price,2
card high quality great price not made video but work well photography application big enough hold photo song use extra storage galaxy tab work great would recommend great card great price,2
work fine keep main memory cell pone free o lot space pic music many stuff freeing phone,2
everything transfered new sd card fine but phone randomly lose sd card search scan tried another sd card no problem get refund since stock updated sd card not not work phone computer not read lost everything advise looking purchase sd card look another brand problem already,0
yes work smartphones,2
even though say review gb version gb not sure say gb received card use macbook air extra storage liked speed mb figured would little bit fudge factor but not much consistently get almost mb read speed write speed around mb guess could average together but think really point : see review dealt specifically hopefully help someone else future update: go back read tiny print write speed may slower well obvious but think speed lot slower speed little misleading nowhere near mb write speed,1
bought use galaxy note tablet far good simple put microsd slot began storing data bought tablet,2
amazing small card careful not loose almost couple time use gopro work good shipped fast well plus great card,2
bought memory card use dash cam happy turned supposed no complaint good dash cam,2
great work fast came full size sd adapter clearly pay buy faster version sd great work fast came full size sd adapter,2
sd card work fine pretty quick not much else say product work perfectly,2
bought gopro hero happy storage capacity formatted give hour minute p video fps high capacity storage transfer quickly enough reasonably priced say high capacity storage gopro hero silver,2
reason memory card thousand star rating good price work well good price work,2
work great samsung galaxy note put memory card go storage setting click format card go not measured read write speed but tell copy gb video file second work great,2
loving far samsung tab love :dit seems going pretty smoothly great samsung tab,2
set forget item solid performance without issue forgot still sony camera love g scandisk,2
micro disk fit samsung phone perfectly able use adapter fit hp computer transfer tune phone great product price especially like green packaging much easier access product no wasteful plastic highly recommend perfect fit great price,2
using samsung galaxy worked fine without issue come adapter sd reader sandisk ultra gb microsdhc class uhs memory card mb,2
put card new camera would hang not respond anything apps also stopped working put old gb card everything worked fine work samsung galaxy,0
good luck sandisk card camera far card android phone no exception fast no error though admittedly long job,2
not sure expect product like short term fail good price worked well tablet without incident would buy good value,2
upgraded generic small micro sd card hand using g card fast making seamless read write picture video playback music stored sd card work great exactly come expect sandisk product perfect match samsung galaxy,2
wanted expand storage surface tablet price right work expected no issue pleased purchase bought m surface rt,2
dont understand but use micro sd card usb always seem work better last longer great product,2
card month given no issue transfer speed quite good moving data old class device new one arduous due slower older device new material transfer phone zip along fast much room movie music exactly needed great samsung g,2
bought surface pro gb additional gb use movie music etc use gb ssd stuff work great work great surface pro,2
sandisk always reliable always satisfied product know getting purchase product fast memory card great price point,2
fast taking full hd video transfering pc great quality zero problem legit product sandisk fast fast fast,2
store data good job else say something become common place today world sd,1
thought buying directly amazon would guarantee authentic sandisk honestly not sure got authentic one not but failed within month either not authentic sandisk really dropped ball quality p made china tell anything failed month,0
fast reliable microsd card used galaxy note loaded movie family picture transfer time speedy reliable card,2
sadly missed return window couple day card got flaky galaxy note little google research appears well known widespread issue class gb card avoid fixed known issue not buy smartphone,0
phone use music video transfer speed computer card pretty speedy work great great disk price,2
always trust sandisk memory card need purchase considering getting samsung galaxy phone gb memory but internal slot memory expansion however several bad experience samsung printer work broke within couple week various reason get repair replacement part ridiculously expensive cheaper go buy new printer samsung website useless tech support even less knowledgeable year old nephew spoke good friend work iphone said dont get upgraded gb iphone memory card gone son galaxy sorry rant but hate samsung sandisk ultra gb microsdxc class uhs memory card mb,2
arrived today always shipping amazon best read review decided would give sandisk gb microsdxc shot normally go patriot flash memory one thing read worried heat issue well say run hot hot ask feel back cover samsung galaxy not plastic melting hot but know issue maybe maybe not never really noticed previous card getting hot sure even usb stick run hot transfer cause concern honestly know yet use see heat cause issue anyone problem feel free comment tell happened contacted sandisk thinking calling also samsung find max temperature range acceptable really want ruin bad new phone otherwise lot space cheap complain gave star reason alone heat issue something else wont take star but still concerned answer thanks reading sandisk gb microsdxc,2
great price hold ton stuff class way faster card purchased great,2
despite class rating card much slower write speed others numerous example online not fast enough work high resolution video gopro hero black edition using camera choose one card recommended site not work well gopro hero black edition,0
bought two use hero cam no problem video picture quality right good value great hero cam,2
died fast barely used fact not even put anything died pad recognized week but went put stuff dead complete garbage stay away terrible,0
larger move high class use work wonderfully store image sd take quck second load but much faster better last sd card class pro,2
bought card galaxy but included adapter also use canon pinch meet uhs spec keep camera buffer plenty detail review regarding transfer rate etc revisit no issue card overheating performs exactly expected price also fantastic would recommend card anyone wide variety reason fast good warranty come adapter use regular sized sd card slot multiple us,2
picked sport action camera needed class speed match rating came sd card adapter nice bonus using almost month formatting filming no lag video no problem card running strong beat price,2
put file onto card gb little disappointing since wanted store movie but guess limitation microsd hc technology file size restriction,2
great value price come adaptor used multiple type device no issue would recommend work fine,2
got made sure new smart phone enough storage unknowingly got phone ton space but awesome addition phone much able store highly recommended wonderful,2
card great device accept micro sdhc class write speed big bonus recording high definition video satisfied purchase awesome affordable,2
installed product surface runing window rt seems recognize gig not bad thats almost dealt memor know several gig lost programing no issue,2
purchased product month back replacement another gb sandisk memory card even year old ceased work using memory card month started problem card randomly stop working not even recognized galaxy phone tried plugging computer provided adapter seldom get recognized card not worth money not last buy pny brand sandisk lost customer amazon com rock refunded full amount purchase kudos not buy product edited,1
work great used lot iun smartphone storage photo music game rom work perfect best memory smartphone,2
asus tf gb plugged right worked without flaw annoying thing card may get stuck sd adapter might want careful great shipped time great price regularly like great quality,2
good investment galaxy note use perseus kernel swap internal memory little guy right phone report internal memory gb great good saving picture full hd video game etc fast reliable,2
hoping one behaves good least year ill update something go wrong fast far good,2
work perfect no issue phone samsung galaxy galaxy note usefull gb,2
great price great product purchased phone but also use camera no issue far price not beat great price,2
got samsung wanted get max amount memory decided get memory card not regret run memory easy p movie still whole lot memory spear would definitely recommend product everyone awesome,2
use memory card tablet many picture game also music one not go wrong lot music memory card really help keep great memory card price,2
bit skeptical getting card official instruction phone mention external memory expandable gb bit research purchasing many reported able use card evo g lte confirm work first phone recognize card need format card first install format card phone recognize write read data no issue got large card music wanted add music wav format better audio quality least mp kb happy card work htc evo g lte,2
ultra fast delivery fast performance compatible samsung phone portable speaker sharkk pc recommend trust sandisk lot best brand sd memory excellent quality fast,2
not quite sure review memory card but go got gb version work perfectly galaxy tab haha amazon frustration free package pretty nice also liked little plastic case micro sd sd converter brought get job done,2
still think sometimes problem reading memory but prove still work never error reading writing star beutifull,2
great speed card mb sec work perfect android device samsung galaxy sii gt also work perfect using cyanongenmod downside: price expensive card use music playback like poweramp spotify rdio work flawless expensive but fast,1
purchased product samsung galxy tab pro far flawless everything work right not problem one,2
product excellent quality no problem far fast reading data transferring love taking picture like crazy without worry reliable product indeed excellent quality,2
use store movie kid watch theirandroid tablet work flawlessly price finally earth fast large,2
honest purchased son said needed tablet sure fine memory card,2
good stuff work newly bought samsung galaxy tab inch wi fi no problem happy happy happy,2
ok technical review rating measured speed simply review consumer point view bought couple microsdxc memory card tablet seen no lag saving data also use digital camera happy record time instant get mb various card but usually difference not something anyone would notice see price excellent memory card would highly recommend excellent memory card money,2
using mine gopro hero card broke no reason controversy weather gopro sandisk but google research seems sandisk fault sd card also fail used varies samsung device phone tablet amazon sent replacement no harm done but money would expect something top notch gopro user support forum recommend getting x gb sd card not issue far anyone know worst part losing important content lucky copied movie sd card onto hd pc others not lucky die,0
supposed five star,2
everything working expected product good speed transfer ok use xperia smartphone great product,2
second time purched sandisk card one note one new galaxy note pro really wanted gb pro but price high justify spending around one currently around hope price drop soon gb simple install require formatting either device plug save easy second order,2
work great price not bad either worked perfect format transfer rate fast loaded movie gb musice gb picture time took total min probably multiple transfer time but work great new bought samsung galaxy note thanks gb card,2
way faster expected brings plenty storage cheap price fully recommend item got,2
work perfectly gopro camera silver edition hd use three month no problem highly recommend nice card,2
memory typically go no go kind deal speed also factor but reality nothing really challenge speed claim memory moot point work without issue,2
purchased gopro hero worked ok suddenly camera would record second time reading forum online prompted swap sandisk samsung card problem went away still use card random storage but use camera use gopro,0
good job nice price like came time fit well dell venue pro good job,2
card picked amazon black friday sale increased gnii storage gb transfer data mb read write well advertised however similar speed gnii built storage transfer data running large application sd card see no difference speed running apps phone best accessory galaxy note ii,2
nothing interesting write work fine hold lot info little card thanks work expected,2
using card month contour roam camera performed flawlessly not issue deleted used several time far good work great contour roam camera,2
bought canon powershot n take micro always use ultra extreme pro sandisk since preferred brand like video continuous snapshot no problem card came working adapter happy purchase would probably buy never used micro d camera but no difference,2
fast use every day samsung epic touch g never need worry needing extra space use every day,2
no speed test card work great galaxy siii would leave but guideline required word great card,2
work expected fast actually installed hd car camera dvr recording every day every move good product recommended excellent,2
using regular sandisk gb micro sd card came included htc thunderbolt bought size decent but never realized upgrading much lacking speed finally got one replace old card galaxy superb recently got galaxy card best expansion add phone old microsd card gotten used sitting zoning waited patiently computer transfer picture video card backed pc hard drive copying music file pc card new card almost single file even hundred megabyte big instant transfer transfer quick even bring moving dialog box window big transfer lot hd video file totaling several gigabyte wait but waiting second instead minute combine excellent speed fact gb hold ton data compared typical storage size phone satisfied customer procrastinate even longer occasional transfer picture video pc though try not lot phone like specify gb sdxc card maximum support best even get moment unless want pay almost double sandisk extreme card unless money burn think much better value diminishing return certainly kick beyond price point but perhaps next phone support k hd video onto gb card yet need upgrade card capacity speed anyway bottom line product: awesome perfect companion galaxy,2
bought month back phone but switching phone one support extra storage reformatted stuck car stereo full music even full capacity month playing without hitch music take second starting car start playing skipping fast forwarding searching work flawlessly stereo given prop but card par clearly fast glad purchase buy need ever come great card,2
technology improving upon solid state memory extremely quickly no excuse buy best speed without sacrificing quality many gb card class make slow going utilizing gb data photo video phone super small storage much better purchasing faster card price right even little expensive class even regret pinched dollar instead investing faster speed currently use sony action cam write speed work perfectly well reading speed transfer file card fast,2
used turn nook color android incredibly easy install work great problem read write speed phenomenal given running entire operating system card price great nook android,2
gb version not seem reliable lower gb version reformat card twice real nuisance working well reliability issue,1
come trust sandisk brand file storage not disappointed card held month constant file writing writing use dash cam loop record recommend card anyone great memory card,2
ended two mistakenly purchasing regular sized sd card hikvision security camera find needed micro sd card instead installed formatted no issue working well camera best thing sandisk lifetime warranty card unlike brand purchased dollar reasonably priced around work camera,2
bought class sd card gopro black work great recorded p fps protunes never problem past gopro hero picky sd card use but far card work great not trust transfer speed test many factor change outcome card reader usb version hard drive etc work great gopro black,2
use dell venue tablet loaded movie mp playback flawlessly however try add large movie gb window machine say large destination format shrink happens happy purchase wanted point small limitation worked great,2
inside galaxy worked great greatly help expand gig internal memory store music video better work advertised,2
suppose work great work well good price would buy another good storage digital file great product,2
good product arrived extremely fast performs described considerably cheaper store found specially like speed sd card however keep mind speed tend exaggerated speed way faster normal sd card speed notice but not anywhere close whats advertised lot factor go consideration come advertised speed not manufacture seller fault but depends system used work described,2
got two one samsung galaxy note tablet one samsung galaxy note ii cell phone device no problem recognizing new gb card easier use nice large amount storage device easy open packaging real treat not use adapter connect phone tablet laptop via usb transfer music photo music sandisk ultra gb microsdxc class uhs memory card mb adapter sdsdqua g u,2
even though class card writing data still take however card performs well phone get good deal disappointed seems like good card,2
made mistake leaving car flat buy new tire went missing dealership never got use looked great,2
bought recent gopro purchase hold many video shot no problem installing viewing chip sandisk go product memory card hold ton,2
bought sandisk ultra gb micro sdhc memory card go pro hero white edition really good work perfecly try wont regret work perfect,2
failed worked month used galaxy phone seems brand issue model lost information pas time test,0
noticeable improvement sprint htc evo lte camera app used bad picture shot burst mode several frame per second card never miss burst picture also apps installed sd card lot responsive update:card died may th originally ordered october got month oh well super fast,2
good micro card self explanatory issue work putting anything sandisk ultra gb microsdhc c uhs memory card adapter,2
needed memory phone kept telling short memory enough memory many picture phone good buy perfect phone memory,2
sandisk ultra gb microsdhc class uhs memory card adapter exactly expected described could not ask anything expected,2
say memory card work price good size card memory care,2
arrived quickly easy install figure save data onto device good,2
known issue sandisk gopro hero camera much paid attention see gopro discontinued selling sandisk microsd card gopro website good thing gopro totally charging customer microsd card still said like share sandisk class gb microsd card work perfectly hero black camera pros:immediate recognition microsd card computerimmediate recognition microsd card hero hero cameraclass speed allows minor edits right microsd card even usbclass speed make file transfer quick painlesscons:had trouble recognized hero camera work perfect hero camera,2
card couple day pleased bought use toshiba thrive tablet mainly storing movie used included adapter hp netbook movie stored worked no problem transfer movie took minute altogether played perfectly put card back thrive price prime shipping no way could pas probably ordering future great little card,2
product arrived time not excessively packaged worked perfectly box speed excellent play movie large file transfer time quick tablet work perfectly surface pro,2
good scan disk but wrong one camera needed class class lock no reason even lock computer good scan disk but wrong one camera,2
reasonably priced product work well never problem sandisk product highly recommend everyone perfect companion samsung,2
purchased husband quite love sandisk reputable product great price,2
bought go pro love much info hold graet price go wrong five star,2
work say day every smart phone need much memory space possible work,2
purchased used htc phone kid taken original meg card not know came one till reviewed spec online well ok would upgraded anyway got day prime member fit good work flawlessly good fit,2
plenty space work like champ speed fine tablet mean fast need transfer go smoothly card read well work like,2
take tablet gym morning either watch movie stored card stream slingbox house allows store lot movie one time work great work great,2
larger need but long vacation not want start deleting photo video make room others way needed several hundred large photo lot second video well lot memory left actually gb would enough card worked well happy purchase great deal,2
reading many review decided purchase card new galaxy phone powered phone removed back cover put card turned phone not need format anything ready go far good purchased galaxy phone,2
gb class memory useful think good buy using gopro hero black max memory,2
not think ever bad product sandisk currently using card lumia music picture podcasts medium play fine work,2
card work great but adapter loose make full contact micro card facilitate connectivity card reader minor issue since several adapter but worth noting sandisk card,2
due review little hesitant order unit experience pain free installed powered phone lumia wp automatically recognized new memory prompted use new picture music video hoorary work perfectly lumia,2
plugged samsung galaxy ii memory appeared say performed exactly expected work exactly expected,2
gb micro card work well issue would recommend considering good card,2
card fastest make right gb size upper limit many phone device handle like droid x phone actually use new rikomagic mk iii tv adapter work great high capacity class reputable company sandisk love,2
music junkie use phone much mp player video recorder actual phone chew memory quick thanks sandisk q keep expanding storage got blackberry q,2
inserted gb microsd card work great even format tablet see gb still good read review card made think second sandisk fixed issue previous year point stick card slot space available great job sandisk listening people complaint fixing issue past gb microsd card work note pro,2
bought new window cell phone course wanted much storage capacity possible far no problem card not foresee cell,2
allows store quite movie razr sandisk brand memory usb memory thumb drive sandisk excellent ram chip,2
great card looking surface need nine word amazon limit great,2
wanted good sized sd card android phone one priced well working without glitch good price,2
work great samsung galaxy note stuck worked no formatting needed fast no loss camera speed samsung galaxy note verizon,2
looking simple reliable fast micro sd chip could use new chromebook galaxy product exactly movie lag adapter easily use laptop cell device great buy work perfectly great moving file chromebook galaxy,2
perfect sansa clipp mp player plenty fast priced right great mp player,2
good transfer speed five star,2
give time memory riding shiftn steel sport riderz want get great footage replay xd,2
memory card work like card hard zero problem easy install would buy used polaroid x action camera,2
take plenty picture put music phone work great use work great use htc evo,2
purchased car cam amazon recommended another reviewer purchase gb class card usb memory card glad followed recommendation received card already received cam thought would try card tablet not cam recognize card class better quality work device class way go,2
say besides title say plenty memory plug play great price sorry : plenty memory plug play great price,2
thing hate writing review product like either work not lot user experience card fast enough give read write error get five star right five star memory card,2
balance trusting name brand price felt like price paid good value value,2
installed new galaxy tablet sure nice extra memory allows additional apps great deal,2
looking high end sd card great write speed look no scan disk ultra best sd card market,2
work perfect samsung tab quadrupled storage capability seems fast would recommend anyone great samsung tablet,2
lately purchased two micro sd card one sandisk ultra gb microsdxc sandisk extreme pro microsdhc gb first one claim mb second claim mb test galaxy note different benchmark test computer using usb card reader get mb not even class let alone uhs even real world testing copy large set data gb photo result no different sandisk extreme sdhc card get mb transfer rate strongly recommend consumer test premium uhs microsd felt disappointed sandisk try brand like samsung patriot lexar unethical claim mb false advertisement,0
extremely happy memory card fast not problem since bought almost month ago another great sandisk memory card,2
definitely faster old gb card seems work fine far used lot last week upgrade,2
work perfect surface rt easily integrated file structure using library function win rt say,2
work great ive saw ppl getting fake time not case worked evo g formatting turned two different gig file but work one ive got memory phone laptop crazy work great,2
work galaxy note getting detected however not utilized note not working,0
using year galaxy seems fast reliable really know good go crash far good,2
bought gopro black worked good video p cheap compared price best buy work great gopro hero p,2
geniune performs expected asus tf tablet includes sd adapter nice sandisk app play store whatits supposed,2
love micro sd enables expand storage space acer w great price great micro sd hc,2
work well advertised like class speed price right would recommend product others thank sandisk ultra gb microsdhc class uhs memory card adapter,2
yes meet expectation best headphone good frequency response lot bass phone would recommend product anyone best phone buy,2
since bought card using almost daily hero camera recording without glitch far must,2
reason card replacement card not work gopro hero therefore could give card instead ive also read many people problem brand micro sd gb card not work gopro hero,1
used take picture work good think work good memory card ever used store file good,2
fit need nicely tablet no buffering anything anymore big enough hold quite movie good price,2
love planty space picture video small use item sandick ulta gb,2
rating based multiple year use memory card reliable easy use would recommend anyone looking memory card long term use like,2
sandisk ultra micro sdhc memory card great example technology made live simpler better richer no prep necessary remove packaging plug play use mine samsung galaxy tab external memory hold music picture video run flawlessly chance use adapter yet although device take nice addition one think standard day type technology price competitive packaging excellent product arrived sooner expected overall great experience purchase usually go big name electronics not let yet highly recommend product great product,2
get worthful speed fine camera use adapter useful love great high speed,2
bought expand limited memory dell venue pro use store mp video mp music streaming playing work well even description explicitly say reformat file system exfat may cause instability hope use remap onedrive fka skydrive folder requires reformatted ntfs warning correct window tablet sandisk microsdxc o became unstable reformatted changed onedrive location rebooted window window could not detect card reformatted card back exfat work expected great exfat formatting,2
galaxy happier good price arrived quickly say supposed small fast gave phone ton storage,2
work perfectly nothing else say memory card hold picture video put would not say anything but need word minimum work perfectly,2
anyone really need much space hard say gb picture gb music started wonder really necessary but realized forgotten adding movie gb movie later definitely say need card really wanted fun but nice entire collection music phone someone bigger collection sure card would god send gb music daft punk,2
received sandisk ultra gb microsdhc class uhs memory card estimated amazon time promised card showed formated size gb samsung galaxy ek gc camera satisfied purchased camera time also received day used camera memory card several time since setup getting familiar product pleased performance thank sandisk amazon com sandisk ultra gb microsdhc class uhs memory card mb,2
decent storage used gopro hero camera window xp recognise card infomation would definately buy needed work well but,2
not much say except decently priced product reliable manufacturer go wrong use st generation surface rt store movie watch directly sd card work great great reilable product,2
owned little card year work intended no sign corruption data loss usually always buy sandisk sandisk never dissapoints,2
no issue advertised handy quite happy : used with: window mac o x formatted as: fat ntfsvery good card : solid memory card,2
bought nook hd work perfectly without problem already used capacity hd movie nook hd play flawlessly happy product work advertised,2
card perfect use gopro write fast provides super fast transfer computer price two one gb card decision easy rather two card swap continue record someone else transfer one perfect gopro,2
received micro sd card everything work far purchased galaxy tablet far go sandisk ultra gb,2
card work expected long loose data prematurely get star overall recommended work,2
bought hero came gb card get hr video card great price great size hero,2
wow transfer speed microsd phenomenal using galaxy transferring everything music movie phone computer fast mean song per blink fast acronym getting little crazy sd secure digital sdhc secure digital high capacity lower left mean ultra high speed even know mean yet but thing f best price best speed bought,2
whenever get card first thing connect window computer run program format fat link free program: many phone camera tablet need card fat format sadly not option window day select ntfs exfat but no option fat come card using program format card load whatever music video card work fine device card never failed past year recommended : samsung phone tablet fat formatted,2
worked perfectly last week using garmin dash cam system replaced original gig chip originally supplied unit using sandisk chip ten year absolutely no issue top food chain sd micro chip bought replace gig chip new garmen dash cam,2
third sd card bought performed outstanding great use cellphone tablet definitely recommend card excellent card,2
no problem enjoy added space movie not sure else say need gb get work like,2
work great slipped card place small snap ready go experience satisfied great price,2
work great samsung note ipads iphones got nothing user amazed see part manual technical document picture fingertip gb documentation pdfs picture without cloud suck data especially traveling country gb device memory still half free no device without one,2
card failed several time phone installed purchased phone resided month time required reformatting three time make utility useless storage device constantly requires reformatting therefore useless,0
microsd helping alot samsung galaxy note storing lot music photo video phone looking high speed rate reading wise choice buy fast lot storage capacity,2
got galaxy getting bigger brother new camera needed extra space medium music photo video usual sandisk delivers satisfied another one,2
little disappointed since came without box leave adapter card camera come without box,1
memory card else say class read writes file quickly work ok,2
work flawlessly never problem moved data constantly great reliable memory,2
several microsd card found easier one camera price card go wrong total not one failed beat price,2
good match sansung ativ know used yet but work,2
like micro sd card but necessary evil save space gopro hero find easy misplace annoying keep empty shell around need transfer data computer via sd slot said class speed nice real world data rate problem shooting gopro footage even higher frame rate resolution hate microsd but gopro work,2
sandisk brand one accurate secure sd memory card recommend sure ok,2
really much say card reliable handle hd video gopro hero well without glitch not offering benchmark measurement speed comparison class microsd card tell card yet fail longtime video professional work commercial advertising marketing environment need thing reliable client recording transferring video device computer snap no issue since began using work great gopro hero,2
price bast android phone fast hold alot stuff would recomend phone camera sandisk,2
bought card samsung galaxy phone mounted card apps using but seem get photo store work fine give added storage capacity want need figure use brand really brand would consider buying memory card,2
used sd card galaxy whole time put got no issue fast reliable gotten paid sure love,2
not work first inserted samsung galaxy tab ic put samsung galaxy sii phone recognized formatted placed back tablet gb available note phone not running ic time yesterday ic not sure matter but work gb micro sd card work tablet pc phone much gb limit enjoy work samsung galaxy tab formatting w phone,2
super fast quick read write using gopro surface pro five star,2
ok transferred file old microsd card one turn device remove old microsd card put old microsd card adapter put laptop sd card found computer: copy file paste onto laptop document remove old microsd card insert new microsd card laptop copy file document paste directly new microsd put new microsd device turn device enjoy space quick note: actual space card roughly gb due formatting file already card hope help love space,2
work great use galaxy note store music file etc adapter handy transferring file pc card without using usb cable going phone seems go faster still believe cram gb show phone way something size fingernail memory,2
popped samsung galaxy right box no issue whatsoever saved music movie photo etc no issue adapter work computer printer work advertised,2
well got go pro hero hero take instead regular sd card seems working fine type go pro sell site hero got go pro hero,2
received today removed packaging inserted samsung galaxy verizon powered unit back storage available no formatting required worked first time setting showed gb total space gb version gb free space like fact sd adapter came ever need insert card laptop come handy yes plug phone directly laptop but ever swap gb card phone replace gb version use gb version via adapter purpose ready use galaxy,2
exactly hoping micro sd card ton space super fast yes local storage absolutely necessary medium storage tune video even picture back cloud but keep copy copy local reliable fast,2
great tablet omg much stuff storage would take forever read listen watch nice nice indeed go ahead want,2
went phone store picture well take plug laptop transfer picture worked well phone,2
use phone carry favorite tune take lot picture excellent quality san disk quality,2
add apartment room need but bit ocd tidy text email picture often think woman might need terabyte micro sd card lol j k lady huge room storage avaible,2
connected galaxy but every twice week eject phone phone need read card not big issue but happens may need wait like min file happens lot less dont use powersaving funtion something powersaving phone seems not deliver enough power card work part,1
absolutely perfect microsd chip song transferred effortlessly balance usable space sandisk synonym engineer need not add thing glorify thank sandisk thank amazon sincerelykj kumar sandisk ultra gb microsdhc c uhs memory card adapter sandisk,2
work well tablet htc phone need formatting device recognized immediately no problem recommended excellent,2
lot room movie video need space offer gb roomy,2
always buy memory new rule memory card easy use capture load video but need download every pm work fine mac not used pc yes filled already,2
loaded song bluetooth headset sound great no issue far five star,2
work great compatible fast asus table highly recommended kind file specially movie speed using asus memo pad smart bl inch tablet,2
tony tiger nothing deal chip generic version micro center could not resist tossed samsung galaxy note ii also love great,2
adapter use dslrs video capturing item demand lot data transferred faster pretty crucial especially snap photo per second get really good sequence every little bit help file mb piece class great even photo,2
something small much information stored freak but zero problem past year issue adapter came not work microsd card went kind sidways like made wrong luckily another adapter lying around sd card work perfectly no issue data loss corruption use droid razr maxx adapter suck,2
reading review honestly really notice speed but storage epic gb card gb phone lot information save store alot thing great card hold stuff speed really noticed however want add card not slow notice difference using gb class v gb class e optimum g pro okay,2
great addition tablet store watch movie well music picture everything say description year no issue cant really think anything bad mention except much memory much small package could easiest way loose nearly movie washing machine not even notice work perfect tablet,2
best best best productreliableown fewone isnt enoughgood price guesswill prob buy point love,2
bought expand capacity galaxy music picture video plugged card phone gb space notice lag phone accessing file card opposed internal memory seems fast work great galaxy,2
no complaint micro sd fast fit nicely adapter well great buy good card,2
plugged galaxy memory read immediately without reformat disc preparation plug play gb plenty space put music collection still space recording hd video addition board hard disc phone phone even prompted change default location photo video work great galaxy,2
bought lg optimus g pro hold gb music collection work great took transfer music but expected popped phone started u music player found cataloged music like latest default android music player but another story music player download decent speed no issue,2
work perfectly gopro black edition offer lot space happy overall would recommend friend great card,2
much time place item card yet formatted samsung galaxy tab no problem seems job keep posted problem arise far good,2
got great price gb memory card work fine speed ok nothing blazing took minute move gb data but serf purpose reliable past month great price reliable far,2
writes read really fast card came dash cam would pause second file ultra one second pause returning dash cam highly recommend saved day,2
gb phone really need review could want music several movie record stuff camera full hd without worrying running space no issue mention gb gb,2
quick note unless sale best avoid buying big box store almost always seem overpriced purchased three family member samsung phone happy pleased much cheaper store,2
needed phone listen lot music gb not enough took get work since phone older not capable working ex fat but got straightened worked great great,2
sandisk consistently best medium work ever time always compatible device never issue sandisk quote simply work best,2
worked advertized load fast problem pulling adapter loading computer good memory card,2
work great not techie kind person hence know speed rating real but work work great arrived time,2
extra room phone great but ive noticed since installing lil slow transferring file phone card not like im sitting forever but noticeable difference old card one love extra room but lil slow,2
concerned realized sd card not correct one go pro but seems ok time work ok,2
bought add additional memory nokia lumia work great soon popped card great product,2
work advertised using q support gb far no issue totally happy purchase excellent,2
scan disk gig nothing decide spent money glad gb,2
really fast memory card go along well gopro front side feel great hand forget put save area grabbing work well,2
month samsung galaxy storage issue breeze put phone went sandisk reputation reliability sure could gone little cheaper price but expensive start not spend little extra get something last simple easy,2
work great nice enough space movie book comic like keep tablet love,2
love card rd one bought never buffer issue gopro hero nikon v nor nikon great,2
card lasted two week began giving read error used dash cam no matter many time formatted would record minute failing picked pny card since worked beautifully unfortunately swamped forgot return card day not happy failed week minimal use,0
bought sole intention putting samsung galaxy use tool format card fat but card worked great taking advantage extra room music video picture etc sd adapter come also handy transfer speed feel like class connected transferred file computer but computer year old possible problem completely satisfied galaxy love,2
lot class micro sd card came seemed issue year usage one work great galaxy also like color card much better black stylish except hiding inside back phone maybe make clear window micro sd card everyone know using sandisk ultra class hmm finally class work micro sd,2
tiny little card fit right slot samsung galaxy tab tablet recognized right away tweaking using card storage backup music photo video no problem whatsoever,2
removed back cover plugged new galaxy phone recognized immediately indicated gb storage available sd card loaded pic video good measure work fine recognized sdxc assume file system formatted exfat work new samsung galaxy no pre formatting,2
work well came sd adapter using portable video camera capture everything even p fps fine no rate issue work well,2
tested several uhs compliant device found write speed mbyte second sound fine class card but not paying expect run anywhere close uhs interface speed mb but close mb manufacturer advertised lot choice looking class card indeed microsd card usually slower full size sd card use flash controller reason really microsd card use slower nand flash manufacturer know not going use microsd card high speed slrs get sell lower quality nand premium advice photography enthusiast buy full size sd card rather microsd card adaptor said compatibility great work great tablet pc gps phone like sandisk thorough compatibility test product release not fast advertised but,2
work great galaxy five star,2
price also double gb card go straight shopping cart otherwise remain wish list price,2
needed large capacity dependable high speed card action cam fishing trip card delivered spade recording playback flawless no worry,2
finally took plunge got guy worried work samsung galaxy tab reading review people got working finally decided give try first want say no getting work put recognized immediately pre format anything hokey used tablet format anyways might optimization thing happen but work load song movie onto one card opposed keeping two swapping hey samsung make tablet hold one microsd card buy update bought another one go galaxy even though gb work phone see paying literally x twice memory work great hesitant wish,2
bought two piece working well but filling one video entire card failed unable reformat even using partition magic otherwise one working fine bought two but one faulty,1
purchased extend window phone device memory basically put music first phone recognise card but worked everywhere else tested verizon replace phone card worked perfectly no complaint performance provides plenty space picture music work fine nokia lumia phone,2
hate people complain transfer speed promised mb even say fine print depends product using card bought upgrade galaxy note memory bought sale amazon credited difference went sale week later satisfied great product great customer service thanks amazon great product great price read fine print,2
gb gb micro sd card finally upgrade since getting close filling card micro sd arrived week recommend guy update reason sd card want dumb work not work phone motorola razr know not phone work perfectly fine sd card contacted seller yet but probably soon continues act upgraded,2
sandisk always made reliable product offer good speed expected capacity good price capacity fast inexpensive trustworthy,2
really whole lot say amount storage space fantastic option using older device necessarily support microsdxc format window default allow format card exfat ntfs format work new device but may issue use fat filesystem instead use card older device still work great android using card old sandisk sansa fuze running rockbox work great not expecting but happy massive storage good price,2
samsung give ability install apps sd card galaxy device class sd card initially blamed tablet thought going get replaced sd card got sd card yet experience issue love thing used samsung galaxy note edition,2
work perfect price perfect cant beat bought galaxy note gb total storage cheap reliable,2
purchased samsung galaxy llls never worry running storage capacity thousand song even make dent lot storage,2
bought two mine husband phone work awesomely far gaining access quick lot space would recommend product others love,2
bought replace faulty card phone work great performance corruption issue excellent product,2
bought android phone kept stating medium scanning even device not even restarted thought phone annoyed search found several others got dud batch amazon not pay useless gb card refuse hold music phone anywhere else loaded gb card device scan medium restarted not lag phone hold gb believe go onto sandisk message board look dud disappointing terrible dud,0
got gopro hero work great read writes fast customer service also awesome well work great perfect gopros,2
much cheaper store described listing like would order perfect fit great price,2
look like supposed look like supposed got quite decent price timely manner goodstuff great item,2
not much ask buying airport boredom fighting collection came nicely packaged worked,2
know but needed space provided space put extra stuff not physically exist but exists realm awesome stuff space worked great memory oh joy space many memory,2
bought sandisk ssd computer fast price feel confident anything order made sandisk quality good product,2
got amazing price amazing product gig lot memory think ever going fill but nice given no problem far awesome,2
lot storage little money nothing not like except keep writing word minimum required rate product amazon probably thing like amazon like but great deal beat price,2
compactflash perfect use camera field size shrink one ability easily handle card sd getting marginal far usability field forget changing micro sdhc card unless back computer small handle easy drop loose however gb gb card not quite issue especially leave card camera camera larger card great deal set lot easier find handle micro card shown twice large life writing review card came sd adaptor would useable work flow plus also within adaptor use card device sd slot download using existing reader work fine gopro but almost small handle field,2
problem size mini card hard hold get drift camera get stuck time expected,1
using pair nikon p camera run fast store pic fine work great nikon p,2
bought gb ultra card increase storage acer android ice cream sandwich tablet work android support native exfat formatting factory insert card sd adapter plug pc laptop real window reformat card ntfs format window format utility android read write size file even file gb card not need root modify android tablet way except ver operating system product fast reading writing proven reliable great value really serious storage space reformat ntfs android tablet,2
put galaxy phone extra storage work perfectly copied music collection mp song put mp movie room spare handy listening watching traveling plane phone like computer like like sandisk ultra gb microsdxc,2
say good price large capacity card posed problem use every day galaxy note ii no problem,2
owned one year lost ability write disappointing but not deal breaker san disk product usually built last believe received bad one batch mine came lasted much longer,1
say chip work fast trouble free great product great price say,2
work great adapter make easy load music ebooks picture movie onto card use phone tablet great card,2
say memory card bought blackberry z month back oem quality price right arrived retail packaging recommend seller product work advertised,2
picked note added card extra gb scandisk top line never give issue use card highly recommended always best,2
exceptional deal especially since actually sent gb card instead gb price right work great,2
work well new garin virb elite good memory garmin virb,2
bought galaxy note worked since day one easy use multiple device transferring file also work like,2
good quality microsd card cannot gain mb read speed but may usb card reader hdd connected usb port give no mb speed card bought gb gb gb work perfect htc evo sandisk ultra microsdhc class uhs memory card mb,2
trash quality broke corrupted data two different card one star,0
awesome large sd card mobile device enough room music even movie buy required g user,2
work great five star,2
used android tablet pantech element galaxy phone took without issue but pantech required format fat read way search internet fat formatter format card fat using external card reader within second using week no problem nice waiting gb model : gb enough,2
great price gb,2
overall good quality item worked fine start no problem store photo quick without lot hassle nice storage,2
far worked expected difficult tell going fail not soon but moment working pretty well good performance good micro sd card,2
used samsung galaxy iii phone formatted phone worked perfectly far economical storage card faster previous card owned used samsung galaxy iii,2
sandisk well know brand msd ultra gb class good one buy transfer file faster brand card bought two sell price reasonable like much good msd card,2
memory card work awesome much memory price awesome use gopro but use anything take micro sd come bigger sd card put card reader computer read sd card sandisk ultra gb,2
purchased card sandisk packaging pretty sure genuine tested various program web apparently detect whether fake not one turned real sandisk card card came formatted fat read web micro sd apparently not fast full sd card version borrowed brother sandisk gb full sd card make comparison test official unofficial test result using diskbench v h testw test give result overall result testing card speed writes read result get mixed varied big degree much larger expected but numerous test showed general trend trend full sd card write faster microsd card but also remember microsd put adapter test pc fullsd card put computer reader directly average but:small file writes:both sd card wrote close mb sec microsd less consistent test sometimes dropped mb sec small file reads:both sd card read close mb sec fastest large file copy card:microsd wrote mb sec fullsd wrote mb seclarge file read copy card:microsd mb sec fullsd read mb sec conclusion:my test no mean official card showed much variance dependent file size read writes but fullsd card faster many case but equal microsd case small file writes read showed similar enough but concern large file writes mb sec good enough rapid photography high pixel camera know no problem using card h movie capture hour surprised mb sec enough also never huge file copy card get noticeable heating card touch even hour noticed complaint many people web stating felt might burn copied file took hour no noticeable temperature change perhaps couple degree course pc not installed camera card performs well video work appears meet many test performed people never saw read close mb sec consistent mb sec highest performance would get card price right good card,2
not much say but definitely worth buy come w small case hold adapter really go wrong great,2
advertised appears working okay no fault occurred yet micro card would buy advertised,2
san disk micro sdhc perfect today small electronics need extra storage smartphones tablet camera etc purchased several brand version among best amazon usually great price make sure check sale especially radio shack often beat others no pay like pas along info good deal spot fyi: radio shack sale price no contract smartphones usually top well bought virgin mobile samsung loving phone back memory card nice android product take expand memory something guy could really take lesson think need expanded memory trust photo taking goody get want time one person commented yes memory card come various size including gb version also purchased max compatible device although gb also available latest tech amazing old timer whose first desktop pc hard drive mb storage second san disk microsdhc,2
item arrived timely manner via usps surprisingly bought card go gopro camera fit gerat hour recording time lot space gb card,2
class micro sd gd san disk great no problem far suiting need quite nicely little but fast,2
bought atrix hd spec say maximum gb but work fine formatted capacity around gb speed benchmark know amazon strip link fast work,2
nice product perfect package speed recording camera stay better memory recommend nice product,2
good value money would recommend always around photo film device good value,2
card lot faster old card advertised class well great extra space great card true class speed,2
not always giving good comment but perfect know perfect maybe size no mistake happen perfect,2
really use speed test anything but hold music everything work great would recommend fail lot lose file nice,2
use one larger mp taking camera etc need card taking photo kind camera really chew smaller mp card go vacation without least baby carry lot card probably end losing one memory sandisk ultra,2
using memory card several month working great wonderful huge selection ebooks mp file movie plenty space phone generated photo video clip not noticed delay accessing file huge memory card update also worked box samsung galaxy note work great samsung galaxy note,2
work great blackberry z hold need fast really wish say but think anything no con great price sandisc z,2
card work well run quickly wife galaxy sii would buy bought one later tab life expectation,2
dash cam came gig storage ended last half moab jeeping adventure never worry recording good stuff lot storage,2
bought elph speed space wanted use rapid photo taking mode camera wanted ensure sd card not limit uhs card supposed faster normal class card far no hiccup issue taking super high speed video footage rapid fire image super fast memory card,2
moment got plugged sg cellphone transferred video cellphone memory directly sandisk ultra copied real fast plan replace soon higher capacity gb variant highly recommended brand work well samsung galaxy,2
needed extra disk space surface pro put item no problem since good performance similar ssd hard drive work great surface pro,2
card fast no hang ups etc price good installed phone many picture video far would buy card heart beat great card,2
not much say work expected recording speed great gopro hero sd adapter work gear well great memory,2
e una tarjeta micro guarda toda la caracter iacute sticas descritas en la publicaci oacute n llego en tiempo r eacute cord hasta el momento no tenido ning uacute n inconveniente excelente producto,2
great product price gave plenty space add video music work perfectly well galaxy note tablet bought galaxy tab,2
g appeared upon installing say worked excepted wished star quality worth money worked galaxy,2
ordered anticipation getting new galaxy arrived quickly long phone hand easy install almost month no problem far store photo music great not worry maxing phone native memory good price no problem far galaxy,2
card met every expectation use still picture video streaming samsung camera thus far no problem sandisk ultra gb card,2
fast great deal wont need anything bigger unless downloading ton movie phone job quite well fantastic,2
good fast enough car camcorder write full hd video used hp f car camcorder really good price,2
wife verizon motorola droid immediately recognized memory card mounted formatted store vast amount music photo smart phone ever run memory micro sd card dramatically increased storage wife droid,2
got samsung galaxy tab got increase memory hoped transfer file macbook but not recognize memory card need go apple genius bar see figure know useful,1
card continually unmounted really painful remounted card sometimes retrieved file sometimes not say though card test pc using crucial diagnostics went fine gut feel card overheats shuts although no proof know work many others google naturally amazon refunded purchase cost returned card gotta love amazon samsung g card no problem far like sandisk but compatibility problem not work samsung,0
bought samsung galaxy note edition little worried right one documentation skimpy people problem getting gb working no problem slipped went setting recognized immediately nice adapter move photo file pc need work great samsung galaxy note edition,2
not great deal say sandisk reputable supplier simply plug play installation phone memory card work using galaxy,2
format computer wanted use aokp needed get fat but done performance excellent : work great galaxy,2
bought new camera expecting first child use camera per week iphone easier usually take better picture reason transfer photo pc worked well no complaint far month work great far,2
taking tour hangzhou china shooting canon card sudden crashed camera recognize card showed card reading error photo including trip beijing xi not able cover photo even common flash memory recovery software may send sandisk subdivision lc technology recover photo gb asking regardless much photo recover lesson learned: important shoot use sdhc card far stable sd card spent k vacation valuable memory gone thanks lot sandisk wish could give negative star amazon allowed card crashed shooting,0
got instead black one looked better built black one using gb stanza sip clip but people sandisk said use black one instead well built,2
bought go samsung tab tablet even though tablet indicates take gb card gb worked like charm plenty storage space video music recommended good expand memory samsung tab,2
got smartphone steep price drop pleased working expected no sign memory failure gb micro sdhc disk,2
usually buy sandisk card quality performance reliability worth couple extra dollar survive washer dryer time excellent card,2
said skepticism related serial number card displayed amazon confirm received brand new gb card serial sdsdqua g u awesome card,2
card seems fast huge amount storage price worked flawlessly month range smartphones camera oodles recording time,2
price right memory card not buy late model tablet could also make review class kingston gb microsdhc bought amazon time class card work late model tablet might small speed boost booting tablet ready run compared class lower class card would say huge difference lower speed card would say inside tablet determine boot speed card put different device camera use type card may well not true but brand name cost determining factor buy put tablet sandisk ultra gb microsdhc c uhs memory card adapter,2
granddaughter wanted phone could put song loved card capacity gift,2
love product card easily integrated cellphone small portable would gladly recommend product friend love,2
tiny size but provides great storage tested work great blackberry z q device remember format memorycard using setup phone not format using computer great thing come small package,2
love card provides massive storage boost tablet really fast access speed never run loading problem even large video file happy performance work perfectly,2
not much say advertised work mean gauge transfer speed but experienced no lag delay combination storage hardware galaxy note ii shipping faster anything received recently wonderful tech,2
come formatted exfat format plug play samsung note bit checking found format work note no complaint work perfectly work samsung note,2
unmounts randomly mu surface pro seems mostly centered around write operation trying samsung version sadly much money unmounts randomly,0
shipping fast item arrived time item new ultra high speed uhs standard memory card work fast read write speed watching bluray movie customer happy well excellent,2
upgraded storage plus got class card gb space not see difference performance compared sandisk ultra gb but extra space welcomed great price storage,2
amazing much hold tiny disc technology amazing way cheaper store huge space,2
thing average mbps standard microsd worth premium idk time worth however threw fit ended smashing little guy half not resilient but not saying anything little guy inside look like something halo video game high technology go gb temper problem not huge need consolidated data rip buddy,2
love expanded storage nook hd sorry amazon allready kindles wanted see fuss nook still love kindles gig plenty space music movie great way expand storage especially tablet,2
never go wrong sandisk product never run problem needing reformat disk usually store music plug car instead carrying annoying ipod need synced time new music microsd drag drop : love brand disk great quality,2
job job fine,2
sandisk definitive memory product period tried save buck lost money data fristration free package simpliest way get card hand nothing said,2
smaller electronics finally able save card adapter fit larger bay lot storage small space looking small card fit pad finally small high capacity storage card,2
work great tablet love always buy sandisk product never problem work great tablet love,2
sandisk sdsdqua g u ultra gb microsdxc class uhs memory card not much say card fact working well research believe good fast card no complaint using galaxy note using samsung ky file transfer app mac no problem transferring music video doc file card card work well,2
bought memory chip gopro hero camera work beautifully arrived promptly little packaging great gopro camera,2
lotsa space man observed writing speed mb mb dedicated usb card reader wrote mostly music android phone speed matter faster writing gb not like,2
slow expensive better option three star,1
using cell phone far no problemsi would recommend anyone need memory good product price,2
work lifetime warranty case malfunction several month sandisk send replacement no cost lifetime warranty come handy,2
purchased item lepan tc tablet say work great okay type word review post purchased tablet,2
sandisk make no nonsense great memory work perfectly happier recommend sure using samsung,2
price memory go time good sale price purchased sandisk always worked flawlessly great deal,2
gift someone else needed memory space phone hope work gift,2
beat actual sandisk quality go counterfits memory rock worked fantastic great purchase great quality memory,2
purchased two gb sd card used android phone video recorder month usage phone card would randomly unmount took many remount reboots get card work eventually stopped accepting writes even formatted although could see repurchased card couple month thing happened again: random unmounts moved card video recorder worked but even different usage pattern died no problem gb card far staying away generation gb card edit getting card rma quick easy lexar gb sd card die sent card time gotten update lexar but got update replacement sandisk supposedly something fixed new card revision hope gen gb seems unreliable,0
got cell phone motorola razr work fine hundred album thousand picture still gb memory left work fine,2
great micro sd access quick work awesome phone price also plus would definitely recommend product nice purchase,2
love thing store anything phone ton movie music stored sd card one want able store everything youv ever wanted access via phone need get could not want,2
first sandisk card bunch brand use one tablet work great really love lifetime warranty included far good work great,2
run room long time play video great camera plenty fast mostly going hold music casio g zone commando g lte work great tested great price maxed,2
really fast shipment got within day ordering even faster though gb microsdxc card using canon dslr big upgrade storage photo used month still life class speed reliability transfer almost twice fast old gb transcend sd card thing odd shipping box came size laptop box but inside envelope sdxc card seemed like quite big environmentally unfriendly waste packaging blazing fast best microsdxc,2
long term positive experience using sandisk card card work great transfer read speed purchased five card past month experience continues great recommend product great card,2
car seemed great but occasionally card suddenly not formatted even without writing new data happened multiple device lost video rerecord fairly upset forum say early run card occasionally fixed new run but find difficult trust never problem sandisk product including card gb disappointed great randomly corrupts,0
card fast enough meet need galaxy note plenty memory picture file no problem great card,2
nexus one listed supporting maximum gb sdcard based report elsewhere took gb card put gb card powered phone phone reported card defective notification pulled notification tapped notification issued report offered format card would note clockwork recovery rom manager app installed rooted cm android n tapping notification phone formatted card went well since neglected move rootexplorer file manager sd card prior putting new card not able check directly phonethat entire gb available but turned using winzip make copy content gb card pc using usb adapter completed powered phone put new gb card pc using micro sd adapter came card usb adapter adapter showed gb usual gb card guess interestingly file mainly folder related clockworkmod placed sd card formatting show formatting codeprobably came take note: not rom manager clockworkmod phone mileage may well vary root would suggest obtainingrom manager google play prior anyway deleted file conflict old file aboutto copy unzipped saved content old card onto new card put new card n powered worked perfectly right away root explorer showed gb capacity used really needed card tried spotify premium played fine saved file old card transferred new card thanroot explorer tried apps yet but expecting good news based experience thus far tried full backup using rom manager apparently worked without incident based would recommend card nexus one break get another gb aging phonethat nonetheless still one best phone ever caveat: keep mind unwrapped thing used two hour nexus one love card,2
believe generic tried generic somethings need sandisk trust sandisk always work make right memory trust,2
looking solution consolidate picture lenovo tablet come built mb micro sd reader gb card full great find not moved file mb card see speed issue but not formal test check capacity work expected great price amazon,2
like storage capacity little gadget purchased use smartphone sandisk shown truly reliable quality storage device company well year come gb micro memory card come adapter use purpose tend bit pricey side but beat amazon pricing go ahead get one two worthwhile investment disappointed sandisk way go,2
superb no complains ever bought galaxy pro speed come adapter lifetime warrantycons none excellent,2
ordered gig card card received state gig card though hold gig data got ripped not check day passed but appears sort scam card clearly marked gig checked card two tablet two computer gig card edit: company directed tool reformat card able get close gig data though not like using third party tool window mac linux system o able format card correctly minus star use third party tool otherwise great card received gig card ordered gig card though card marked gig card,2
plenty space pic song store sd card adaptor help easy transfer laptop hold enough data,2
bought son gopro love gopro accessory great allows film long stretch come downloads edits great product gopro,2
motorola droid razr maxx hd work fine gb sandisk card but gb card died less month sandisk replace card warranty but sandisk customer support team informs replacement process take month two month card worked flawlessly started intermittent error thought might problem phone tried gb card never problem returned gb card intermittent problem returned got worse eventually card completely died no longer recognized either phone computer connected card reader window phone act no card inserted even well seated plan update used warranty replacement card three month but least four month unreliable,0
bought daughter samsung galaxy tablet want play music time want expense paying bunch downloads bought microsdhc adapter put computer sd port put music cd collection put tablet play much want great samsung galaxy tablet,2
well work glad not fake would get bought online store piece but max transfer speed mb not advertised decent desktop usb connector half retail price but speed not advertised,1
fast reliable sd give g much ability but thinking buying gb keep mind gb fill kinda fast shoot lost photo video great sd,2
arrived time schedule purchased black friday sale price much cheaper current listing price regretting not going gb recommended coworker purchased new samsung galaxy note phone love black friday cheap item,2
faster memory use note dont problem faster transfer information really gb excellent memory,2
um nothing much really say adapter work but gave star go n sometimes sd card,1
say speed quality good price recommend everyone aware need turn first window removed expensive forget amazing,2
nowadays memory fastest write speed but even tho good speed hand sandisk good mark add even value imo specific memory card lifetime warranty got one damaged year changed really like warranty service great,2
baby samsung note not much say except seems working without flaw work,2
currently using tablet retro gaming work great lost anything speed work fine negative thing say great card,2
else say price right quality earth modern technology pair baby android got unstoppable memory machine awesome quality cheap price,2
not good typer speller : didsince could not format pc running window pro cellphone running android version republic wireless : canon vixia hf dual card camrcorder formated card but thing still read exfatso mounted onto samsung galaxy anyway said something corrupt file ever asked wanted format press ok yeap work read gig got gig baby amazon warehouse deal bought two but cancelled one no stock but still showing stock oh well really needed one got greedy awesome fast card :,2
excelent product sandisk already gotten u used work perfecty gopro hero speed always includes adapter make versatile product sandisk,2
sandisk best brand oppinion gb great size put music video etc recommend perfect size gb,2
memory combined elago mobile nano ii usb work like charm give lot storage space great flexibility great memory,2
cheap fast tranfers right device right usb port tested static etc resistant stuff anything happens update cheap eficcient,2
got deal day recommend checking super price gb capacity great deal,2
great buy cheaper store fit galaxy perfect music photo fast speed functionality sandisk gb ultra,2
no problem memory card owned couple year transfered phone phone no problem but nothing astounding,2
know armed android tablet wearing three wolf tshirt envy geek girl uncontrollably attracted asian maleness win win situation,2
using not issue taking picture video lot copy paste delete little gb sd card not like sandisk gb last month small note not sure color design feel card red gray little thicker regular black sd card also need use little force get card digital cam bright side not worry dropping cd card like others since not slide try getting good solid product,2
everything need best faster microsd market exxecent choice ordered recomended best,2
definitely needed memory phone plenty storage purchased affordable price yay,2
everyone need camera gps phone gadget go faster wit real high speed memory sometimes think example camera slow recover open photo gps spend lot time charging route phone game think lot using fast memory reduces lot time battery gadget no need spend time charging file great,2
reformatted disk utility mac fat work well device nokia n work well reformatted fat,2
class best sandisk let except one time lock unlock broke gig sdhc card bought well hundred different memory card de say bad run work great son wife touch pad get one sale great class best,2
work worked well one day died month bought know think happen memory card happened another card but another story luckily sandisk decent customer service send new card actually easy work contacted email hopefully go well end well good worked,1
bought lg l android phone phone stayed speed average problem broke within month data broke within month,0
no problem micro sd work work know work even work,2
amazed buy gb nonvolatile memory little used new sony hdr action camcorder no problem good price,2
got sansa clipzip hold song computer cd downloaded great extra data needed good product,2
work great nothing say must change policy write review ever work great,2
shipped right away packaged well work well gopro camera great product,2
looking maximum storage could add sd card slot samsung galaxy samsung recommends using standard microsd card microsdxc card work perfectly offer great speed need card expand galaxy storage go card perfect expanding storage samsung galaxy,2
san disk ultra gb micro memory card work really well card tiny but card come adapter use gopro sandisk ultra gb micro,2
microsdhc card make job pretty well fast enough rely data mobile device complaint far job good price,2
buy several hundred dollar worth product add cheap sd card shame go class sandisk card fast reliable use lumix camera brother bought galaxy mini great android smartphones camera etc,2
great card fast write time excellent use dslr gopro camera used save photo movie fast dependable memory card digital camera,2
installed card wife cel phone would gone bigger but big phone would take excellent transaction,2
added dell venue pro extra storage space popped card holder tablet inserted memory card tablet recognized right away read write time fast ssd drive tablet no complaint work great,2
anyone curious work garmin gpsmap line handhelds yes gb recognized maxing baby every map get hand no issue forum may believe gb limitation but simply fat format card gb limit file size but fine individual garmin map gb work great garmin,2
chip replaces previously fried offbrand microsd far performed flawlessly fails update review droid razr smartphone work nice,2
worth spent buying store use galaxy note galaxy note perfect,2
whats not like always buy brand card drive never failed trusted name storage,2
bought card originally galaxy note ii intention using primary downloader but could not get format correctly phone even using third party format software tried galaxy tab plus problem finally ridiculously put card nikon camera could take whopping k photo high large setting not would ever need take many photo one session last option use card worked well taking photo holiday thankfully not fail could get photo onto computer since inserted back camera reformatted like always bam one photo good failure every single time gb card capable taking storing one photo time must run fix file system computer waste money card priced not really faster card zero longevity may one but think problem created proprietary format exfat make card loser point poor customer buy update july contacting sandisk offered rma but first must verify not tried recover wipe data card must ship expense taiwan since emailed reply requested information date purchase photo card packaging ect told data data could accessed card would wiped give information stored card make less happy guessing want discourage return would want send data company not knowing access information contained would wiped card but unreadable unable format unable anything send hoping information destroyed along bad card sandisk asking whole lot customer since card gone bad several card go bad well seems whole lot card shipped die short time period used love product older flash drive great still using micro cruzer year old going strong not one single microsd card company last three month since moved philippine either send junk philippine dropped qc business model create higher profit margin update emailing sandisk expressing displeasure return item intact assess card look recover ever personal information may stored card rescinded assume want get card back verify bad make sure not trying get free card understand instead requiring send card back asked cut card send photo destroyed card could process new card sent directly philippine hammered pretty hard review email sent regarding bad card sometimes get result case give star right thing no problem cutting card since would not operate device anyway but problem returning device intact knowing information stored card banking amazon account info password ect would kept card destroyed never bought another sandisk faith restoring gesture not remove list company avoid hope get better qc returned another defective card retailer yesterday find must original packaging replacement lucky still one package but since bought several card not sure gave matching package card returned would suggest like several device dslr galaxy tab galaxy note sii lg p find way mark card package keep package case card go bad half sandisk gb card fail less month buy card available area best scary high failure rate month using card nothing but error expensive junk,0
got far best microsd card market fast easy set using samsung galaxy work flawlessly well worth money great product great deal,2
popped nvidia shield worked instantly transfer faster transfer internal storage working great shield,2
ordered card part lighning deal back november card working fine galaxy week ago would intermittently not recognized phone desktop computer today month later died completely guess really get pay not built last,0
price goodthe looking nicethe speed goodit came adaptershipping speed excellenti used surface pro samsung galaxy iii working good boththis good choice : good,2
responsible seller excellent product excellent,2
nice deal gb mirosd card ideal cellphone storage space immense like need wish price lower gb one nice,2
expanded storage space gb note check online see make phone think native space fast enough capture hd video mp photo would definitely recommend work great galaxy note,2
purchased item galaxy work wonderful no problem pulling information downloading music movie pic love price,2
since wireless carrier sell version gb memory wanted something add bit storage space phone got sale happier performs far working great galaxy,2
bought memory card sandisk reputation class speed use samsung galaxy tablet class speed really impressive memory card write memory picture fast take loading music almost instantaneous minute music video load second highly recommend tablet smartphone expandable memory class speed sandisk reliability worth every penny sandisk best available,2
real life use copying compressed file card clock barely half advertised speeds: mb read mb write averaged testing several sd slot usb connected pcie connected several computer plus released smartphone unimpressed marketing sd card vendor maker actual raw size also gb find fascinating flash device ever manufactured power two component kb b usual results: half advertised speed,0
great storage android phone practically unlimited space music easy install reliable far job huge storage,2
definitely class work intended transferred large video file tv show movie rate mb consistently played file transferred tf p p bluray played without problem great card class,2
update:this card stopped working late february month regular use similar complaint card star review first thought phone not able find card would often spontaneously dismount frequent repeated alert format card formatting card cured problem day two plugged desktop directly thing happened got another card another brand everything working well since early march card not phone but card fault poor longevity price right but end not worth need buy another card replace amazon cover day consider expensive day experiment willing try brand card would not recommend similar users: worked great month,0
best class happy amazon offered good price recommend everyone far work everything used best class,2
used tested memory card gopro hero black edition everything work great no problem great gopro hero,2
say micro sd card use sandisk sansa clip worked perfectly no error work,2
work like charm expand tablet capacity lot space apps music video without worry work like charm,2
got memory card instead gopro site saved money card work awesome card hour frame per second hour frame frame gopro burning battery way could ever fill card prefer smaller card card dy less catastrophe also dont pay premium larger card however long time lapse battery source large card nice work gopro silver,2
pro bigest memory microsd card gb format modern device not gb format modern device gb gb impossible leats even device say maximum microsd memory gb memory gb card work tested samsung galaxy player galaxy sii siii galaxy note ii phone galaxy note tablet asus transformer work fast perfectly con price but already plenty offer waited patiently finally bought incredible perfect but format well,2
great price card lot place charging sandisk safe bet heard forgery card yet like company card gig give plenty room put lot music photo max phone memory,2
san disk make good card however thing price somewhat high got gb half price download picture twice month instead month price,1
storage lot little thing lot video lot picture great take tablet insert phone also sd adapter place camera no significant speed loss mean notice anything great tf,2
sandisk always great job like year memory work perfect recommend perfect,2
good value money shipping little longer expected but worth wait considering price work great go pro hero black edition great value money,2
company capable making reliable micro sd gig reality company capable making fully reliable sd card period size type despite galaxy phone issue card excellent read spead format speed decent write speed upgraded gig sandisk paid mere buck smart phone absolutely no issue complete side note amazed capability fit gig micro sd love friend run tiny homemade built pc gig sandisk harddrive work brilliantly swear sandisk,2
impressed speed gb micro sdhc good performance data read write fast memory,2
device bought galaxy tab work well price decent not issue disk great,2
bought memory card new samsung galaxy note mobile work perfectly turn phone take back cover insert card reassemble simple turned phone checked storage external microsd card phone show total space card gb but think function phone using space housekeeping not shortcoming card like title indicates no hassle memory card supposed no mus no fuss work,2
used record video riding quad usually battery camera dy run space memory card work gopro hero camer,2
got tablet used brand thing reliable brand never worry quality san disc quality,2
no problem already purchased would totally recomment storing photo movie great holding lot info,2
simply put gb extra storage space samsung sgh not think possible samsung recommends using gb microsd phone tried format card using phone like reviewer mentioned but work phone kept recognizing microsd card blank however using easeus partition master home edition downloaded pc yeah free convert fat finally worked work samsung galaxy note phone,2
sandisk make lot claim card questionable two high capacity low price certainly make useful not answer recording need first not use gopro hero later model despite sandisk claim card cannot handle demand true hd recording gopro removed list recommended card caused camera lock turn even mycanon vixia hf flash memory high definition camcorder technology year old sandisk ultra card not meet requirement shooting fxp mode x mbps even though camera say class required firmware update gopro fixed issue hero hero camera but throttling recording speed card e lowering quality recording slightly shortcoming aside sandisk ultra shoot xp mode x vixia hf work setting acontourroam waterproof hd p water proof temperature proof x ray proof shock proof say contourroam waterproof camera even non waterproof card safe submersion housing ultra functioned weather dropped validity claim temperature shock proof guess find whether x ray proof next time go airport performance not class,1
bought two new telephone work fine needed extra picture phone picture take lot room but worry running room good buy,2
card work great formatted phone copied data installed work fast work well bionic user,2
snagged cell phone upgraded old gb sd card refusing replace last year old card not specify class cheapest could get feeling slowest anywho plugged card transferred song pc phone second old card would taken around minute upgraded card cheap miser like definitely missing knew class,2
work flawlessly note edition get bout gb usable storage thing noticed fair likely tablet app stutter watching hd movie either downloaded fro google play samsung hub use free gift card came tablet something not noticed real lag stutter using camera app seems fair price earlier year great product work,2
purchased primarily use gopro camera come one surprise mimi disc not high memory speed also came full size adapter great price good value great price,2
micro sd card really gb class many bogus device but real mccoy tested different android sd card tester report class read write problem sd adapter not work use another one great micro sd card good price really class,2
product met expectation easy install work would expect shipping fast usual met expectation,2
good havent come accros issue shipping fast well protected come adapter well little platic case good,2
good price searched everywhere locally find better price work fine galaxy tab good price,2
say unlike people know also handle cold temperature well meet expectation,1
stick always served well new chip go new asus trans merry christmas nice,2
need card use one galaxy strong performer no complaint highly satisfied work great great price,2
work great fast bought galaxy note lot picture movie phone pretty good deal bad iphone ipads option work great fast,2
work perfectly well samsung galaxy without format configuration word warning adapter come micro card tight fit arduous removing micro card adapter work well affordable,2
work great android fast hold ton music work well much say memory card : great,2
purchased samsung galaxy could expand memory card phone came gb cranked gb buying much memory already installed would much expensive half dozen album around tv episode maybe full length movie card room spare nice sitting long plane ride problem occurred day put card gave error message but removed reseated card no problem none month since bought galaxy,2
figured liking exfat file structure formatted fat work quite well know phone card not test elsewhere but see mb speed work good enough phone best option biggest storage p video no issue no problem read write stability overall happy bought installed samsung galaxy,2
work perfectly gopro hero ask price no issue card date work great,2
used micro sd card samsung galaxy tab watching video stored card ago video quit playing message sorry file cannot played appeared screen checked e file explorer found apps movie music etc stored micro sd card gone card apparently totally blank inserted card desktop computer computer said card reformatted could used tried reformat ntfs ex fat fat time computer said unable complete operation guess card dead little month ordered card sep died today feb,0
worked great samsung galaxy failed month tried contacting samsung via warranty form website not luck gave bought different gb card newegg com hopefully one last longer failed month,0
nice gb micro sd card using one samsung another one samsung mini phone use full storage amount read write seems fast come nice little micro sd sd adapter easy use laptop transferring file easy fast,2
installed phone take advantage extra space downloaded movie game seems fast cool sweet,2
went update garmin gps latest map told entire map fit u canada mexico said could put map sd card get whole map set else pick portion lower state even fit entire u understand everything fit picked sd card unit worked perfect entire map set gps always leave sd card unit big deal using sd card anything else work great garmin gps,2
sd card showed little gb available gb card bare minimum accept without sending back normally happy brand name sd card buy amazon though price paid particular card expectation higher gb storage little short,1
got wife samsung galaxy tab christmas took awhile start figuring thing led course wanting watch movie signal spring action wanted prevent running wild buying digital copy every movie already dvd blu ray play dvd blu ray movie device but use computer dvd blu ray drive commonplace third party software convert movie format mp several type video file played tablet since particular tablet capable playing high definition video screen resolution x pixel want use high def capability conversion file tend pretty large average gb per movie way big stored tablet limited internal memory tablet microsd slot sandisk flash memory come make huge mp store separately terabyte drive load many chip show tablet separate memory source pull one movie file card hit play use device standard video player get app control watching high def video tablet streaming data memory card rather tablet internal memory requires memory card high read speed sandisk card class rating fill bill difference cheaper microsd primarily designed simple data storage microsd designed higher active transfer read speed class designation generally mean subject card transfer data minimum rate mb per second sandisk ultra card capable transferring data speed mb per second depending speed device using particular way using device frustration free packaging mean chip sd adapter plastic case come little sealed cardboard envelope pull tab opener card come pre formatted android use galaxy tab watching high def mp movie thus far flawless finally let get burned counterfeiter trying save buck pricing memory tends fluctuate amazon current pricing card competitive vendor selling genuine sandisk ultra memory buy amazon trustworthy vendor learned hard way memory card counterfeited huge number counterfeiter placing sandisk labeling packaging inferior generic microsd selling bogus chip ebay anywhere else bought three amazon got burned chinese seller ebay counterfeit packaging labeling good enough fool actually tried one chip galaxy tab write speed amount time take transfer file onto microsd card dramatically worse speed genuine sandisk ultra card read speed totally inadequate playing movie galaxy tab may never figured already one genuine sandisk ultra compare fake want best reliable memory microsd slot shiny new android device look no gold standard latest android device,2
got use cobra dashcam cam came card but small seemed one two glitch playback sandisk card big no glitch great price mark get two three,2
sandisk seems reliable not good product but good price always good memory card period great stuff,2
card rave review decided get use new gopro hero camera liked high capacity class would allow maximize feature camera soon arrived popped camera quick test run successful packed luggage snorkeling trip day taking awesome footage camera sd card started resulting sd card error made data unrecoverable fortunately still time trip go get different memory card better reliability memory card appear hit miss case miss not recommend card purchase appears company problem quality control process see review either overwhelmingly positive case star negative look though accept certain amount faulty memory card unfortunately missed window return card travelling stuck useless micro sd card better luck kingston transcend brand lexar samsung also served well past no longer purchase sandisk product recommend would either but swayed review make sure thoroughly test purchase actually need sd card error made card useless minimal use,0
great price delivered front door could ask access speed quick enough phone note no issue thus far great phone,2
sandisk finally admits defective micro sd card cause battery failure galaxy mine six month failed completely submitted complaint sandisk await response dont buy galaxy,0
downloaded eraseus formatted fat k cluster mounted either no problem see nada instability but not coool thing actually two one sd slot one power port via samsung sd usb adapter soooo g actually gb imagine actually but maybe run linux port web server bad external storage limit io ssung tab,2
plenty extra storage load lot movie high definition music boat load stuff loving sandisk ultra gb sd card,2
nice addition roku player tablet believe came sd adapter plug sd card slot computer sd device dependable nice additional storage buffer roku player tablet,2
got time issue got samsung note far plently space left work like champ,2
not pushed card writing reading ton video anything but seems work fine work well,2
work great galaxy note anything but pop phone phone rest work perfect,2
work perfectly ask better card price good got two one smart phone wife love finaly got lot free space sandisk ultra gb microsdxc class uhs memory card adapter work perfectly,2
great capacity never reformat blue tooth transfer work great previous phone memory card great phone,2
bought new galaxy iii say super fast loading insert no problem glitch far got deal day bargain great responsive memory card,2
tried different sd card grpro hero black edition record k downwards none card able use full range recording stop second card make record k k etc different fps card full battery run empty maybe lucky lot people said sandisk always giving freezing problem but still go never problem loving work gopro black,2
liked much bought nd first put samsung galaxy player second samsung galaxy g phone card easily hold mp apps card noticeably faster cheaper card speed card first boot device see apps get loaded within second want good gb mini sd card one nice quick,2
work intended notice difference memory card typing meet minimum word required work fine,2
used memory card shooting video gopro camera picture canon digital slr never issue continue use memory card camera reliable,2
good purchase satisfied card would definitely purchase another one would advise everyone purchase one sandisk ultra gb microsdhc class uhs,2
no problem love,2
needed put new tablet exactly described work great no complaint would recommend others price good buy,2
easy use non stick bulit well would buy no question hope last longer last issue longevity last one lasted less year price last longer excellant product,2
charge retailer sd card ridiculous always order via amazon never dissapointment great sd card work great expected awesome work great beat price,2
great hold anticipated love granddaughter love put music sandisk ultra gb memory card,2
great tiny thing hold much tablet smartphone love much got gb one great product,2
go wrong sandisk use product tablet camera flash drive application yet bad product sandisk use gb micro sd cell phone come fast reliable happy camper price right great value great product great name,2
work galaxy note phone recognizes read gb available sturdy card fit perfectly come adapter place device best format card device read also want class rating ultra cool,2
bought galaxy note add ton storage phone store video song fast,2
good price card necessary excellent quality work high speed maintaining data faithfully good,2
got expand memory samsung tablet increased ability store photo good purchase expand memory tablet,2
card year worked great backup storage source digital camcorder p seems keep fine function perfectly albeit minor nit microsdhc sdhc adapter seems not work card reader not sure but worth removing star reliable fast microsdhc card,2
ordered used galaxy note wife razr month noticed would cause phone freeze phone would start showing mounting unmounting sd card early but toward end froze phone trashed card phone worked fine bought different brand no trouble since know red gray one issue but stay away fail month,0
put family member android phone zero issue exactly would expect type product no problem,2
bought android phone tablet love gb ton storage class uhs fast uhs awesome,2
purchased month ago product still working well data loss issue product work expected,2
got card supplement built gb galaxy note card provides superb internal xfer speed phone well pc using note usb port great card great price,2
hard say much memory card work expected since class fast since gb plenty space music picture video big fast cheap,2
bought installed droid razrm never removed died little month not store apps anything picture video phone lasted month,0
bought gopro record anything microsdhc class memory card problem solved therefore star great solution problem,2
bought gopro black edition using product little month lot experience different micro sd product right us microsd exactly supposed far: stay way rarely even think work work great gopro black edition,2
samsung galaxy note love house music picture without issue seem like r w speed bit slow but really complain good sd card,2
solid card use gopro hold data read write speed impressive get pay,2
work movie song saved play tablet love advertized,2
look review see card seems failure rate incompatibility device bought card november worked great card started failing galaxy note beginning january reformatting trying card device still not work please understand not user error but appear something wrong card tried card different phone stock jelly bean ice cream sandwich cyanogenmod custom firmware device problem say blank sd card unsupported filesystem even formatting card window using android not seem fix issue happy find good price large microsd card but sadly look like get pay appear people luck might worth gamble feeling lucky buy card would wise double check backup process make sure not lose picture video problem glad used dropbox phone not lose picture video worked month stopped,0
game gb day card great storing high graphic game note extsd intsd mod go sd card but think internal storage exactly needed huge amount storage,2
know bought but glad gb would good bought considering huge itunes collection gb would increase pas gb bought problem since playstation plus account bought sony music unlimited reduced price buck left pretty much entire music catalog palm hard without wasting single gb memory still love product work would definitely recommend perfect,2
not bad product got blackberry z format phone software but afterwards worked like charm couple month no problem class gig no complaint reason give star particularly outstanding way but pretty simple product job no problem good go job quite well,2
believe gb fit small space blow mind first computer half gb hard drive size book sorcery legit card,2
product served well last two month lot storage reasonably priced work great provides lot storage,2
bought sandisk ultra gb new samsung galaxy faster type memory like think read writes fast feel like but phone know highend dslr notice difference pleased sandisk ultra gb,2
card extremely fast order leverage full capability card reader device must support uhs however also fast class device love card,2
came easy open package installed right away new samsung galaxy note edition work great great memory card,2
fit appears worki not yet issue cardhowever using week comment based experience thus farif position change delete postso reading no problem occurred thus far no problem thus far,2
super low price expanding storage bn hd nook buy gb version save money spend buck microsd card double storage use adapter easily pop laptop pc easily transfer file go better yet buy two use bn hd nook,2
work fine recording hd video copying movie fast fast reliable,2
sandisk quality failed moving another brand three memory card fail short order sandisk quality failed moving another,0
ordered card friend shipped prime week friend still card ok called amazon new card mail day overnight ed great service amazon part micro sd card say know use one dumb walk traffic small shipping error but handled great good job amazon,2
got shoot hd working really well far handling hd recording playback great working really well gopro black,2
know buy sandisk confident fast reliable product worked great netbook minute super fast,2
card able transfer picture movie music toast hard drive cell phone fast although necessarily believe need fastest card cell phone afford would get snappy cell phone able process write sd card extremely fast make happy fast card,2
bought pair amazon cyber monday sale ea one working great galaxy synched around song minute using mediamonkey mtp mode going use sd adapter backup dslr but long p video test no issue made primary card sent old gb sdhc bottom camera bag wish bought,2
dont need extra card five star,2
could let thing bang around pocket full key coin accidentally course still come working great sandisk make great sd sdhc microsdhc product one affordable easy use storage also came sd card adapter used move picture file onto chromebook ease fail put clumsy owner,2
price spot less gb storage nice solid design easy mount recognized card immediately samsung galaxy ii tablet never error read write speed amazingly fast fool go another brand,2
loved card well worth good size tooif anyone question please dont afraid ask id happy answer fast,2
use many technological device work like charm actually get class speed time literally probably related read write speed let remind said earlier many platform tablet samsung galaxy camera pc ect work like charm good job sandisk not let love number plenty reason,2
bought replacement another gb micro sd card two year died day ago no issue yet loaded fine read write speed seem fine able transfer gb data minute using note no issue replacement team gb,2
expectected bougth use gopro work perfectly recommend acomplishes mission,2
card special offer kept couple fast affordable say more: sandisk sandisk warranty,2
nice addition note inch wifi excellent know brand use camera nikon happy unit memory give flexibility class ten quick nice addition galaxy note inch wifi,2
plugged play galaxy cheap extra gb want phone pay u per gb year contract carrier not remember last time downloaded picture pc took hundred mp picture bunch full hd video around mp still space love phone tablet support capacity idiot dont buy,2
bought one add standard one already purchased size speed price worth fast data access speed,2
wanted one badly fact ordered two aside someone stealing first package sent glad could go amazon see super cheap price delivered day quicker could go get one living nyc ton stuff quickly load onto put asus transformer instead waiting super slow usb cable transfer directly tablet one put galaxy sheer overkill but dont worry running space great product cheapest price,2
file system shipped might not appropriate phone but stick format phone good go work pretty much android phone microsd,2
work great excellent speed formatted fat new samsung galaxy note memory let load larger game apps gl sd medium file main internal memory fast fast smartphone,2
package arrived estimated time well done installed galexy optimus pro recognized immediately working well expanding room pic apps added space,2
lot storage space phone let lot music rom live without card high speed,2
lot memory work fine gopro camera thought little expensive but see real price store totally change mind good,2
tried memory card really bad result finally decided go sandisk may little bit expensive others but ultimately reliable value money,2
bought month use samsung galaxy failed could no longer seen contacted support said send get replaced expensive buying new one beware,0
sandisk great product around bought son samsung galaxy tab fit perfectly thrown three movie already planning adding couple would definitely guy great buy,2
work great samsung galaxy no problem good speed price right go wrong also tested gopro also work well no complaint,2
bought two different time retail packaging android model number matched packaging first one gb tested dd built sd card reader mbp gfr sd usb device get mb average write speed would bounce class speed supposed minimum not maximum r w hdd bottleneck neither uhs compliant but least able get class rating read mb pretty accurate second one gb tested watching activity monitor see ballpark bounced copying hard drive ram disk sound like probably class read speed ram disk mb quality varies wildly,1
use samsung galaxy spacious hold large chunk music library happy stability problem seems reasonably fast purpose no complaint work great galaxy,2
bought samsung tab pc camera cell phone great little drive store music file price excellent well fast shipping packed well great deal way around excellent high speed memory card,2
recently switched iphone trying get used lack board memory card work well memory used picture still working way around actual phone memory but serf well perfect phone,2
bought two one wife one self great price fill bill great expanded memory samsung g iii andoid great smartphones,2
bought use stealthcam included adapter use tablet acer far card worked flawlessly application chose use microsd card make possible copy picture trail camera using tablet wood remove need dedicated viewer tote laptop extra card great microsd card,2
happy gotten steal price definitely lot space need gopro dslr camera but much better less sale good thing,2
got one wife work perfect frustration free packaging nice open package get right product anything special put worked immediately no issue work great,2
got samsung month no longer accessible first message got phone unformatted sd card installed next even recognize card inserted different card phone able recognize play music not phone also tried desktop read card no go either crashed unrecoverable,0
not know g issue reading card size but eventually remove card purchase transcend gb class card check phone problem got opened packet popped right recognized able start using taking shot video immediately saved card without hangup old class card used couple day noticed would take shot phone would give error could not save sd card would reboot fix scrolling gallery sd card would freeze app would crash moved could formatted card but thing kept happening since installing new transcend gb card no issue maybe phone but think enough complaint g owner little skeptical card phone play nice galaxy,1
carry ton digital content phone never want run space fast micro sd card give gb usable space samsung galaxy note ii take picture second listening music fast efficient ton storage ask billh size matter :,2
purchased based recommendation reviewer dash camera also purchased no issue work work great dash camera,2
couple crap but far one first heavy duty one fast responsive hope last better others quick reliable,2
always used sandisk product but disappointment totally failed galaxy month order another brand but no sandisk worked month totally failed,0
said great work fast never unmounts randomly use bump music samsung g note tab tab always work would suggest anyone price another nice thing color make easier find dropped gb greatness,2
say far remembers everything told no sign alzheimer date far not seen stare space talk child complain different music first started storing music say much data changed back day nope still young pretty fast no arthritis bit byte memory,2
bought two one one husband work great feel good lot space smart phone save picture movie taken etc great price,2
paid less shipped door mth no problem formatting fat fast internal memory note great buy,2
high quality easy use product ready insert go no problem capacity packaging excellent value,2
expect problem either great sandisk quality decent price speed rated happy sandisk quality,2
satisfied speed space little guy note: need format cellphone capable using micro sd xc card reader compatible sd xc not see gb got couple error formatted first computer sd hc reader not xc but working fine great formatting requires extra step,2
bought surface rt tablet work great love came adapter great,2
recently bought microsoft surface rt tablet used gb version memory card worked great problem heard surface rt could expanded gb immediately looked great deal online behold amazon offered card prime eligible woo hoo no brainer quickly ordered inexpensive upgrade like predecessor come memory card sd card adapter small plastic case installing card super easy surface line slot push till click no formatting required card run quite fast normally buy sandisk extreme memory card faster but particular card no problem running video file playing music anyway get card surface rt tablet format well card already formatted risk messing card pop enjoy greater space surface note: far know cannot install surface apps onto memory card medium file document still card great upgrade highly recommend great inexpensive upgrade microsoft surface tablet,2
got memory card gift use new contourroam camera according lot user work camera even technical team contour told not optimistic ultra memory sandisk work camera still ultra memory worked contour roam,2
great product affordable price no messing sandisk quality gig plenty room store anything everything want love,2
formatted card ntfs loaded bunch kid favorite movie tv show transfer seem pretty speedy even playing hd content load storage small package,2
card met requirement wanted gb card adapter wanted faster card c worked box no problem bought time one mine one wife smartphone samsung galaxy centura satisfied microsdhc c,2
light user store lot medium phone play lot game watch lot video keep medium music photo doc etc backup notice much lag lag notice maybe every couple month attribute phone not card shutdown start usually solves great way space ever use not heavy user may not need much storage space but not get know never run space gb working great droid bionic,2
worked purchased started dying one one none no longer work worked,0
perfect described great buy,2
sandisk best moist reliable memory card perfect fit new galaxy note smartphone sandisk best,2
good storage five star,2
placed sandisk gb micro sdxc card galaxy phone phone see card tell card gb space available far good update review card stop working nice gb micro sdxc card,2
searched inexpensive gb micosdxc card new samsung galaxy note edition gb tablet one caught eye regarding positive comment price note christmas gift used medium entertainment business travel replacement aging toshiba notebook no problem install card recognized upon boot installation require great transfer speed task quick test using e file explorer copying mb medium file tablet o card expansion card yielded mb write mb read speed sufficient task bonus added card shopping cart following day price dropped incentive needed push place order button speak much reliability since card installed less two week far stable no problem,2
excellent product high capacity well made hold many pic movie music gift camera buff always wanted hi capacity item sandisk job,2
got card month ago used note failed no matter try attempt format drive edit file whether using computer phone failed card data essentially read saving grace since could least save data previous issue corrupting photo randomly increasing regularity grew closer complete failure going avoiding sandisk possible card failed read format write corrupted photo,0
bought lumia window phone supplement onboard storage capacity fit fine work great fast access immediately recognized device not much ask microsd card work great,2
personally got mine expand surface storage work brilliantly hold media: movie tv book picture plenty room spare useful,2
ordered use new samsung galaxy sii phone used sandisk past always great luck product would definitely recommend product sandisk ultra gb memory card,2
inserted galaxy note powered phone went storage pressed mount sd card said understand filesystem asked wanted format saw gig free space work great got buck amazon con:it extremely slow write try write gb file pc card take minute mb sec write internal sd card phone writes mb sec understand slow accept slower internal sd however know would dog slow gb samsung micro sd much faster worked perfectly galaxy note however slow write,0
good fast inexpensive microsd noticeably faster task class hanging around useful access cloud storage turn business phone play phone medium phone one swap,2
not much say except work great r w speed never seems slow photo movie taking gb doubled capacity tablet reach capacity long time memory stick,2
gb microsdhc card replaces gb card ordering easy price good product arrived well packaged fully functional excellent product,2
thing else need said put samsung card worked worked far w hick ups price good amazon work,2
work expected great price install gopro hero no problem recording playing back video work expected,2
got galaxy work great no complaint highly recommend gb perfect take lot pic video best card market imo,2
year found sandisk memory durable reliable gb class card appears no exception far performed well especially appreciate fast write speed money good deal good value micro sd,2
still stuck year ago microsd card fairly new still neat amazing much put something literally size fingernail purchased class gig exclusively use mygopro hero : black editionso card keep camera recording hd fps amazing many people aware class data card affect performance capturing video even still tried capturing video shut automatically may memory fast enough keep but no problem keeping card nor problem storing sandisk memory often get labeled best cheap memory but unsure expensive poor memory would anyone buy anything else expensive card get good also purchase two gig card samsung lot storage price size,2
using card month work perfectly installed samsung galaxy immediately recognized no need formatting special handling work perfectly,2
item arrived perfect shape even included sd adapter need card worked fine far not complaint sandisk gb microsdhc card,2
day died lost data not expected sandisk microsd card case died day,0
like small but hold lot memory fit adapter yet find anything bad kind memory kind electronic equip require use mini good memory,2
bought use samsung galaxy work great transfer speed excellent completely plug play compatible device work great,2
two using gopro hero work great getting could gb far preferring gb card full right battery reach end life swap card battery time save opening closing case swapping part time card plenty fast never hiccup proven quite reliable rd card using multiple mobile phone htc bb since never problem supposed,2
using android tablet no issue mounted easily seems job work fine:,2
work expected use one samsung galaxy another asus transformer no problem far work expected,2
work described bought one one wife tablet love amazon ease purchasing super fast shipping item came retail packaging hard remove store prevent theft use scissors get eventually show gig installed but typical sd card download sandisc memory zone app see fast card need purchase one tell exactly need may save buck low cost high quality,2
hard believe gb size pinky finger nail no complaint use lg phone plenty fast enough anything work,2
bought mp player work great moving music around like fact came adapter card reader cheaper one work fine,2
use high def camcorder record p video no problem clipping card seems well able quickly handle amount data get pumped not quality control issue data loss either would definitely buy great p recording,2
prefer sandisk manufacturer come trust quality workmanship product sandisk ultra,2
using card sandisk sansa clip work song counting say big storage little size,2
immediately recognized window laptop format exfat fat order recognized samsung note android tablet took long time transfer gb video file laptop ssd hard drive sdxc card imagined would happen quickly but work smoothly overall wanted great deal price great deal great price,2
compact size helpful transfer speed quite good highly recommend people large storage requirement fast,2
came genuine retail packaging work great camera work great computer like color make easier find dark camera bag tiny black one get lost fabric work gopro hero,2
fast work described plenty space left free fast transfer speed used compatible card reader would recommend product feature amazon frustration free packaging recyclable come without excess outer packaging material hard plastic clamshell casing plastic binding wire tie packaging designed opened without use box cutter knife protect product well traditional packaging writing sandisk ultra microsdhc card ia actually priced lower class card pny polaroid make sandisk best value especially need honest class performance across platform fast,2
sandisk always reliable brand product typically outlast device paired card decently fast writing speed able mb read range plenty fast hd video always fan sandisk,2
love micro sd card awesome amount space plain ole reliable dont find many product like nowadays super phone,2
far good supposed seem faster slower micro sd card bought cheap imitation ebay regretted crashed really pay cheap memory reliability get product update: big problem sd card window phone user not properly record hd video video recording sd card consistently choppy pop another sd card record fine record phone record fine tried formatting every way working well go another brand window phone user work well reliable except window phone,0
sandisk ultra gb microsdxc class uhs memory card mb adapter sdsdqua g u fit nicely htc vivid system recognized right bat simple easy format disk encrypting snap well many review internet product possibly not working htc vivid believer research reading review work like champ price reasonable amazon sandisk ultra bg micro sdxc class uhs,2
price alone make product well worth class not pay lot get quality disk rare choose order amazon great product,2
plug play simplicity popped work even need format believe sandisk said formatted exfat good wife phone show approximately gb use hold whole heap photo video sandisk ultra gb microsdxc class uhs work great wife samsung active,2
got samsung galaxy talet ideal tab no problem got day got exactly want excellent product,2
say great chip fast reliable month far not single problem lot handling say,2
bought extended memory galaxy iii great price easy install phone recognized instantly supposed fast extended memory,2
price memory card work well not issue surface good,2
work got black fri deal would cheap gotten gb nice endless room already watched movie surfing net phone pop player awesome phone come standard sd card adapter funny story:i plugged went format phone wanted password format card dude could not find anything online people asked question well realized lock screen phone also put lock formatting card great idea samsung thank duh moment galaxy note duh moment,2
use smartphone samsung push go no problem good price enjoying lot music plug play,2
sandisk chip pretty good but relatively expensive time think online price would affordable but not tell seller selling fake product ot not one received genuine sandisk product returned exchanged another genuine not problem exchange company knock wood gb version work well android tablet but not gb version beware read online forum gb version work relatively well though android phone weird would work smartphone but not tablet price dropped may come price local retail store shop around sandisk ultra gb microsdhc class,2
no way give bad rating exactly supposed andthat espand memory hve using scandisk memory card long time never disappointed apps tablet automatically downloaded memory card no issue complaint memory,2
micro sd card work great galaxy doubled storage space quick respond would definitely recommend anyone buy new smart phone perfect cell phone,2
card read gb not gb formatted various format various tool operating system ordered replacement concluded dud good luck buying product rest assured amazon good return policy good luck buying product,0
noticed amazon ultra version couple buck standard black version one come sd adapter case ever need bothered speed test since using tablet feel like removing tablet test but seems fast enough experience far definitely faster regular black sandisk card experience sandisk product read write speed much faster claim conservative estimate not worth messing standard line get ultra extreme pro not much good price used galaxy tab,2
put nokia lumia far work really well put entire itunes library phone wrote card believe hour keep track regret probably purchased gb card no complaint writes fast enough,2
item purchased smart phone sale price excellent item arrived intact time work great gb micro sd card,2
bought supplemental storage asus transformer tf tablet card not need special formatting work worked upon first installation stay plugged tablet non stop using month additional storage music video without problem speed benchmark but noticed slowness copying deleting large amount data device supposed therefore give star work great asus transformer tf,2
sandisk ultra gb microsdxc class micro sd card storage enormous among data class reliability speed great buy sandisk ultra gb microsdxc class great buy,2
bought son save game song whatever else ds space use quite awhile priced superbly great item great price,2
no question sandisk continued innovation really keeping storage computer go need electronic file music game securely stored protected computer phone mp player tablet micro sd card becoming increased need laptop computer need sandisk made several product time continued get better innovation ultra micro sdhc memory card handle well work nicely storing medium file one convient package like safely mp file card play sandisk mp player nicely definitely good buy anyone really want bit extra space definitely recommend micro sd memory card extra storage space price: bconvience: b overall: b mini storage,2
first two order item fails failed around six month use however sandisk honored warranty completely replaced item still using pretty happy aware,1
buy sandisk item like others purchased worked perfectly first time love sandisk ultra sdhc gb,2
use gopro hero silver work great no problem data transfer quick work fast,2
store lot hd picture video no longer issue sd card error losing data highly recommend anyone buy class sd card device month no issue qualitty sd card,2
utilizing gopro hero black no issue filming transferring computer good transfer rate glad got gb filming photo done work great,2
either wrong chip false reading device data displayed consistently insert memory card,0
lowest priced gb card could find work great hero go pro camera great price work go pro hero,2
say memory price right fast galaxy note complain neither work,2
found really good price bought one wife galaxy note phone worked fine but issue right start however luckily right start almost nothing reformatted galaxy note worked fine ever since recommended not format computer formatted phone work good bought,2
seems work fine samsung galaxy iii new android o big card phone handle anyone know work fine samsung galaxy iii,2
using hisense sero pro fast xfer rate measure gb format happy awesome,2
back purchased samsung galaxy deciding factor iphone capability sd card storage chance came grab gb card dollar jumped performs flawlessly come standard sized sd card fit micro access computer folk purchase android phone sd card capability go gb phone pay hundred dollar grab micro sd card less thank morning money saver,2
buy sandisk card one good like expected great read write speed no issue whatsoever also gb one good also come adapter use bigger older size sd card slot buy confidence sandisk,2
unbelievable room tiny package far able store retrieve hi def video no problem good value,2
received today surprise package contained adapter micro sd card used traditional sd slot need but see might come handy want transfer file directly laptop actually purchased samsung galaxy tab tablet also usb port attaching flash drive storage could always transfer data way case expect problem but galaxy not arrive monday micro sd card came unexpected surprise package :,2
use extra space put apps podcasts yet put music but think problem work samsung note,2
using gb card galaxy note ii phone card working perfectly march october speed fast always worked flawlessly one day decided protect data prior going europe encryping card phone encryption process went properly took hour card filled gb mostly image file however phone slowed considerably took second decrypt card every time woke phone screen needless say like decided return card back decrypted state procedure decrypting back done card became urneadable attempting format phone well computer various utility program not help card showed old folder present despite multiple format but could neither access file nor permanent write card phone could save picture card powered but restaring phone newly taken picture gone contacted sandisk graciously exchange card work great give card star know whether experienced problem due card phone sandisk shown great customer service really appreciate exchanging card definitely not encrypt anymore card work work super fast reliably good card great customer service,2
microsdxc wave future storage manufacturer sense little car increase storage capacity basic device far less buying expensive model allow external storage easy use industry standard expands tb capacity great storage low price,2
one best memory card good low price sandisk always great company business great buy,2
sandisk quality shine every time tried cheaper memory card watched fail time even oldest sandisk flash stuff still work year purchasing enough reason pay big giant tiny little card reliable reliable reliable,2
put g work fine ton storage stuff still load quickly transfer well love,2
bought found add memory card samsung galaxy never even knew could found bought installed worked perfectly since hold song video great buy ive got samsung galaxy perfect,2
problem card use galaxy transfer speed quite fast format card card dropbox ever foresee running space easy use,2
got phone working well storage music image would order needed another get job done,2
self favor get memory fancy new phone taken countless photo video downloaded several apps andloaded bunch music still room spare extra memory g,2
purchased wandboard quad loaded wandboard provided android image zero issue o boot run card boot pretty quickly though not quickly booting emmc run smoothly android launcher nice,2
work well use galaxy expansion card work well used liked sandisk card sandisk micro sdhc card,2
read write anything card pc g pretty sure got dud bad card,0
work great problem put card multi car reader not read car put sd card reader work read computer great,2
think really good memory card good price got still lot space music video nice memory card good price,2
use one go pro note work great would recommend no doubt :d perfect,2
using surface pro add extra storage working fine fast would want plug play like memory card came exfat window problem but using o decade old looking xp may issue bitlocker go work fine card would expect fast easy storage expansion surface pro,2
got use hp slate extreme even though device supposed use gb formatted fat mounted work great sandisk ultra gb microsdxc,2
doc smart phone said card would work talking sandisk support told gb card max phone returned card gb card probably good product documentation phone bad check phone doc ordering microsd card,0
work like charm galaxy note tired getting bogus sd card another major auction house great card highly recommend,2
purchased new laptop micro regular sd card slotyou beat price product described arrived quickly perfect micro memory card,2
purchased galaxy went gib internal total gib storage card presented problem seems pretty speedy use storing nandroid backup rom downloads work great galaxy,2
bought expand storage samsung galaxy reverb getting mb transfer speed transferring mp commodity sd card reader kodak brand supermarket electronics section worth noting uhs card basically revert class hardware uhs compatible using card month never trouble no read error no mount error no bad sector got mine black friday sale value great price shopping price good go wrong want big micro sd card usual sandisk good way go big fast,2
expect sandisk card fast reliable work great gopro come adapter pretty cool gig space small ad card not cheap but worth money opinion fast,2
bought discovered accidently left class card phone year troubleshooting sluggishness realized error card not officially supported work perfectly fine partitioned using rom manager also installed link sd moved largest apps ext partition work great mytouch g glacier,2
hopefully get cheaper but worth every cent recording time used christmas work great good eye gopro must,2
samsung note fast no delay transfer data fon pc immediately good value top rated card fast,2
installed samsung galaxy latest verizon stock rom support exfat format window pc also format ntfs use several rd party apps mount automatically suggest paragon fast work samsung galaxy,2
using card smartphone enough room gig music got ton picture downloads still plenty room like store data phone good no hiccup far product use year,2
unscientific review not conduct benchmark purchased card galaxy note since mobile offered gb version phone review:i researched purchase prior buying amazon somewhat hesitant purchase card jump hoop get recognized galaxy note card arrived immediately put phone card instantly recognized phone booted mounted sd card without prompting boot seemed fast faster stock card came phone unscientifically card seems much much faster old card movie photo seem come quickly without much delay usable space reported gb highly recommend card anyone extremely fast easy use galaxy note phone least pros: phone boot faster lot space store movie music picture worked first time plugged without special hoop jump throughcons: none great card,2
use window tablet work well get close published throughput mb solid performs well,2
work great hd p dual lens ir night vision car dvr camera dash cam video recorder motion detection work great hd p dual lens ir night vision car dvr camera dash cam video recorder motion detection,2
huge capacity recognized without hitch galaxy reasonably fast card huge amount storage good price great microsd,2
bought item first card defective however quick online chat sandisk two week later new working device not much say great product company definitely recommend great item customer service,2
delivery time device worked perfectly microsoft surface pro needed extra memory surface g perfect delivery time device worked perfectly microsoft surface pro,2
fit phone hold lot stuff come reader work laptop work,2
great brand excellent price purchased lenovo ideatab tablet adapter come handy need use standard sd slot gb sd,2
work great galaxy siii allows take considerable music video also recording picture video done speed benchmark card but copying mp no point think slow piece crap sd card previously included adapter made work directly laptop well recommend anyone memory card large regular backup pc medium nice able take gb picture would make even worse lost phone copy great memory card samsung galaxy siii,2
bought expandable memory galaxy note work perfectly without issue plug play no format required least jellybean work galaxy note,2
fast card work great g wanted something fast but reliable ticket use android phone love,2
start saying not really understand whole class rating system card described class minor research pretty fast uploading downloading data seems work fine take long upload hd movie computer wanted phone thought buying simply short change ill buy biggest capacity alleged fastest happy work perfect,2
awesome awesome great speed also use nikon dslr taking mp picture thing rip though like nothing heat issue data loss high quality,2
tested card samsung galaxy note phone asamsung galaxy tab inchand immediately recognized device write review card running tab constantly used week review dissected spec card share use prefer gb card also use price point gb card dramatically fallen date review priced commodity use pair rotate backup laptop always daily snapshot document purpose alone card well worth tablet divided extensive music library genre backed card gb card hold cd space saving along physical medium significant fact one card cost rack cd also excellent saving practice session sometimes record using phone tablet pop primary sd card device swap one video record since card hold six hour video perfect use overall reliable card worked number device assure anyone wanting use newer samsung note phone tab tablet card work also excellent hd video recording price point absolute bargain perfect primary temp storage,2
best price could find high quality micro sd samsung cell phone every store area charged crazy price lesser quality card even think buying sort card cell phone service provider worst amazon way cell phone accessory item like case screen protector micro sd memory card awesome value,2
purchased galaxy phone phone gb internal memory use luckily came adapter use card reader storage go pc phone worth money but remember useless galaxy scandisk ultra gb micro sdhc,2
got sd card blackberry z gb total storage try iphone lover gb nice,2
sandisk made great memory product long time no exception bought expand memory tablet bought fianc eacute e work well made sure buy class want fastest interaction device storage nothing ruin user experience like waiting storage access read written great product,2
work superbly microsoft surface rt one best micro sdhc card get market price good,2
work much better sd card past class brand card perfect tablet bought work much faster micro sd card,2
job found cheaper bought bummer first thing came mind cool,2
bought several find designed hence star recommend memory card electronic device requires micro sdhc card past experience find sandisk reputable name brand excellent product,2
scan disc standard thing however price gb good deal shipping quick good buy would definitely recommend great price,2
not sure say storage disk arrived time work advertised no trouble installing new yoga tablet good choice yoga tablet,2
droid razr run little slow card sure sure put card gopro hero black edition video record come choppy bought sandisk extreme pro gb version card gopro work fine sandisk normally good perhaps somehow got bad ultra card never returned exchanged warranty expired tried gopro knew sure card slow sandisk ultra work gopro hero according gopro website perhaps got subpar card may little slow,1
good five star,2
great micro sd card helpful store medium file no problem samsung galaxy note great,2
purchased wife new samsung galaxy since take many photo always run space downloading computer okay kidding never downloads computer well dude dude sort thing woman notice said woman let guy handle tech stuff wife certainly no exception not saying woman cannot tech savvy but mine ask question hair care product talk daze expounding virtue quality expensive conditioner but prefers leave techy junk god forbid accidentally write instead email but another conversation preferably captain morgan special reserve however ever need advice shampoo use instead pert shampoo condition one go resource pros:it little bitty memory card careful easy lose cons:it little bitty memory card careful easy lose nice microsd good price,2
great price shipped fast well packaged incredible amount space raspberry pi class way go love sandisk,2
usefull use phone also come adpator sd remomend : usefull,2
purchased card use microsoft surface pro tablet work great gb nice capacity card cheap work fine problem however transfer speed rated mb sec guess true but mine never reached anywhere close using different reader surface pro higher end desktop pc built microsd reader external usb microsd reader maxed around mb sec multiple smaller file maxed closer mb sec total know not card reader able reach speed mb sec faster card card work fine give star price great size give star transfer speed disappointing though taking minute transfer itunes movie file long time take hour fill full card load data not bad but always adding deleting moving data slow get annoying quickly good cheap card but slow transfer,2
worked well one time put file easily read computer phone lost tiny oh well could find,2
great sandisk micro sd card havent anyproblems one fast load good approve good sd card,2
bought galaxy tab reason couldnt get work put galaxy note phone work great movie assorted crap still plenty room perfect,2
product seller came described shipping fast excited see class compared micro sd card new galaxy pull picture video quickly store good already recommended friend awesome,2
bought microsoft surface pro extra storage work great put slot showed computer like supposed work great,2
not much say work fine use sd ram slot samsung galaxy note tablet no performance issue provide enough extra storage tablet not much say,2
bought microsoft surface rt work great would recommend anyone really work great,2
great card write speed fast enough intensive workload like video purchased card use samsung galaxy note ii iii no problem great card,2
bought create larger store rpi model b work flawlessly far fast plenty space good deal price paid work great raspberry pi,2
gotten expecting unrealistic suppose consistently gotten mb fast enough take minute transfer gb time good little sd card good price continue reccomend microsd using evo lte phone consistent high speed,2
got much say sandisk know getting fast reliable complaint though amazon let buy one order great sandisk,2
nothing wrong far definitely enjoying going turn bootable card emergency recovery well store device backup magic computer fixing key came described,2
good product come adaptor fit regular size card slot good go love work like rated best,2
great price size card getting bought easily fit movie perfect,2
great card hold fun item : mass ebooks take much room also get store favorite movie well get store book video,2
use gopro silver edition even p get hour video write time great no problem writing video card real time happy sandisk purchase gopro silver,2
one better name making computer accessory work fine lg optimus g pro gb purchase san disk ultra gb microsdhc,2
many device cannot use size card but work perfectly samsung g plenty additional space whatever need no problem date excellent good price lot storage limited compatibility,2
say work great hold ton photo camera issue but not techy really compare brand great card camera,2
got sd card phone work well no issue cheap exactly needed good sd card,2
exactly memory card ordered tested using adapter came plugging computer worked great replaced gb card already new tablet month old new gb card everything ground halt waiting long time made no difference maximum card size tablet gb guess ornament unexpected got star update: memory card may not fault unexpected,2
bought samsung acitve fit perfectly no problem price really reasonable size gb get great memory price,2
not really much comment good experience sandisk ultra past little pricey brand but couple buck get no surprise pop phone camera tablet basically work forever run speed test comment whether plus minus millisecond faster another brand millisecond really not big deal never failure sandisk product kingston another good value used awhile asus tablet but currently moved droid work advertised excellent value good buy,2
bought use kid tablet not problem several month use price good transferring speed adequate work good,2
bought sansa clip worked formatting card fat say much ton lossless song previously cd like general manufacturer lie real size card arguing technical issue like saying reality not card like card not gb like gb remember exact size card available hand not card advertised gb yet reality lower manufacture using false advertising usual kind memory card good example false advertisement fast far good,2
first computer k ram put gopro hero camera time memory great work great initialized gopro saving picture fantastic like,2
inserted memory card galaxy phone immediately recognized ask anything fit galaxy without problem,2
used h testw software check read write speed got write mb read mb no complains no complains warning: mbyte tested test finished without error delete test file h w verify writing speed: mbyte sreading speed: mbyte sh testw v compared x cardwarning: mbyte tested test finished without error delete test file h w verify writing speed: mbyte sreading speed: mbyte sh testw v great,2
bought samsung galaxy work great no problem would definitely buy seller also fast shipping sandisk ultra gb micro sdhc memory card,2
perfect easy use conect fast camera give photo video sony cam mp perfect,2
say biggest microsdxc card time reliability sandisk great speed one tablet mobile phone yet issue card expect ultra reliable great speed,2
great product sale price hard beat gb worked well pc dell venue pro tablet speed nothing write home but close manufacturer suggested work well,2
card work mentioned phone but format using another program downloaded window window not let format card fat format need use phone see card also could not format card correctly but able format properly worked perfectly work galaxy sph l epic g touch sph,2
bought arrive due date perfect shape installed one old smart phone working good service good product,2
card arrived promptly good condition use exfat reformatted ntfs but fyi example camera recognize fat keep mind used month absolutely no issue great value imho great price good value,2
microsdhc card fit perfect grandson tablet great able download extra music game work perfect,2
got sale really low soon arrived transferred data gb micro sd samsung galaxy iii sd card first phone see card rebooted phone everything perfect working order know going space but sure figure something much space,2
brand speaks itselfrecommend size gbprice bit highsandisk ultra gb microsdxc class uhs memory card brand speaks,2
ordered memory card obviously needed space phone one reason prefer android apple product way easier upgrade storage space android memory card arrived expected enough space galaxy gave product five star everything sentence review satisfied but problem delete stuff sd card tried formatting phone computer but nothing well delete giving two star exactly supposed,0
excellent product come full size sd card adapter consistently got mbps writes mbps read note mbps not mbps highly recommended mbps writes mbps read fabulous,2
phone internal memory nearly always full obvious needed memory sandisk reliable card performs spec fast gave internal memory samsung galaxy break,2
well say card plenty memory cam work must thanks room record,2
one product either work rarely happens say work great gb allows plenty room storage tablet high rate transfer speed apps run quickly using internal memory storage good product fair price,2
small g onboard memory tablet added make pleasurable textbook music picture use samsung galaxy tablet,2
like sandisk product purchase past little card work fine phone not issue work well great little card,2
else one need right come adapter case want use sd slot put flash drive adapter use usd pc port great price install work,2
using device record video photo highly recommended class classification mean thing keep recording without skipping beat perfect device gopro camera work,2
nice product helpfully believe product san disk need not hesitate buy another one good,2
card work great shipped quickly hold gb data like gb but either way give space need phone music picture great product,2
awesome little sd card phone gb but still wanted music video totally work great soon put phone read also fast happy purchase galaxy note,2
best category make sure research buy card phone lot android phone still dont make use uhs technology transfer rate still get good transfer rate but not best best class,2
work describe going use phone would suggest putting phone letting phone format save bunch headache later work great galaxy galaxy note,2
great card need make gb card buy one without pay double buck no thanks get gb card,2
fit perfectly surface rt unfortunately advertisement rt say memory device supposed go regular size card originally bought opened could figure part nothing wrong product make gb surface large enough hold whole term school information needed,2
purchased several sandisk sd card reliability function one purchase ordering work tablet camera computer love reliable functional,2
samsung galaxy note read card format fat google small program trick work perfect great work,2
work amazingly nokia lumia highly suggest item distributor everyone fast service hestitate buy,2
price card provide good compromise term speed cost use iogear usb adapter work well capacity reliable reasonably fast,2
work great no issue far speed fairly good alot better gb old camera greate speed,2
use go pro hero work would expected memory card price good work great,2
bought wife use phone fast error free card not show correct size but one fast memory give new life phone,2
bought note work advertised gb class speed offer great capacity read write speed hd viewing recording advertised,2
really like sandisk ultra microsdhc class card several see huge price drop pick phone camera gps well tablet store video file traveling never problem sandisk love micro card,2
worked flawlessly gopro hero black since placed camera purchased top hand others hero camera freeze shut write file not usable recommend card anyone needing class card handle workload half second timelapse k hd video p p video not problem card work gopro hero black,2
samsung gb bought ebay failed work great never buy china gadget ebay card phony burn tablet needed buy china ebay,2
believe good price card used go pro without issue good price,2
not problem product work supposed would buy nothing special but work,1
worked perfectly galaxy tab no additional formatting seems fast internal memory tablet no need pay gig tablet buy one add gig storage less upping tablet gig fast shipping always prime worked great,2
ordered two none work w cell phone audio player camera guy problem non compatible,0
bought tested canon sx video record quick replay without loss placed samsung galaxy tab work great nothing bad report sdhc module work quick,2
bought medium storage surface absolutely love allows store video picture music removable drive keep tablet memory free apps would recommend anyone tablet looking expand storage capability shipping packaging perfect quick work well,2
bought samsung galaxy first came onto market worked week quit picture taken originally stored card gone bad purchase looking numerous forum hundred thousand people issue card galaxy not recommend buying card putting galaxy like tell sandisk put still angry purchase,0
installed samsung note not single issue plenty space music photo video apps work great note,2
unable read say blank prompt format cancel clicked format but unable format failed month galaxy note n,0
no problem work well supposed store file pretty quick read write speed well san disk microsd card,2
store stuff like memory card amazon fantastic price bought samsun galaxy tablet work perfect max memory tablet tip: store apps etc tablet internal memory photo movie picture card ever run space keep extra card two hand store apps card not use want change card memory card,2
bought card specifically run cyanogenmod old nook nook color breathe life back device never use anymore card work great run cm nook thanks speed quick overclock processor via cm tablet dare say peppy highly recommend card application speed crucial great running cm nook color,2
currently using samsung galaxy zero issue put phone good go apps also seem run faster card internal memory taking photo video full hd definitely go quicker old gb sandisk card definitely recommend product using sg,2
tried android tablet m surface pros: true class read write speed work android phone tablet new surface tabletcons: none far doubled memory tablet,2
else say hold lot stuff fit perfectly phone add no weight buy hold lot,2
great microsd fast hold ton memory really need one buy disappointed good sdhc buy,2
need good sd card work perfect smart phone memory need fast transfer rate work perfect,2
average speed perfect photographer needing ample file space easily used micro sd card different format camera fair pricing cons: none trusted brand memory card,2
far good card work fine lg optimus l day added gb music update card fails future far good,2
samsung preferred memory brand but sandisk run close nd gb great upgrade motorola razr new samsung galaxy note mp camera great brand great price,2
reason give one star cant give zero star lost file sd cant believe trust valuable information company avoid item dont recommend lost file,0
using htc one max no problem using write speed excellent taking picture no delay encountered work perfectly w phone,2
sandisk ultra gb microsdhc c uhs memory card adapter handle job would expect sandisk great,2
not much say product work perfectly originally bought tablet expansion slot but returned another tablet without one thought use card anymore but wrong turn put full size sd card adapter even work perfectly nikon dslr using standard gb card fine but gb even better burst shooting attest quickly write but noticed no difference speed standard card using work great even dslr,2
amazing gb fit micro card added asus vivo tablet extend memory glad purchased working great always trusted scandisk great item great purchase work great glad purchased,2
no problem setup instruction clear quality chip high expect get many year service life finished think use jar onion sour cream dip bought job,2
researched online found true class micro sd card manufacturer use different calculation able list class rating truth lie real deal solid,2
glad red grey not black honest dropping black one grass night spent minute searching sq foot area seriously need not ever make removable storage smaller thing work great no problem whatsoever need reformat suggested use sd formatting tool sd association sandisk permanent member window exactly follow specification though us window format work funny part gb sandisk class card waiting card drop price faster speed take but drop price thanks newegg free shipping item actually cheaper overall order class card get free shipping instead class card plus shipping tiny,2
installed memory new galaxu gave plenty space no worry anymore lack space take picture video cheap fast memory,2
turned samsung galaxy tardis bigger inside done anything speccy figure read write speed etc but know hd content record play without hiccup really matter turned phone tardis,2
no need format set fat micro sdxc worked box satisfied plug play,2
make sure format fat compatible aosp touchwiz rom not running aosp rom pop card formatted exfat automatically formatted fat guiformat pc issue optional search xda developer forum instruction swapping internal sd card external sd card give phone gb internal space apps move sd no issue galaxy note aosp rom,2
sandisk well known microsd card placed one gb card galaxy note ii love extra storage phone video music work doc etc issue card thus far working great note ii gb galaxy note ii,2
bought card use using digital camera worked great able pop right either phone tablet take microsd card use regular picture hd video without problem speed not seem problem people bought card manufacturer sandisk card recommend using good product reasonable price,2
two card far neither recognized mac pc able use but leave gopro camera hook gopro mac via usb not work normal sd card need used camera not recomend card first card replaced defective second card defective also time play around another return not ever buy sandisk not recognized mac pc,0
no issue far store lot video not expensive no issue quality speed work fine gopro camera highly recommend work well gopro camera,2
happy good product quality work fine job use android fast reliable happy,2
bought new smartphone installed easily work required many year no problem san disk product used great smartphone,2
got use dell venue gb smaller hard drive space critical downloads video photo etc microsd speed adequate great deal perfect tablet,2
great card note galaxy iphone lolyou need storage get but really like scandisk trust read lot problem card waited,2
review little backwards but thought relevant go first warning: buy card sale typical price since summer gb gb not pay actually pay less luxury time patience lowest non lightning price hit gb gb early december basically buy price hit less nears december january watched card change price almost daily basis initially went sale respectively watched slowly increase price random dip peak month january th still show best deal amazon day but highest price point since last summer higher ever payed card let best deal section deceive not deal term price okay actual review absolutely great sdxc card tried variety microsdxc card far samsung ultra uhs best price beat important reasons: speed capacity reliability durability not single failure use card nook hd nexus via usb canon mark ii converter macbook pro card slot durable waterproof use card device without reformatting even one go wash still use picture technically inclined card clockwork mod bootloader nook hd magiclantern firmware canon eos ii card pull nook shoot picture camera look result nook pulling card one device placing possible sdxc sdhc card but turn samsung uhs card found work reliably card boot slow finicky but samsung uhs work great gb not boot nook but no gb card keep eye open price drop card performed well samsung also newer faster card but price point hovers somewhere north prohibitive still stick good news regardless new card increase market share drop even price watch price great card often sale,2
maybe got defective card but one felt bit thinner flimsier micro sd card real problem week use expanded storage tablet started trouble certain program installed card finally tablet gave message card corrupt pc would recognize eery time tried format card would error corrupted within week,0
recieved fast copied stuff took little time plenty space speed work great,2
received defective one not want format returned bought different brand instead although past experience sandisk fine got dud,1
tested storing apps taking pic video not techie enuf run specific test seems work fine samsung,2
great price fast work well note using usb movie show ton music never bored anywhere go great note,2
best microsd card around shooting gopro black edition enough memory record dive wide setting get lil giant gimme,2
buying generic card terrible experience purchased sandisk ultra regret not buying product first sandisk brand worth buying great product,2
memory card work fine no problem number sandisk memory card never problem bought cell phone,2
really dont much say sandisk card work intended never problem great,2
best micro memory android phone fast running fast mb gb splurge but movie video phone perfect amazing product p not get ultra mobile version slower one fast lot space,2
local electronics store no inventory memory micro sdhc format amazon fixed problem came quickly breeze install saved added bonus download music cell phone problem solved bargain lot memory easy install,2
thanks lot sandisk good job work adapter nikon flawless non stop min hd p recording really fast better good product,2
writes transfer data fast sandisk always reliable product sandisk one top line proven electronic device market go wrong never problem not saying something happen but far good go sandisk sturdy,2
bought one hubby gps work great heard complaint since installed : thank smaller,2
galaxy work great no problem highly recommend suppose,2
plugged samsung galaxy work great plug phone pc recognized easily transfer file card recofnized phone work would recommend good performance,2
ordered work gopro hero black worked well came sd memory card adapter perfect high speed card reader fast compact memory card,2
thing sandisk function well far no issue come adapter big plus miss unit,2
space card amazing using gopro camera great far great memory card ons space,2
bought item use android based tablet worked fine doubled storage capacity reasonable cost sandisk ultra gb microsdxc class uhs memory card adapter,2
tried using non ultra model one year one two stopped working completely used galaxy phone switched one one month ago no issue speed reliable also highly recommended better quality non ultra model,2
bought use canon camera work great no lag problem great camera,2
work great samsung galaxy also use sandisk card droidx bad experience another manufacturer gb micro sd card occasionally flaked beware imitation card may look almost identical sandisk standard,2
use office use window o one mac o file transfer computer easy little thing great,2
bought go samsung galaxy iii class mean fast work well nice price,2
much faster microsd card class galaxy fast enough not slow loading file music photo not benchmark neat,2
fast no problem work content performance price file enough space next year well perfect,2
transfer speed moving file phone well rooting adding various rom much faster used done official benchmarking though seems fast,2
no issue ended utttingthis samsung galaxy instead tab like originally planned ordering another one soon good price fast shipping,2
bought memory card smartphone nokia lumia older gb micro sd card died amazon basic brand threw mp listen phone trip california coast since knew area radio cell phone reception no problem done speed test not using anything need extreme speed enough speed capturing video picture great deal amount storage price great memory card,2
plenty memory gopro durable small enough lose haha make sure phone device handle yes,2
used old phone work great quick transfer rate loved short amount time used probably use something else like camera something sandisk ultra gb microsdhc class uhs memory card adapter sdsdqu g affp sandisk,2
say card work perfectly single issue sandisk card one point work properly sandisks customer service great replacing product reason keep giving business sandisk standard memory card,2
came two day ahead schedule installed right away peeve people might come much packaging gave friend bruce banner went hulk get open use scissors like say packaging read instruction packaging first buy new house smashed fantastical,2
pretty cheap card good amount storage but fairly slow write performance competitor microsd card offer much faster performance similar price decent but slow,1
got galaxy phone worked right away issue write time slowing month issued exchange came promptly new sd card work great work well,2
bought gopro hero black work flawlessly capturing p fps no problem keeping data writing never error malfunction even captured using k no problem people saying work guessing problem card but either gopro computer overall card work perfectly much cheaper amazon bother buying store charge twice much work great gopro,2
problem not able use full potential five star,2
got samsung super tiny drop let pet eat great price work shipped safely bought,2
noticed long time ago even not really running fast speed mostly talking reading mostly playing music video file card seems get fairly warm pretty much outside point could rma started randomly disconnecting first thought phone though no clue would ever thing sent point anyway always seemed fine plugged computer time got worse worse would remove put back quite time get finally work eventually started computer realized something fishy switched another card phone problem went away hand one stopped working completely bit later even computer maybe got bad one but right rather get different one instead buy new one ran hot started randomly disconnecting died,0
sd card exactly looking last one purchased got deleted unformatted phone decided replace great price came adapter great item,2
hoping received defective product experience rare but product not work intended replacing another g micro sd card thinking class rated product would faster never worked correctly kept dismounting unexpectedly losing data not worth money ended using slower rated product worked reliably since day bought wish product done nothing but trouble,0
bought exactly micro sdhc sandisk ultra gb year ago using daily stuff reliable never gave sort problem setup card like hard drive pc read write lot large amount data everytime like video file photo map document working flawlessly not instance recall failed also fast tablet pc using several hour day data set read written external disk happier use brand past but somehow meet expectation new disk ordered backup copy case lost tablet quality product,2
purchased recommendation use l w dashcam like dashcams constant high definition writing sd card needed looping work expected reliable fast perfect,2
think product great product however not device built microsd xc not device like pad phone specifically state feature microsd compatability microsd xc happened since bought new pad thought would compatible however not microsd xc formatted exfat device detect hardware but write read not necessarily bad product need make sure compatible,0
purhcased card hero cam worked last year time used used year great life time ski video card failed could not read reformatted lost vids strictly used hero cam pulled try retreive vids using several pc multiple card reader recovery software but no good never known card fail extremely disappointed try another brand next time use multiple card smaller storage different brand failed us,0
always purchased sandisk product work alright went bad month sandisk replaced not issue replacement sandisk sent alright but,2
never issue sandisk adapter card device work great one no exception small medium big finger but manage need work well last thing amazon price hard beat sandisk best,2
bought two gb sandisk ultra microsdhc card unusable first one stopped accepting new data put bit less one gig data onto card add file reformat card tried write new file onto card write operation seemed worked but new data read back successfully file already card still readable though basically card become gb rom fortunately no sensitive personal information card returned amazon second one fail way but still unusable transferred bunch file read back transferred file data error example minute music file might able first minute music played back bad data would stop music player ran write readback test confirmed data error nearly every block tested used flash drive tester v exe free download ended buying equivalent transcend producttranscend information t gusdc gb micro sdhc flash memory no box adapterwhich performing flawlessly half capacity use never seen sign data loss corruption usb plug flash drive good luck sandisk product but experience sandisk microsdhc card terrible gb two two pas write readback,0
say sandisk one best company field electronics digital camera but dissapointed memory card card memory gb speed mb not advertised gave dad use phone started use sony gb microsd say work perfectly: storage gb speed mb buy now: http: amzn igqmvm exact link used buy mine good company bad product,0
advertised guy hold serious stuff innards solves issue quite speedy would suggest trick,2
came pre formatted easy install came adapter great recommend looking micro memory card worth price awesome,2
use product gopro black edition work fantastic even k resolution import fast especially usb card reader almost always go sandisk day flash ram invented much show fast good gopro,2
bought little year ago use laptop worked advertised much time stopped letting write delete stuff could read fine even format kinda sat trying format number different way finally contacted sandisk said send replacement free charge would maybe given lower rating but customer service sandisk made faulty card glad fell warranty period think card not failed would given five star sandisk replace would given one star hopefully latter happen great but not perfect,1
probably never take tablet hard get hold but installed working fast not use adapter good case need tiny work great,2
work like supposed no lost file yet big storage microness class highest class far micro sd card,2
great microsdhc card use phone extra storage used brand past work great never problem scandisk scandisk ultra gb,2
love get thing cheap amazon v getting major electronic store double price work perfectly stream downloads uploads quickly love adapter come use transferring file computer notebook faster usb thumbdrive dongle great buy installed samsung galaxy note edition,2
item work great expected without issue would recommend item anyone need good buy work great,2
new android phone mobile upgrade micro sd slot but not come card installed read could take gb searched best deal super fast great price happier : happier,2
fit new samsung note hold lot music data like sandisk brand no exception oh mention bought second one son fast tiny though speedy gonzales faster,2
excellent item price class way go uploading copying file computer gb well work well no issue excellent,2
good card still working car dvr love hoping working long time working no problem,2
great product great price great quality purchased far family friend thing better would gb model wished laptop came micro sd slot great product great price great quality,2
great product great speed no hassle plug play sandisk product always reliable hope keep brand say sandisk,2
unreal gb data fit small memory card not long ago considered futuristic : great price amazon great product,2
put android hold picture music item work like charm lot room still memory blazing fast happy great memory card fast,2
pleased speed performance memory card use camera smart phone exceptional product,2
sandisk make reliable sd card working tech support company relied map loaded sd card recommend sandisk class great mean fastest card made class show minimum speed data transfer card class always least minimum transfer mb sec card professional use record hd video high quality image super fast,2
bought good bargain amazon card performed amazingly great device definitely worth purchase thumb good buy great card,2
sandisk product ever purchased worked well one no different use sony experia z tmobile no problem sandisk trusted brand paired great price amazon prime eligibility no brainer purchase looking data device always trust sandisk,2
work perfectly well galaxy use put micro sd card adapter put laptop connected phone laptop transfered stuff one sd card worked well still stuff plenty room spare save apps onto ur sd card whatever save sd card instead actual phone memory save lot free memory happy purchase work well galaxy,2
really not much say put right arrived not issue ever since nice card plenty room music photo video whatever else cram phone work great,2
got samsung galaxy super nice space allows fit much phone hold everything want entire season seinfeld boring time lot lot music great buy sweet,2
micro sd card work ask one electronic device work,2
card performs much better lower class card used past around picture well quite bit content content load quickly android phone happy purchase great purchase,2
great fast card no issue g recognized quickly still work year later fast card,2
microsd card work wonderfully galaxy tab give great deal extra storage medium tablet great storage,2
format fat google but work great never understand people would ever buy phone microsd slot fill whatever want movie tv show music share whoever want pop phone set long trip airplane ride etc never need worry running space taking full hd video either perfect samsung galaxy,2
bought gb memory card mini camcorder unlimited picture video taking capability no packing extra memory card great price,2
bought samsung galaxy little available memory board unfortunately phone allow user move apps sd card but card fault phone fault card work great seems transfer quickly full p hd video no trouble recording directly card really fast,2
work fairly fast definitely not mb fast copying via usb adapter absolutely much slower writing but true memory card worse others good,2
far outlasted gb scandisk micro faster data transfer phone seems breathe highly recommend ultra regular far outlasted gb scandisk micro,2
micro sd card hold quite bit stuff not stuff but stuff like like large suitcase music apps,2
work give review since exactly advertised good buy anyone no problem,2
work perfect note card even writes almost fast internal phone storage work much better cheap chinese card also tried go pro plenty write speed even enough shooting k highly recommend definitely getting another soon great card,2
purchased microsd card record extended p video worked flawlessly camera not immediately recognize card but going setting selecting format solved problem performs expected,2
great little card problem experienced may not even related card but android o experience buffering hiccup pause watching video also utorrent client background downloading not sure limited card possibly faster write speed needed fault phone o however confident operating within spec card look good bad case phone never seen advertised but experience lag multitasking physically great looking card,1
bought back no complaint fast reliable no hickups decent price well coming back another work great,2
ultra fast sandisk branded sd card great digital camera especially video got smartphone mainly gb capacity fill bill low price prime shipping get better quality flash card sandisk still amazed cram huge amount memory tiny chip one megabyte data text printed would fill pickup truck chip thousand megabyte think pickup truck full text chip smaller pinky fingernail ultra fast sd card,2
card received work perfectly samsung note come converter normal sd size used copy music photo imac card picked straight away mobile device work fast enough taking picture video mobile delivery fast usual amazon packaging good sidenote couple dslr camera generally prefer sandisk brand memory card seen brand fail inappropriate time but never failure sandisk work,2
installed contour camera work swell taking p hd video fps complain say much good stuff work great no mus fuss,2
hesitant purchase but regular phone sd card died decided go class tablet excellent choice stable,2
ordered extra memory wif e tablet provides lot extra space storage beyond onboard ram fit right work fine,2
good micro sd card love sandisk product good warranty policy would recommend product good product,2
work expected no problem second time purchased item happy purchase cheapest price found sandisk great price,2
small but big memory perfect gift samsung tablet pretty sure love fantastic,2
awesome microsd card no issue several performed well gopro sg note great micro sd card,2
work perfectly gopro no issue write time work expected no issue losing anything stored corruption highly important anything camera related work expected perfectly,2
love using add additional storage space mb air together minidrive may not comparable speed actual ssd but audio file photo good using sdd upgrade mb air,2
lot fake memory sold right legit work stated capacity benchmarked fast device mb sec device limitation not card sure faster device support higher speed memory not fake,2
used samsung galaxy tab tablet stopped working month without warning tablet recognizes blank un formatted card computer even recognize still trying recover priceless photo kid since last backup card dead month,0
soon learned nokia lumia would gladly accept gb microsd card sought one promo price amazon evaporated along stock rare card price skyrocketed nearly stock pined whined one day early may back amazon awesome price point pulled trigger immediately well apparently card backorder but short wait four day later card formatting via phone ands changing phone setting save everything card happy camper read write speed good really noticible lag taking photo but lot choosing take photo mp low rest version corresponding mp raw version drive allowed store gb apps game many ton pic p video say phone accepts gb card no brainer turned gb smartphone gb smartphone,2
tested dozen sdhc micro sdhc card one disturbing trend noticed that: speed class rating micro sdhc typically inflated example class rating mean card must deliver sequential write speed least mb but somehow class microsdhc card always slower class sdhc card manufacturer case point: thepny gb microsdhc card p sdu g efs claim class yet write mb maximum full sizepny p sdhc g achieved mb according crystaldiskmark v thissandisk ultra gb microsdhc class uhs card sdsdqua g u however prof exception achieved sequential write speed mb according two different benchmark program mb crystaldiskmark mb h testw v faster microsdhc card including two class card frompnyandpolaroid closer look file transfer speed using flash memory toolkit revealed another nice surprise: writing small file sandisk ultra microsdhc card performed well full size counterpart thesandisk ultra sdhc sdsdu g affp contrast class microsdhc card perform poorly writing smaller file see benchmark result uploaded customer image detail use memory card digital camera record hd video need store huge video file session mean sequential write speed critical used tablet smart phone however card random write speed small file important application sandisk microsdhc perform faster pny polaroid card even though also rated class bottom line writing sandisk ultra microsdhc card ia actually priced lower class card pny polaroid make sandisk best value especially need honest class performance across platform side note not confuse sandisk ultra card withsandisk mobile ultra microsdhc sdsdqy g u latter rated class size gb card gb according computer actually normal computer people count one gig power larger one billion gb translates billion byte gb according marketing people update feb amazon combined sandisk ultra gb gb card product page please beware intended appliance must compatible sdxc order used gb version original review refers gb sdhc version two part number card start amazon product page select retail packaging see part number sdsdqua g u but click frustration free package part number change sdsdqu g affp update oct sandisk microsdhc card work great new samsung galaxy without need reformat default format fat update dec old test result limited card reader usb port used tested sandisk uhs micro card using thetranscend rdf card readerconnected usb port result crystaldiskmark x : sequential read speed mb mb connected usb port sequential write speed mb mb connected usb port top class among budget priced micro sdhc card tested work great galaxy,2
got new phone work expected worry speed thing loaded music phone store picture far not issue micro sd card got new phone work expected,2
not quite fast expecting work perfectly smoothly bought new droid razr moved new carrier take minute computer recognize causing think card bad but eventually recognize allowed move everything previous card via desktop also put movie far watching phone flawless smooth phone week but no complaint ever point excellent card good card,2
plugged little gem huge amount memory video kindle downloads music thing add nokia lumia,2
spoke customer service replaced time card problem time time looking way get warranty decided something obviously problem happened time previous card basically look company honer warranty sad usually good card kept saying samsung updated software update way wont match sandisk card run error galaxy note galaxy,0
bought finevu cr hd dash cam cam cannot take card greater gb found consistently performing card use get almost double recording content v gb card came dash cam need card no maintenance performs no issue card get dash cam blackbox recorder use,2
love make tablet work much faster take alot memory would internal storage free alot space got bunch music movie downloaded micro card using memory thanks would recommend anyone whole love music movie go good,2
not memory card class mean faster transfer one even faster work promised described work well,2
storing image video note no issue stated possible received bad batch job,2
pro: pricecons: intially began get card read error samsung note right month fails lossing data picture video document ect gone cheaped bought samsung card failed within month purchase avoid,0
expected sandisk work advertised garmin gps satisfied product work advertised,2
bought card expand memory note ii work well no complaint far probably purchase gb one fill san disk ultra gb microsdhc c uhs memory care adapter,2
far good no complaint supposed quality product,2
purchased android phone provide medium storage one received doa spoke sandisk tech support confirmed bad unit since within day suggested return amazon instead going warranty procedure returned amazon but made mistake requesting replacement instead refund replacement appeared work first but short caused phone reboot file went missing displayed form instability bit late return contacted sandisk replaced unit warranty however took lot time necessitated repeated copying many gb data secure erasing information warranty replacement sandisk work well far however not seeing much improvement application similar gb class sandisk microsdhc one class would probably give current unit star but rating amazon delivered unit defective get bad one suggest return refund not replacement purchased amazon returned defective got another defective,0
number sandisk memory product reliable microsd no exception purchased memory specifically largest microsd memory currently available using removable data storage window surfacepro free board ssd drive memory review surfacepro verify compatibility gb microsd but surfacepro immediately recognized operates flawlessly sandisk ultra gb microsd,2
work great added memory new asus tablet laptop came gb hard drive gb double memory new tablet laptop,2
get fast card gadget class higher number faster read write sandisk well know reputable name would avoid cheap junk fails lost card likely use galaxy,2
less money comparable samsung fast installs easily would recommend friend also appreciate user friendly packaging beat samsung price,2
fungible micro sd card work expected filler text get past idiotic word count minimum expected,2
failed one month sandisk promptly replaced great customer service new card seems work ok read problem galaxy may not memory module fault failed failed within month replaced,1
short sweet: never issue sandisk medium one solid well sandisk medium countless electronic gadget sandisk quality,2
cant complain anything sandisk buy product anytime need memory card price decent storage capacity well great,2
using galaxy work fairly well transfered bunch file pc via usb memory card reader ya know not blazing fast but pretty good certainly lot tolerable pretty much microsd card used said get minimum write speed good enough p video cell phone mobile device probably lead faster time shot use camera phone no reason take less time write picture took disk v say cheaper sd card microsd card problem go pretty fast microsd,2
one work like supposed work fast response delivery adapter fit standard memory card reader typical sandisk,2
memory card performs like should: store data would recommend camera device call storage sd card adapter memory card gb,2
work advertised no issue date faster card but pay thinking getting,2
purchased gopro hd hero silver work extremely quick no problem recording video taking picture would buy work great gopro hd hero,2
got exactly displayed described bought directly amazon usd samsung captivate glide u need format phone voila gb exact calc byte not big fan transfer speed but satisfy desire putting one phone buying thru amazon bulk purchase cheaper but requires u wait longer shipment but case faster expected happy customer : great price great card,2
use midland action cam hunting fishing rely sandisk quality dozen different memory card brand like sandisk best never issue quality,2
bought use canon elph h digital camera work fine right box probably not need much capacity but worry work well,2
work great transfer quickly use dell venue tablet polaroid x action camera great,2
quick shipment product described come adapter come handy sandisk great product usually delivers quality item quick shipment,2
reasonable price good quality not much need said reasonable price good quality,2
appears gb sandisk ultra micro sd card purchased amazon defective installed samsung tablet but could not successfully transfer file using either usb cable wifi file transfer would appear start but would slow hang completely every one multiple attempt different file type number file ranging many single file tried loading file onto card directly pc but tablet would not see tried reformatting card pc tablet but still got result try tablet would appear format card but tell card blank unformatted b old gb sandisk micro sd card laying around worked perfectly formating transferring file reading writing file everthing worked put gb sandisk ultra card back tablet but problem concluded sandisk ultra card defective returned still using old gb card without hiccup good thing amazon return policy quick painless not work samsung samsung galaxy tab,0
no issue micro sd purchased use video camera everything would expect without problem hesitate purchase work great purchased video camera use,2
bought memory lumia work really faster previous microsd class no complaint happy purchase fast memory,2
name speak come regular sd card adapter one day feel no need microsd card simply put back adapter use regular sd card camera electronics take form regular sd card read write fast since class card bought samsung galaxy nice addition storing big p file mp music load hand best brand industry sd card highly recommend sandisk say,2
installation surface simple added lot storage tablet liked sd adapter use like mini usb drive larger pc great choice microsoft surface rt,2
excelent five star,2
failed one month problem epidemic sandisk forum slowly get corrupted fail report mb size lifetime warranty nice but product clearly defective process rma update post status update not trust data product keep backup everything put serious look sandisk user forum gb card breakdown lastedsandisk ultra gb microsdxc class uhs write speed mb usually tested window usb reader android read speed mb sfailed monthsupdate received back replacement item brand new condition readspeed mb write speed still around mb rma turn around time week rating one last longer one month update rma replacement still going strong upped star rating one point failed one month rma replacement good,1
right size gopro black right size,2
sandisk ultra card say record data go pro without problem plenty space,2
many reviewer card worked perfectly first week half suddenly lost format could no longer reformatted time overheating dangerously sandisk currently issuing rma replace but worried replacement could also end defective evident star review rate defect card seems like absolutely unacceptable number memory card major manufacturer not like sandisk head problem negative review quite clean act sandisk card failed week,0
excellent product great price use asus transformer pad work great speed high enough ply high definition video excellent,2
good quality memory good function received record time seller far not issue memory card sandisk ultra,2
purchased two use surface pro loaded one gig movie one gig music small form factor mean easy transport work flawlessly surface pro redirected itunes music d: drive therefore using none pro storage space movie music play movie music perfect pro device no wait no slow down pure streaming sandisk screen happy course skydive icloud amazon cloud but sometimes away fast wifi simply not want use processing speed stream enables content available whim work advertised surface pro,2
work great samsung phone easy use get take punishment buying soon work great,2
gb microsdx class memory card use external storage samsung galaxy note ii phone far worked great gb microsdx class,2
many complained hero requires high quality msd card picked one great price amazon not issue camera freezing not recording desired transfer rate advertised also loaded one point xvid movie daughter watch asus epad transformer worked perfectly highly recommend work gopro hero black edition without issue,2
work like charm originally thought expensive bought brand card ended junk returned spent extra card awesome samsung galaxy tab smt watch movie read book pdf listen music since travel lot end buying couple way even need take full size laptop worth buy fast,2
dunno bad copy but try transfer file like gb gb copy ejects mount transfer song pc airdroid pain transfer movie pc way tried formatting checking error but issue but move smaller file like mb sovery disappointing especially price update: problem phone tell every sd card unexpectedly removed tried phone problem bad,0
memory card best downloaded kind information without problem ability cover expectation negative adapter not work properly computer memory card best downloaded kind information,2
fast sleek small not really much say microsdhc buying know work advertised,2
sd card begin act little buggy time sandisk card still running great card included sandisk never let,2
say sandisk always work perform way met got samsung tab work flawlessly great card tablet,2
card died less one month siii lost picture valuable picture information not buy dead,0
love class uhs memory card thank onedog five star,2
class gb perfect phone never use anything less class phone lag time waiting card respond shipped front door go wrong sandisk good many year recommended got gb sdhc version,2
purchased go spouse new sony tablet happy unlike doubt every fill hand use tablet take photo worry missing surprise shot tablet around happy spouse,2
using great movie music picture taking wat else say,2
easy install work samsung galaxy pro get go great way add storage great product,2
sandisk always provided reliable memory product case gb card went samsung note wife could not pleased pros: reputable brand pricecons: none noted great minisd card price,2
well not experienced product reviewer come memory card kind thing everything seems fine delivery time time writing speed reading speed normal expect adapter would come plus star reason giving four star battery drain phone filled card almost gb music put phone phone battery draining quickly supposed like not sure phone card faulty never experienced thing anyone know solution explanation situation hope u enlighten pls otherwise product seems solid legit seems good,2
sd card work great big storage writes fast enough not much complain work,2
tel much memory card compare product mamacusa,2
put new roku x seemed work recognized formatted hoping use roku music video suppose mostly streaming but thought give option locally storing medium good price work roku,2
pros: look good work fine start acting con : worked month samsung phone month samsung galaxy note one one died became unreadable cannot format either dead wasted sandisk not post disclaimer like bother use samsung device failed,0
work note cant complain price sweet amazon best thank thats cant beat price,2
good quality memory card used gopro hero work flawlessly wished electronics simple no complaint,2
san disk alway brand name know trust never problem san disk memory card purchased great product,2
gb card wife memory card bought couple u needed bigger card load custom rom needed one medium work great pretty nice capacity work fantastic galaxy,2
able add full length movie p phone no problem chip must long airplane trip great fast memory,2
sandisk ultra gb microsdhc class uhs item described decent product price quality come small sd card next size adapter sandisk ultra gb microsdhc class uhs,2
thank much satisfied pleased product purchased recommend vendor reliability diligence quality product grateful happy client oswaldo artiaga excelent,2
made mistake buying supposed gig card ebay found fake decided purposely buy retail packaged sanddisk card directly amazon card great reformatted fat use sansa clipzip hisoundaudio studio v rd anniversary not problem card work advertised transfer speed great loading file onto card fast durable,2
got cell phone likely storage ever need but price going lower capacity chip save much money make sense exactly pictured worked without problem great price,2
put samsung skyrocket phone even though phone say gb max still recognized formatted card great space however time try use usb mass storage mode transfer file error thought phone since larger max spec but tried usb card reader still errored trying file finally put adapter stick card reader built laptop transfer file way think issue using usb file writing fast faulting laptop transferring file wireless network card transfer speed slow enough successful took night get stuff card though use mostly pic video phone also work great phone seems no trouble accessing anything card seems plenty fast even recording high def video lot work seems glitchy,1
awesome enough size putting movie range mb gb no issue also play lossless music no issue well using steady galaxy verizon no problem,2
great memory card love fact came frustration free packaging even better also came sd adapter free thanks bunch amazon sandisk awesome microsd card love,2
work well tablet phone five star,2
la uso sul mio samsung galaxy tab e va benissimo raramente non la riconosce basta estrarla rimetterla e tutto va posto se fosse spesso sarebbe un problema ripeto succede raramente perci ograve consigliata gooooooooood,2
card small yet hold much storage no problem speed reliability definitely recommend reliable recommend,2
bypass cheaper clone get sandisk data wprth much little save using cheap imitation trust found bypass cheaper clone get sandisk data,2
incident galaxy phone however chip became corrupt chip phone put one samsung phone another samsung tablet well except one time chip phone got funny erase music phone able format erase prepare chip immediately usable but lose music weird well sync music phone no big deal fine little chip maybe got bad one though,2
even blinked mp player gave load room expanding library trust sandisk name electronic gear usual sandisk delivers quality product,2
one benefit android phone able external storage popped phone moved apps added flac movie added selection movie never watched flight across atlantic everyone fell asleep around remembered added hd movie alone justified purchase favor add extra storage phone whatever galaxy,2
card perfect bought virgin moble smart phone gig card geek squad told needed larger card memory download application almost dowloads purchasing inserting expensive card got screen not download applicationas memory almost filled turned memory card no bearing application downloaded stored internal built memory seems phone suggested purchase gig internal memory not told got great card but waste money,2
inserted micro sd card adapter no longer removed adapter stuck inside adapter permanently definitely received defective item also read lot review saying card bad sector another transferring computer transferring file suddenly stopped said error sandisk quality control department game selling product general public defective flawed not but lot not also read lot review saying card got also defective micro sd stuck inside adapter stopped transferring file,0
could phone galaxy but microsd card phone gb microcenter version wife phone th version benchmark faster card not much but slightly faster could phone one thing problem fit microsd card holder adapter tight fit put card different holder adapter slide problem one came really hold onto card fast but limited,2
work great galaxy right box faster old gb card used work galaxy,2
received product day even though shipped free shipping number item using new cell phone store picture movie etc moved everything old phone mobile reader also purchased item everything worked flawlessly great product especially cost,2
disk great really fast read write no lag time using go pro black also come adaptor fit computer fast read write,2
extremely easy install samsung galaxy tab give fast easy storage movie game everything could want micro sd work great galaxy tab,2
little work card excellent way inexpensivly upgrade storage space surface rt surface pro need reformat card ntfs add virtual hard drive done disk managment done extra gb space little money work well surface rt,2
worked verizon samsung galaxy need format plugged right worked instantly great capacity not fastest transfer rate went mbps loading file onto music mostly nice capacity,2
used home brew project speed major driving factor used two raid adapter awesome great little card,2
exactly expected not worth spending ton money one get job done without issue expect,2
rec happy good price but get want pay scan dic would no por matt nit function,0
noticed constantly running space smartphone checked sd card gb but full picture music application downloaded time decided get bigger sd card phone researched online found phone support gb card bought one work great copy paste via computer information old sd card ot one smartphone picked right away lose anything twice much room think thing reset ring tone wave file using old sd card somehow link ring tone file match but everything else worked fine great used space smartphone,2
well manufactured memory card keep demanding v transfer rate day heavy usage no issue whatsoever performs specification,2
week far no problem due laziness lot research beforehand find problem card galaxy phone bought card apparently card kept unmounting even remounted setting fortunately sandisk caught wind problem couple month ago fixed kudos great card work no problem,2
used samsung galaxy tab transfer rate pretty good going straight usb act little peppier however plugged straight card reader good sd card,2
great fit work great fit right phone without problem like one would gotten store but cheaper amazon fast delivery,2
got elph h camera amazing capacity small size also got adapter could download photo directly quickly computer without needing cable amazing capacity,2
item ordered gb listed card but tested gb oldi would steer far away sandisk sold online unless original packagingi returned full refund reordered oem gb card samsung not get ordered,0
fast delivery good speed good price make good micro sd buy got pretty nice speed considering im using kinda crappy mobo older usb slot fast delivery,2
held rating item chance evaluate performance glad made purchase memory card needed given steady strong performance access time game photo acceptable unspoken problem galaxy not problem point card not dismounted nor experienced failure memory card part great memory card,2
great card worked well gopro great quality speed size perfect heavier photographer great micro sd card,2
memory card work expected got full gb data card two word good brand,2
use hd video recording work well no frame lost since use card no measured actual transfer rate but look fast reading movie sd no frame lost since use card really fast microsd,2
best kind work really fast beside like color micro sd card excellent,2
sd card sd card unless broken no problem keep good work job,2
bought use mysony hdr action video camera black work great camera worked fine class card but offload speed horrible speedy little card eliminated problem came sdhc adapter nice unexpected bonus fast little card,2
say acer max gb but popped puppy read gig fine mp photo not clog hd tablet got acer iconia w,2
great storage price per gb draw back rather slow write great storage,2
experienced absolutely no problem memory chip came undamaged connected phone immediately worked flawlessly would highly recommend chip fantastic result samsung galaxy smart phone,2
not much say excellence sandisk product fit well adapter easy use never disappointed sandisk excellent,2
favor pay extra money card seriously spend money nice phone like using capability get memory card enjoy phone supposed run much better standard card,2
needed storage space photo video phone fit bill nice fast gig free phone nice low price work great mu galaxy note,2
came adapter allow card used micro card standard card great class also fast great memory card,2
reason not buy one buy bigger one ive phone year awesome never worry running storage great product buy,2
no issue card galaxy gb usable space expected price right flawless w galaxy,2
purchased sandisk ultra gb micosdxc memory card put samsung tried purchase memory card locally bestbuy but no one gb memory card glad purchased memory card not put backup music podcasts etc added storage would recommend memory card anyone samsung pceddie work,2
bought gb card sale ran great first month afternoon unmounted samsung sg iii powered phone seated card powered still not recognized powered back pulled card popped computer showed single partition byte mounted card back phone booted recovery phone rooted cwm double checked could not mounted formatted tried partition card but no luck phone back running fine spare gb card no problem matter good fast card dy quickly stuff backed no major loss but cost card died month,0
screaming deal retail packaged gb microsd not benchmarked but lightyears faster original gb card retail packaging though like extra packaging make secure not fake described,2
installed samsung tablet gb music lot picture number apps work flawlessly find anything wrong price not bad either love go wrong,2
perfect every sense use mainly accessing music since upgraded microsdhc found samsung galaxy no lag playback document storage retrieval quick high speed high quality,2
nothing bad say great product great price work excellently video camera one go wrong card great sandisk quality,2
not say bad microsd card but mine stopped working month normal use every time put pc smartphone message came saying needed format but click format showed another message saying unable format one purchased replace polaroid way working better expected lasted perfect stopped working month normal use,0
bought samsung galaxy work perfectly price better anything could find store locally exactly wanted,2
awesome sd card awesome price awesome speed awesome quality really like micro sd card hope never fails no problem far :,2
great price great cellphone tablet etc easy put easy use come adapter perfect,2
work perfectly enough storage many hour recording could best one price recommend one perfect gopro,2
using samsung note ii phone get read sec writes sec pleased performance happy read write speed,2
use card samsung galaxy not issue brand memory card failed become unreadable past however accepted anything throw use store picture take phone currently music video mp movie never lag random un mount highly recommend fast reliable plenty space,2
wanted extra space tablet sd work fine job needed work fine samsung tablet,2
bought another sandisk product guess work great job guy not pricey either wait gb version always trusted sandisk,2
sd microsd card adapter come product small impossible remove card adapter without damaging adapter tight,0
thank god amazon return policy would incensed little platic device hell died unexpectedly day lost phone picture not stored phone lost music but pc lost video concert happened phone gave warning storage device sandisk ultra could not found took restarted galaxy note worked one hour later got warning tried save data backup pro app purchase extra gb data cloud app come mb something like backed everything sandisk storage backing everything line using backup pro cloud sandisk fried stopped backup process prompted format storage disc but everytime performed process phone would not complete format keep mind not near computer vacation could not use computer format fat returning disc purchasing samsung gb cost buck get pay died one month,0
yeah baby love getting amount memory cheap not pro but everyday use great deal come,2
notorious apparently killing sd card last black friday bought two normal black one gb card phone killed sprint swore card but defended sandisk saying would sell two defective card row made deal sprint saying bought new card phone killed one would replace phone card no cost bought one far no problem shame sandisk star product star greed actually work v black friday crap bought last year,2
love far work price good pleased fact bought gb well phone bought gb wife love,2
work great smart phone need format card anything popped card everything worked great box transfer speed excellent card would recommend card everyone good memory card,2
good buy help store information also allow organize picture music well nive product,2
great chip bought use raspberry pi project linux hard drive fast real deal price excellent nice get real chip instead cheap nock often sold brand name card say,2
put new sd card new g first time metal contact scratched randomly unmounts phone older gb sandisk work fine thinking thicker paint something causing know but ruined scratched first day but noticing unmounts music every song unmount remount interupting music never buy another expensive sandisk going order different brand make sure find one without paint suck really thought going good one love color fast transfer file bad broken find return date screwed oh well never give business someone else thick b c paint,0
easy upgrade storage lg marquee seems pretty fast store data fine not sure else say memory work work perfectly lg marquee,2
want ton capacity bought mine pretty good sale work perfectly expected sandisk good value,2
far item great purchased one one niece phone xmas another plus shipping great great prouct,2
got use gopro hero black edition put seemed work tried get data card using second card say need formatted looked gopro website not recommended card list reason card fast enough class ten yes but clearly not fast enough definitely get recommended card work first probably die couple day box work,0
using samsung galaxy issue super fast work really well,2
used something like month galaxy iii gt original firmware mainly picture flac file suddenly perceived last picture took disappeared took picture thought software problem but problem realized card not working write anymore delete information format delete partition etc rom bright side not lose valuable information like picture permanently stored card good lasted rom,0
got amazon amazing price bought one total gb cardsthey work great gopro hero main recommended one adapter also use nikon e getting picture burst mode camera slows shooting raw full speed take minute till but talking mb picture save need usb stick smaller faster great little performer,2
purchased sandisk ultra gb microsdxc class uhs memory card adapter use samsung galaxy note android apparently phone no problem recognition large sd card make possible save lot photo video feeling even possible get gb version work well phone make sure fully compatible reformat using phone sd card phone able detect utilize full capacity no problem overall extremely satisfied product outstanding large sd card smart phone,2
brief simple error error error happened sandisk need check qc unit awful product ever reputable memory company update: got thissamsung gb g class microsd c microsdhc flash memory card model mb msbga krto replace sandisk garbage replacement work sandisk lost one long time customer garbage,0
good buy work great sport camera well priced recommend user sport camera great product,2
perfect five star,2
needed class micro sd card small size large memory work fine price good well worked expected,2
read write speed fantastic work great galaxy note absolutely love space worth every single penny much space,2
expecting great transfer time like get nice compact flash card but card closer last generation sd wow surprised fast,2
largest capacity micro sdhd card work theasus memo pad smart bl inch gb tablet blue card work great but adapter defective already another adapter would return item card work great adapter defective,2
heavy music listener sandisk ultra reliable storage music file feed mp player still reliable ever still reliable ever,2
great little memory device several work without problem newer android tablet older version jelly bean problem accessing mb jelly bean work great flawless,2
samsung note tablet adding gb sd card saved quite bit not move gb internal disk simply slipped gb sd slot go great product,2
using week far no issue not expecting used sandisk microsdhc card worked reliably varying size gb largest size ever used read complaint elsewhere person problem said brand fortunately good performer,2
product perfect needed providing ton memory samsung note small package love size,2
use gopro hero silver edition work perfectly even protune gopro probably great sd card start awesome,2
not buy speed issue want type least speed but type work great phone increase storage keep picture random file not used music but imagine since play video included picture could easily handle music work fine,2
best reliable microsd card get use device phone tablet camera camcorder gopro camera bunch work like champ,2
supposed say no reason rate lower star purpose function properly,2
say supposed really like price much much cheaper pay best buy radio shack plus got card less day without paying extra nd day overnight shipping memory card,2
best memory found consistency high speed ideal modern application especially high definition video recording go memory gopro camera,2
price reasonable quick day delivery amazon prime return gb drive malfunction amazon took care right away credited old sd card far one working expected sure format sd card device using recognizes device using micro sd card gb,2
known issue batch card completely die known defect affecting lot galaxy note user card dy either exchange amazon contact sandisk replacement newer card supposedly fixed but might want back data case mine purchased november failed separate phone unreadable pc phone defective batch card,1
stick slot forget not sure stored little thing remove phone but hey great price top notch product,2
installed galaxy note crashed one month lost picture card not google plus instant upload redundant backup dropbox picture would lost think get refund but not keep original packaging would not buy but keep packaging return read review see lot people trouble card crashing think amazon offer hurt overall customer satisfaction crashed one month,0
well try take alot picture card job would recommend even enemy really good product especially go sale amazon package kinda two big little thing but work little problem usual love product hence keep buying think th purchase,2
brought new phone note come kind card camera phone device us card trust sandisk dslr go pro camera professional photographer never problem scan disk card whenever need sd card micro sdxc brand go used note,2
say best price could find gb micro sd work great samsung note finally decide buy note note pro gb card ordered right along great product great price,2
purchased gift daughter take lot photo stored cell bog need clean house lol would also good need store everything know get one r kmw great take bunch photo cell,2
inexpensive fast made video bit less choppy recording hd good buy seems better value class card great samsung galaxy siii phone,2
bought use samsung galaxy phone work great no formatting no mus work like work great,2
scandisk gb sdxc card geat value get hour recording hd video wonderful result prefer scandisk reliable setting video shoot client spending hour recording calling client explain bought cheap unreliable card failed reschedule shootand project late delivery smart must reliability scandisk delivers scandisk delivers reliability need,2
exactly month half card done lost pic video return policy expired card not recognized phone pc trying get rma sandisk read extensive problem gb card class samsung say sandisk sandisk say phone but seen card failing different phone android way problem card dead,0
great card one crash yet go wrong gb sandisk memory card great memory card,2
card responsive never encountered single issue work great cold hot weather using skiing often exposed cold weather stored far hundred hour video multiple event not glitch would buy sure awesome card contour,2
not technical person give spec but put samsung galaxy tab work fine work fine,2
excatly bought go phone nice storage come micro sd sd converter nice buy ahh sapost,2
work fine although video seem jerk little spot know phone card but anyway capacity huge music play great photo look fine phone,2
no issue five star,2
upon receiving installed samsung galaxy phone work great give maximum memory available phone model no complaint fast ship fair price bought new samsung galaxy work great,2
know else add star review except say installed flawlessly nook hd no problem memory,2
work perfect htc one v no complaint love amount space tiny package fast need phone love gb space not slow,2
good value money product delivered time good condition using tablet happy performance excelent buy,2
would give th star memory consistent read write time per card not saying fast but stay within rated speed tested especially usb card reader used several time speed decrease threshold standard set chip fast but room improvement,2
go wrong sandisk memory bought phone gaming gopro good capacity convenient durable top brand,2
say sandisk awesome installed galaxy tab music movie hd digital copy sandisk ultra,2
bought use samsung siii supposed fast card worked fine totally died less year little u due design siii phone popped message sd card removed nothing phone brought card back removed tried laptop win computer xp pro totally dead neither even recognize drive working sandisk get replacement want kind fairly useless information see get rma number replacement card first memory card ever fail update warranty service sandisk proven non existent first asked question answered mysteriously lost answer sent back three time died less year no warranty support,0
work lumia no issue phone not particularly speed sensitive application card cannot comment well work stress phone complain music play nicely card picture written without delay red gray design look different interesting even though no one see card,2
super fast keep camera speed purchased total love every single one buy card super fast keep camera speed,2
great product using samsung galaxy mobile g us camera store picture taken fast great product far,2
use mp android phone speed card significantly improved picture taking speed fast,2
samsung gn edition tablet getting mbps transfer canon using eye fi mobi gb sd card blazing fast transfer camera tablet storage,2
got described far working well not technical person calculating speed normal person pretty fast easy access great product work great,2
wife razr great phone date matched thought would great memory card long time sandisk ultra user photography sadly month without warning card mysteriously bricked unreadable phone two pc one mac thing even see card droid bionic say card unreadable need formatted hesitant odd chance still recover many gig photo video month old baby not backed could not disappointed product month completely dead,0
not much say made excellent quality price fine qualityyes would recommend friend excellent product work well worth every cent,2
good quality sd memory speed suggested true read speed write speed slower around mb mb read,2
seems authentic great speed correct capacity work flawlessly samsung phone card reader would buy needed another device work,2
bought surface rt work fine also got even better far good,2
card put samsung galaxy tab worked great right start issue whatsoever great memory,2
problem getting format fat could use myexcellent sansa clip actually low level format reformat itto fat third party program come natively formatted ex fat many device read window format fat gb easy format ntfs but either buy nothing bigger gb search internet program method reformat need fat skill time otherwise good stuff but scan disk provide reformat program website imho good,2
worked sansa clip zip another generic brand no complaint couple cbs higher price work fine,2
gb fast microsd storage great price not love work perfectly gb dell venue pro whats not love,2
back year ago crazy buy thing expensive year ago practically make figure buy really show nothing utilize well today cheap stable work plus came adopter good deal cheap,2
always trusted sandisk card work great samsung galaxy tab using month small fast,2
worked one first drum drive still pretty darn amazing think go smaller lose grat item good access speed mega chip,2
bought gb version samsung galaxy note ii work great need format anything opened box popped phone worked expected transfer speed via usb connected phone direct via card reader fast also bought gb version use included sd adapter canon sd popped directly device ready go happy product used many sandisk flash card past without issue expect hold extremely well time well might buck lesser known brand but feel worth premium fast easy use,2
maybe speed not fast beat others but sandisk always reliable several sandisk sd tf card never damaged data security always important reliable brand,2
one latest smartphones go highly recommend take full advantage processing speed fast computation need gadget sandisk product known quality reliability couple name brand flash product use sandisk gave good roi anything rob reliability great buy great price,2
bought use dash camera upgrade working well faster gb card came camera also work digital camera gb memory card,2
not sure card computer but show gig tried reformating everything still say gig bought dell venue pro,1
point shoot camera work well no problem far think camera speed limiting step rather card good capacity speed camera,2
sorry say but pull rating card went bad couple month no option return beyond policy card came time good packaging work else add gb sd card went bad month,0
large music collection like play phone allows put lot phone past no compatibility problem plugged worked get better far speed go fast card phone noticed no lag issue reading writing phone use outside phone comment direct read write speed sprint galaxy iii,2
phone still gingerbread o card much faster ever need capability like lifetime warranty previous gb card not warranty fried one year shipping hold many year come speed keep future device overall pleased got mb write speed mb read speed motorola defy xt using speed test app described,2
really fast speed good amount storage also almost cheap bargain bin item give month hard usage one though pretty hard flash long sequential writes guy give solid flash cheap price,2
bought p dash cam needed best fastest memory get best quality picture homework thought scandisk ultra came far everything else want best fastest memory highest quality market get scandisk ultra best fastest memory market,2
use mine gopro black edition working well no freeze record writes advertised speed importantly best value gb class micro sd advertised,2
cheaper alternative buying tablet storage shipped promptly price reasonable probably purchase another nice boost storage tablet,2
people complain sd cards: not working fast enough android device acting slow rooted phone not boot sd card card fast mb removed lag android device hdr video recorder no delay video recording usually happens card market android rooted phone tried booted worked really recommend card price performance good luck enjoy purchase perfect micro sdcard good speed cheap price,2
first two month card worked great gopro hero black edition one night randomly stopped working amazon take back got email sandisk see get replaced use camera thanks little paperweight,0
hard believe year ago would needed big hard drive much room use card samsung duo smartphone provides enough room entire music library bunch movie apps phone still space left work perfectly always good luck sandisk product lot room fast card,2
put asus tf tablet mixed report whether tablet would support large card official limit tablet listed gb no problem tf leave device time great way ensure hefty amount medium available anywhere quick big,2
used number device including mobile phone recording hd video straight card not encountered skip lag stutter sometimes seen card certainly must fast enough purpose no lag stutter,2
bought generic sd card galaxy corrupted music glad sandisk faster reading writing come memoryzone backup app free however need google drive box dropbox similar cloud service memoryzone great backing but lost data transfer phone sd : glad sandisk faster,2
believe sandisk put get warranty replacement however finally got replacement working fine ever since one fail three,1
purchased use samsung galaxy tab chose memory card used sandisk product many time past never problem never problem sandisk product,2
great microsd card great price speed fit day worth moderate shooting fps p ski trip gropro one card exactly advertised,2
card no reliability issue required task not put data transfer time observation industry standard,2
transfer speed good worth price tag use samsung galaxy sometimes crap reformatted rebooted phone otherwise no problem good,2
card fast reliable galaxy note cell phone copied whole music collection no problem mucho memory,2
work far waiting heat cold see well hold testing,2
picked storage device use phone gig mini sd music ad getting pretty full plus gig free space later download heart content great price,2
cant beat price work great no problem card use gopro work great great card,2
great product price sandisc using cell phone replacing gb video hour gb compared minute w gb super fine mode rest sandisc memory card year ago still working thanks sandisc sandisc ultra micro sd gb,2
bought black friday last year took chance chance u say read review card actually stopped working no reason not due abuse misuse card acer iconia stopped working even computer doesnt recognize wtf sandisk expensive part occur not buy u careful u store music movie mine nbd but u phone valuable picture,0
card small large time micro size but high capacity perfect work well goprc hero recording p not issue either class rating allows gopro thing card able keep high mb transfer rate perfect,2
fast used dji phantom gopro hd black not one hickup would buy cheaper get whacha pay would buy cheaper,2
good no problem work well micro sd card,2
love far purchased iam not buying sdcards but nextbook tablet work great adding video music able put sd card working great far,2
fiance tablet almost year without single issue feel one best quality memory card ever make sure get retail packaging not frustration free retail packaging requires one quick clip scissors worth get one sealed package not risk damaged high quality,2
used mobius action camera p hd mini sport cam dash cam daily opportunity failure problem would readily apparent really delivered promised speed reliability great adapter work perfectly well several sandisk product including sd card thumb drive ssd terrific far highly recommend sandisk ultra gb microsdhc c uhs memory card post issue arise flawless far,2
great product prompt service well done five star,2
else say light small not fastest card market but job copying file onto slow but fast enough play music movie cellphone device work,2
cool able put music phone little card work fine price reasonalble excellent expected,2
either work work fair price happy either work work fair price happy,2
well work like sd card see ultra fast speed thing shoved guy galaxy work fine work fine,2
p fps p fps fps using nokia camera app regular app work well but unless want see stuttering every second freeze constantly glitchy slow got mb write mb read mine video not work nokia lumia,0
never thought could gb memory like one awesome especially tablet using asus tf working flawless piece advise since current tablet not supposed handle leave format exfat not format fat ntfs life saver,2
great brand work perfectly use android phone got ton extra storage great product,2
fast product place camera happy product product received pretty fast material described much better recommend product anyone great product,2
copied transported large amount data work no error purchase work,2
great product always count sandisk make sure device support gb card go cheap fall counterfeit work great,2
little hesitant order initially but turned excellent product initial test crystaldiskmark enjoying asus tf shipping quick excellent product,2
card pretty fast little difference speed internal storage sd card work great work great samsung,2
lot work gb gb gb gb though done real speed test but reliable along used music player camera laptop sd card sell little bit premium class tag but would buy day need camera laptop extra storage but using music player good even class card excellent speed reliability,2
micro card work well go pro hero would expect micro sd card got go pro hero,2
work expected scandisk installed formatted samsung galaxy note no issue phone real amount usable space gb reference great note,2
everyone buy product like record dslr work great canon dslr great product mini sd card,2
great additional capacity storage card fast working great price great also great capacity phone,2
chance completely fill stick but far good taken gopro weather launching jump occasionally take beating work perfectly gopro hero black,2
must u got gopro practical friendly help u load many recorded shot possible excellent item,2
purchased card expand storage samsung trick plenty room carry ebooks music store camera picture great item good price recommend item anyone needing memory using microsdhc class memory card samsung memory expansion,2
failed galaxy note month lost picture video werent backed card worked fine suddenly wasnt recognized phone computer sandisk honored warrenty sent replacement work but less confident product afraid lose data later not prepared failed month,0
fast shipping good packaging fast speed card supposed sandisk well known brand use many product currently using lenovo yoga good price fast read write speed,2
great purchase best price market far appreciate fact product came ready use well packaged please let know thumb drive built security low price money tight but product worth investment great,2
rolled camera highest setting till battery died card fast no complaint bought two gopro tested gopro maximum setting,2
decent price amount memory no issue reading old hp p laptop built card reader no problem far work advertised,2
trusted sandisk year no issue work great exactly needed use sandisk camera phone gear always great quality reliability,2
accolade one say sd card work economical buy put gopro camera promptly filled great card great price,2
using gb micro sandisk ultra record p video blackbox recorder car popped worked adapter came make easy offload video macbook appears keep p video well never missed frame audio video constantly overwritten every day oldest event not failed yet using couple month seller mailed usps arrived day needed cheap fast memory,2
bought expand gb dell xps gb fit easily micro sd slot recognized window rt upon boot reformat card old habit problem work dell xps,2
got new android tablet work perfectly microsd sd adapter great allows plug computer regular sized sd card port transfer file much quicker plug tablet computer usb perfect,2
stick gb model first one got smoking hot minute use but seemed function installed samsung galaxy note ii got hot phone day quite together luckily still gb backup data rma got new one get hot but died less month use wait lexar gb come price bit try one but not sandisk one gb seem ok though not reliable,0
bought increase music capacity mp player bonus use adapter old gb micro digital camera wow huge capacity,2
work ready roll pedicab houston lot promotional movie put youtube use memory card full hd cam far recorded hour full hd still plenty space hour took day received mail seems working fine,2
thing no complaint five star,2
use variety device included adapter seems work great seems fast good value money great bargin,2
card amazing job holding music phone video played ease everything highly recommend card anyone sd card adapter also worked perfectly use card samsung galaxy epic g touch sprint version work fine phone even though phone spec say hold gb put card go setting fine sd storage scroll card format card formatted work sd card work like champ,2
good fast card plenty capacity work great additionals storage microsoft surface rt tablet hint: add space window library seamless experience o creating empty dummy folder c drive using window disk management console map folder folder card info here: work great surface rt tablet,2
microsd card work advertised samsung galaxy developed problem sd card included purchase phone replaced good new love extra space,2
got sale incredible price way likely upgrade come g size g not necessary use but would able use without worry running space put entire mp catalog well update month bought installed galaxy started causing trouble phone first not realize micro sd card causing problem but would occasionally status message saying something like unmount sd card removing avoid corrupting data eventually even recognize card put old gb card back work fine put gb card adapter put computer card reader nothing read back phone occasionally maybe month but lost everything every photo video taken new kitten since got surprising since sandisk usually quite reliable wife card phone got around time still working normally far ymmv but always back data regularly month taking lot picture video great price size dy,0
great five star,2
far working great using dell venue pro working fine no issue far good,2
download movie picture music still space sd card phone galaxy real powerfull phone gigas thank youraul great product,2
review positive product failed could not read device galaxy nor computer different reader less day customer support also unhelpful would replace card many question would not provide refund not want replacement card failed quickly would suggest buying different card not worth hassle lost data save couple dollar buying one failed day,0
disk small fit one fit computer far enough room store driving time day download everything computer viewing small disk could lost not careful,2
best buy want almost hundred dollar chip work perfectly samsung galaxy outstanding phone updated jellybean work flawlessly memory need phone sandisk warranty outstanding doubt ever use need buy chip get amazon much cheaper best buy getting greedy sandisk top line,2
need added space start enjoying new go pro not get bigger storage anyway needed space,2
purchased use contour roam camera record quality video downloads fast highly recommend card micro sd card device great card good price,2
really fast sd card large storage space work perfect use music photo no problem far nothing much say besides everything need work like charm,2
seems great microsdxc would expect sandisk not tested read write speed cannot comment installed lenovo thinkpad provide extra storage supposed guess not much say sd card would expect work well device sdxc compatible work great lenovothinkpad,2
love speed quality card previous card worked slow would freeze force eject problem solved fast,2
want upgrade memory samsung note ii great able instantly double storage capacity waiting gb price great addition samsung note ii,2
perfect memory card cell phone use great amount storage really good read write speed would recommend others great memory card,2
bought two use pair galaxy phone fit perfectly instantly recognized phone lot room photo etc no problem thus far quite sandisk memory product including gb s drive trouble free hopeful sandisk ulta bg microsdhc card,2
complaint micro sd card ordered sony action camera far extreamly well work perfectly,2
star excellent price performance seems advertised average copying speed around mb gripe sandisk include extra e plastic protective case bundle sd card reader however understand price point great value excellent price but lacking extra,2
primary reason buying extra capacitysandisk ultra gb microsdxc class card use insamsung galaxy tab inch model gt p happy share get work flawlessly initial glitch read firstly need aware samsung tablet model gt p currently run android o kernel build number jro c p ueclk jelly bean experience shared level android o experience may vary depending version o running sandisk ultra gb microsdxc card purchased amazon retail packaging get recognized fine however tablet medium device k mtp application attempt talk pc via usb cable tablet simply reboots card presented pc really strange indeed baffled couple hour firstly attempted format card exfat pc formatted fine attempted use tablet see behavioral oddity instantaneous reboot tablet mtp application try communicate pc made investigate issue determined root cause fact sandisk seen factory format card exfat but also somehow seen include offset mb beginning card show mb unallocated region initial sector card window disk management tool solution get rid unallocated mb partition card could pc but might require window command line experience using diskpart utility not not want confuse people process novice user process simple insert card tablet use native sd card format tool setting android o get rid mb partition happily remount simple process mtp application work fine pc transfer file sd card without strange reboot phenomenon not sure sandisk format class card fashion never class card earlier gotta technical explanation include mb partition sandisk give end reformat card tablet default exfat card seen work fine bottomline: awesome gb capacity microsd card reputed manufacturer budget minded people get job done beautifully read write speed adequate enough audio video picture file format tablet glitch mentioned forced give four star instead five star but let not stop making decision buy highly recommended cheer work gt p samsung tab,2
purchased samsumg galaxy getting full picture installed easy work great no speed issue writing reading work great g,2
memory card past month without issue problem initially copied gb data old card card connected laptop using microsd usb adapter copy kept failing figured card overheating writing lot data able copy data pointing small desk fan towards card adapter file copy process said read write problem due overheating card installed phone copied couple gig movie watch trip card installed phone without failure may heat issue occurs pushing gb data time largest movie copied phone gb movie gig prep work use phone initial format first installed card recognized prior formatting but seen others read write issue format preemptive move worked package,2
much say sd card but wanted least give star deserves used galaxy worked flawlessly far run benchmark confirm speed etc but not seem hinder phone camera saving photo video sd card way point camera app notify u burst mode shot still write phone internal memory potentially due high date data written good know use burst mode lot hoping use sd card purpose work advertised,2
came quick work well galaxy formating simple sandisk not much could wrong gb ton space phone,2
full disclosure: use no brand sd card sandiskhaving said pleased discover sd card designed people demand fast transfer speed hd video application purchased item tablet pc pleased functionality adapter great accessing via computer transfer file directly usb not desired card travel,2
working year gp camera not crashed nor failed shot hundred hour footage card buy sure gopro hero,2
performs expected bought mi galaxy increase storage option need transfer big file use usb adapter since wifi mtp conectios speed far slower directly connecting device but not card problem fast reading writing inside connected current generation computer old computer read write slower speed but still compatible hardware wise exfat format hassle no problem yet hardware wise would preferred open standard partition format instead exfat but microsoft fault not sandisk easy reformat usb sd micro sd adapter work well,2
work well dslr never able fill guess gb would enough average use go faster speed smaller size good speed performance,2
use included adapter spare card panasonic fz lumix camera quick easy temporary backup drive macbook pro laptop standard sd slot also use make quick transfer file laptop imac work exactly like full size sd card purpose fast reliable data transfer special price amazon made card less costly standard gb card time update: changed star rating micro card worked fine three month suddenly began disappear laptop finder still show work fine mounted desktop imac but often not mount laptop could problem laptop turn case restore star rating included adapter made micro sd card good deal,2
pretty much stated write rate hold well small file large file read vary mb sec but hold pretty steadily via card reader supplied sd adapter motorola photon q sandisk sddr adapter via usb either pc average mb sec write mb sec read,2
needed storage venue pro tablet plugged able store large file within minute far good work great,2
great deal would purchase need another like galaxy note great video game movie need lot storage sandisk right amount gb price make great deal almost filled already might buy another one soon hesitate interested quality storage low price lot space,2
title say cause gopro hero stop recording mid recording used highest resolution frame rate not fast enough full resolution gopro hero,2
tried gopro silver camera seems work put card adapter transfer file hard time removing not try adapter card card work fine adapter junk,2
gb card fast great storing video music whatever need without worry plenty large price reasonable great high speed memeory card,2
formatted card saved data phone gb card desktop dragged dropped file gb gb card installed gb card phone phone work perfectly win win great deal price say,2
advertised speedworks right box no formatting requiredtrusted namethis no brainersamsung started make line sd card seem cheaper moment compared sandisk fast,2
bought chip used increase use smart phone increased memory least memory,2
good product issue san disk memory card prefer stay several electronic device use micro sd work great would recommend product great price,2
first always bought sandisk warranty reasoning lifetime warranty mean must little better others sandisk lesser line class sd gb extreme iii series card pushing year old zero problem write nearly twice fast not sure limitation class uhs year newer tech blow away micro packaging make difference either guess marketing differentiation card write published spec but may want check sony sr uya tqmn capacity read writes faster similar price though one year warranty picked hisense pro tablet awesome wait sale locally pleasant surprise came sd adapter well file recovery software link not fan sony web site support documentation gear last year but commodity suppose expect much longer kind think thing work day probably work year obsolete fyi:the sandisk sony made china meet published spec but faster less expensive option,2
pleasantly surprised card arrived ahead schedule always plus book work without hitch able copy file gb card one relatively quickly easily samsung galaxy tab read card perfectly no complaint card although expected write speed little faster said done would definitely recommend card tablet smart phone device allows expandable memory good card good price,2
decent transfer speed phone phone see around mb card nothing write home however lasted month not read phone laptop friend phone lost file recommend store vital file phone good less year,1
card promise but gripe: nail ridge near outer end card not defined enough make rather difficult extract card reader adapter first microsd card problem difficult extract,1
wrong one thought getting gb one need know return one reorder right one gb microsdhc memory card,1
card work perfectly black box original quality g w dash camera work,2
got sale blackfriday awesome great speed lot storage work wonderful galaxy note buy today great galaxy note,2
say disk work made happy sandisk,2
worked right box samsung galaxy fast speed class half price comparable product big box store may buy second one later storage need,2
use backup image photo shoot date effective reducing weight storage space pack backup,2
great disk never problem product say positive negative product intended purpose storing memory well made simple use never problem date sandisk ultra gbmicrosdx class uhs,2
probably better think got go samsung tablet get replaced ipad but sd memory card portion not given fit yet write speed high sd card funky form factor requires adapter time expect pop dslr part samsung tablet suck,2
used tablet computer work great may buy digital camera liked spec c uhs work great,2
replace first one tablet first time bought one tablet disk became corrupted bought replacement item seems work fine replace first one tablet,2
item arrived faster expected work great additional memory cell phone come adapter use regular sd card slot came handy transferring data old card new card super fast ship work great,2
took old card black one kingston hc replaced ultra one transferring file see difference speed faster transfer rate kingston fast card phone,2
buying two gb card even cheaper buying one gb really solid value lucky even notice came adapter,2
work well speedy samsung galaxy samsung galaxy tab included adapter work great pc memory card slot well great samsung phone tablet,2
necessity gopro bought little guy hold info need make easy use recommend little guy anyone getting gopro good buy,2
plugged samsung galaxy enough memory take many picture could ever want no complaint using month without issue work great far,2
say memory card four star,2
using camera instead but want sum sung one buy work tab,1
installed tablet expand memory work well application recognized tablet desktop computer no problem work well,2
item described fit well galaxy tab access instantly tab computer plug tab laptop usb cable like nice buy,2
beat value micro cardbeliever no thing deal lifetime come electronics but card really great value great value,2
used gopro black worked flawlessly shooting fps hd without hitch good video chip,2
sd card work galaxy tab unable format window machine however utilized macbook pro disk utility format work great read writes video pic fast not tested saving apps yet but adjust review get chance galaxy tab,2
used many others average son android really think application right best way determine speed performance otherwise want adapter come handy later gb decent price,2
work described use samsung plug play hope phone done cellphone getting high priced everything transfered old phone still plenty space left great product,2
great speed great capacity great price fit great htc evo design g android phone recomend great sd card,2
bought card replace lost gig phone htc g seems working perfectly recommend wait read card phone little month messed phone stop recognizing card tried computer not recognized either contacted san disk send replacement but lost picture original card could sent card san disk data recovery people would charged able recover data nothing bit rich passed unfortunately lost photo good buy money but wait issue,1
bought use go pro white edition worked well no issue recording time lapse minute video one time expected,2
memory card ultra fast android phone bit costly but work flawless read fast pic video etc load bout second less highly recommended best memory card,2
chip seems thinner lighter rest mini sd card came adaptor card read using regular sized sd card slot read device thin,2
ordered regular packaging reading frustration free packaging sometimes counterfeit anyway gb card received formatted fat seemed work fine new moto g lte phone running android moved apps onto card put music work great no complaint work moto g lte,2
even thoug not meet specification speed great product intended far excellent,2
bought card replace kingston card phone fried working without issue far no problem far,2
work great gopro camera no problem using computer video recorded fine good quality please product,2
easy install good performance used phone photo machine computer extra space cell phone good,2
install samsung phone work great recommend need memory phone install no problem work grat,2
first got item problem reason caused data android phone get deleted forcing reinstall custom rom use previous sd card amazon replaced one but got replacement worked perfectly no issue past several month able hold apps data ease high read write speed lag work exactly hoped would work great,2
say memory card no problem issue product work described memory card,2
bought use portable radio accepts micro memory card piece music put took less gig used adapter camera well job job,2
trusted company but warranty product two month used micro sd card go pro camera approximately one filming hour third time inserted camera showed no sd card investigation card determined bad amazon not stand behind card rare situation amazon usually helpful product no good well could sandisc company behind short warranty pay much money product even last two month get no star but know cannot update amazon replace card sent back upgraded review three star danger lasted one month but replaced,1
still working fast almost mind fart think put much much course storage tiny little space come remember gigabyte hard disk soooo expensive even considering inflation card much much much faster first gb hard drive sad but cool wait ouch headache work expected,2
ultra high speed card half speed class card using mb read mb write little device rating perform could believe speed old card maybe brand new samsung galaxy tab uhs rated port but half speed class card uhs thing clearly penciled marketing monkey sold without testing quality control wish knew rate star completely worthless,0
got initially cellphone however moved raspberrypi flawless storage nice chip fast no issue date lot space,2
fast advertised no problem installing samsung galaxy would highly recommend product anyone galaxy fast,2
high definition video take extra memory great micro card save space little camera bag great vacation,2
needed memory first smartphone item met need reasonably priced easily installed according friend smartphones provide sufficient memory forseeable future recommended great galaxy iii,2
put note work no hassle phone recognized started using immediately else say good value,2
using card samsung camera work well capturing picture fast even continuous picture mode video capture also unsurpassed mb capability never disappointed sandisk card no exception good quality excellent microsd card camera,2
phone not recognize card followed suggestion formatted card fat exfatt reader pc also format selection window ntfs exfat no fat went site: tried another site got adware norton blocked find utility exfat fat conversion deleted added program beware site cnet trustworthy though formatted card fat put phone phone recognized card show xx gb h l formatted card phone bad idea formatting phone back phone not recognizing card back pc format fat every thing hunky dory galaxy iii metropcs version,2
not sure happened card but owned several stop working quickly sent message sandisk never heard back disappointing stopped working quickly,0
work great want versatile small lot memory use multiple camera sound recording device great product,2
return format certain format needed ntfs would not time purchase oct found work needed far working great work great,2
sandisk class microsdhc installed phone work great always sandisk life name great phone,2
great give lot extra storage space phone worked box perfect lot space phone,2
supposed performance good never seems slow phone great product far work great,2
work great samsung galaxy simple install redirect setting get memory warning anymore bought galaxy,2
bought memory card galaxy note phone saved lot money purchasing gb phone buying memory card came close filling yet but upgrade gb version card great product fast shipping great price great price fast shipping work great,2
purchased card wife phone love helped store ebooks song time go movie office doc etc new card card came formated installed rebooted phone work phone able see new extpned storage worked right away awesome card fast read write highly recommanded anyone looking expend degital storage chers awesome card,2
like product work well first showed but plugged camera using micro sdhc laptop seen card partition chose correct one use otherwise take many picture video great product,2
good memory card no actually great memory card use samsung galaxy note quite lot music picture card no lag delay going one song next picture display quickly glad got gb card even though lot medium card still space price card really nice also good buy good memory card no actually great card,2
else say sandisk product job everyone need solid trust get job done,2
arrived fast work digital device no issue tested speed yet but adequate data transfer work,2
bought samsung exhibit small internal memory could move google translate onto not work since almost apps wont transfer memory card but take ton photo video store music no problem far work well,2
fast quick suppose placed card gpro hero black edition work great,2
bought new underwater camera gb adata went camera sandisk went galaxy note family vacation took newly purchased camera gb adata long story short: lot photo video taken cancun gone photo video top mayan ruin pyramid snorkeling family photo corrupted gone first thought camera placed sandisk experimented sandisk flawless staying away lesser known brand staying sandisk going forward awesome,2
not much say memory card job well no problem card work well,2
used record continuously worked great read not try update card bigger gb camera always revert back smaller card connecting update work well gopro hero,2
bought sd card expand memory samsung tablet read galaxy note could expanded gb sd card would formated fat long story short inserted without problem formatting showed odd gb noyce gb extra galaxy note,2
great little sd five star,2
job not much say sandisk know pretty much standard consumer level flash based data storage work,2
price good deal lot space work perfect cell phone happy bought,2
bought one daughter one daughter law: inserted phone transferred itunes galaxy phone sandisk ultra gb microsdhc class uhs memory card adapter,2
use g no data corrupt loss issue encountered also class hold true speed claim would highly recommend working great,2
knew going purchase new samsung note phone purchased long actually needed pleased finally got new phone added memory pleased far holiday near plan take lot photo video new phone extra memory helpful great deal samsung note phone,2
not whole lot report card working great far no problem whatsoever using galaxy,2
use every smartphone never issue would recommend anyone need good expansion phone great,2
card used blackberry z keep document photo music working fine good buy no problem,2
bought card samsung galaxy note exactly wanted work great sandisk ultra gb microsdxc class uhs memory card adapter sdsdqu g affp,2
card worked flawlessly camera mounted offroad race car capture hd video without stutter highly recommend purpose good fast card,2
got increase storage m surface rt worked like charm never problem great price work,2
like device enough storage finally purchased gb version formatted card fun kind problem inserted samsun galaxy tablet complete never enough storage,2
lot review memory card addition worked perfectly moment put no formatting issue nothing worked also nice come sd adapter work well,2
work like really work like bought thinking would work work,1
decent size card performs well hero shot video p no issue not much say work bought use hero,2
put sprint galaxy mounted used still using storage ever need right,2
purchased motorola xoom work great also use cannon camera card lock give busy videoing hd happy work great motorola xoom,2
used mine download mp phone order not run streaming charge excellent purpose extra storage need fit galaxy perfectly easy install seems working seamlessly highly recommend great adding memory device,2
work great good size good good price giving star little slow write read but expected xc card speed mb believe expanded surface,2
great card supposed definitely buy need arises great card,2
work well exactly advertised issue product enjoying extra capacity offer samsung galaxy phone exactly advertised,2
wife nokia lumia work really well card seems stream data well phone never behaved oddly card work advertised,2
bought gopro hero performed perfect minute video equaled gb memory great gopro,2
item work great price ask amazon save money time win no reason take trip store,2
replaced gig android phone motorolla atrix work great no issue going strong month work expected,2
gopro get different card worked mine stopped turn gopro fried no fault gopro but sandisks error sandisk replace but get fried read common issue use gopro get samsung patriot something else safe side great but fried gopro,0
two use asus infinty tablet one sd adapter dock microusb adapter dock love,2
recently purchased new sandisk gb micro sd card happy read write speed lot videoing grandkids card exactly advertised never lag time missed frame card adapter use device satisfied,2
lot card choose one name brand class best get not four ten great choice,2
storage work phone but install storage sd adapter computer read data good storage decent price but adapter work,0
wanted micro sd card camera purchased fit bill reasonable price fit right work well good value money,2
perfect wanted get micro sd card amazon sandisk best best price buy but buy bigger,2
transfered picture music far galazy no problem recognizing card hear lot rumor memory card not working format first etc but one worked right box included adapter also good want use computer slide show since microsdhc not supported many small good,1
sandisk ultra gb microsdhc class mean fast card cannot beat price unless buy slower card great quality great name outstanding price cannot go wrong card costco sell two pack approx no shipping charge thru amazon arrived quickly happy card great quality,2
never used micro sd pleased normally buy sandisk but purchased dane daughter camera christmas lasted minute good replacement sandisk memory card favorite,2
usb slot iconia w docking station supposed expect job,2
purchased go external wireless connect drive made manufacturer format differently default simple process not experienced issue work lot space fast ask,2
come sd card converter good size camera memory reduces need change often good price,2
great card year phone later still ticking excellent read write speed well note note directory swap note could use gb phone memory gb phone external sd honestly stupid stopped letting apps put sdcard brought back android always short space due massive size game day card responded like phone built memory far speed go never saw performance drop kind able play demanding game like nova gta without lag skipping card survived phone first note took nasty plunge totaled phone card perfectly fine whoa thats good card,2
bought new galaxy tab work flawlessly nothing complain always use sandisk product never fail one gb almost every device home digital camera phone tablet excellent,2
got sale must say truly much space good price anytime see sale start snatchng baby especially like travel great storage,2
mb microsd card sd card adapter used samsung g cell phone without issue work descirbed,2
looking one happy found price great bestbuy wanted double price ill never buy bestbuy amazon love,2
always buy sandisk thinking micro memory memory fast hold lot use extra storage within hotspot excellent quality,2
installed tablet giving gift far good second one purchased installed first one tablet seems working fine also ordered add memory tablet,2
work well no problem good price name brand sd card buy good value,2
sweet spot microsdhc added nice bump memory nokia lumia arrived time used write comment advertized,2
going back meet spec tested h testw write speed mb read speed good mb although sandisk claim mb meanwhile class gb transcend sd card writes read also class gb sandisk microsd card writing reading speed also class kingston card beat class sandisk poor write speed,0
small micro memory card come full size adapter using action camera no issue transfer data quickly card pc no problem work great,2
using card new samsung phone work no problem largest size use memory card seems work fine,2
bought together sd found better pricing know using but come handy lowest price ever seen thanks great product likewise sd,2
update:i raised star rating customer service able get replacement pretty easily hopefully last longer original review:this item worked well lasted bought october tablet pc android smartphone not make many transfer card mostly reading file march suddenly card no longer recognized android phone no longer recognized device well lost many photo video card sure sandisk exchange new one but happening card less year old good lasted but good customer support,2
bought epic g touch great card great price store ton picture music still plenty room good sd card,2
gb micro storage fit ton song movie well game nice phone tablet also fact got pretty awesome thanks amazon gb storage complain,2
lot conflicting info whether card larger gb work phone phone spec say support gb put formatted got gb usable space exactly would expect using week worked perfectly good price work perfectly first generation motorola razr,2
use xperia tablet z note ii macbook nifty minidrive lumia word use custom rom android device use program format fat come exfat licensing restriction but work stock rom bought like,2
disappointed acer netbook could not read gb microsdhc using included adaptor but memory card function perfectly samsung galaxy ace plus android telephone moved large video file quickly no problem samsung phone fast,2
advertised microsdhc card work perfectly new smart phone allowing lot apps highly recommended try like sandisk rock,2
got camera use know need shoot jpeg raw keep no problem p well unless trying really feel limit microsd card really fast card,2
used no problem tablet galaxy note sansun day one work perfect cost relatively low compared store useful,2
inexpensive way get galaxy note ii gb gb memory plenty fast hold lot photo music etc great price,2
work great perfect g popped ready go beat price quality card perfect,2
best bargan market good size good price want work wont break seems good,2
gb work five star,2
sandisk ultras tend work reliably different camera phone not always true common but less expensive card simplifies ordering but cost bit reliable memory,2
sandisk uhs tf card good quality however not working fast class standard operating series kb file read mb write mb compared samsung uhs microsd samsung uhs card least process mb kb file per second either reading writing reading writing giant file sandisk card reach mb reading mb writing acceptable price but still bit lower samsung working properly but not fast class standard,1
ordered son phone extremely happy card arrived would absolutely order needed great,2
gb seems right size memory card need micro sd card fit several device downloads easily computer one must extra memory,2
bought stepdaughter galaxy phone didnt want spend extra money upgrade phone gb cheap work fine love size,2
mean know saddisk leader micro memory card manufacturing usually got unbeatable yes black friday weekend best price around,2
needed memory card phone samsung galaxy iii work fine no problem needed,2
description quite confusing say time class mean not expect write speed higher mb sec time say uhs mean mb sec write speed truth usually somewhere middle but close lower end dedicated high speed pci e cardreader use chip benchmarking card showed mb sec sequental write speed mb sec sequental read speed uhs true read operation meaning wanted card speed digital camera speed photography made wrong choice reference cardtranscend gb class microsdhc flash memory card t gusdhc sequental write speed mb sec sequental read speed mb sec see cheaper transcend average faster write speed shame sandisk low write speed,0
wonderful perfect new phone designed fit fine work well great,2
sandisk say quality fantastic help transfer file wary cloud say,2
sandisk highest quality micro sd one work basically android phone tablet made last year including samsung galaxy note note best quality value microsd,2
like see video tablet phone end needing guy fastest good recording must buy,2
seemed work advertised but first one failed abruptly one week smartphone failed see but amazon replaced no additional charge second one still working fine smartphone samsung g ok but first one failed one week,1
card month used sansa clip lg optimus one p h lg g e asus memo pad course whole lot reader pc work great lot device,2
good micro sd use samsung galazy work perfectly space music practice,2
film : hour picture mp no bad need work great,2
microsoft surface rt fit perfectly speeeds ive seen arounf mb wrting speed tipright click document folder click property move document folder microsd card dont save computer thats program ok people fast,2
first ultra micro sd card like color make easy see swap time asus tablet black one hard see busy desk speed great but not bought impressed price black friday great micro sd card,2
lot space hold lot music video picture good price happy customer no complaint work well samsung tablet sandisk ultra microsdhc class card,2
card work great garmin zumo gps unit mainly use hold vast number song work great fast enough nuvo no difficulty accessing memory note no slowdown performance gps come adaptor use regular sd card reader need one perfect hence five star rating rjb work great garmin zumo gps,2
card fast perfect samsung galaxy note used hdr photography work well great micro sdhc card,2
good fast reliable sdhc price beat using video photo no issue good reliable,2
recommended gopro camera no problem even high shutter speed next time purchase gb version recommended gopro sandisk best buy,2
installed cell phone month work flawlessly pleased product excelent device,2
using couple week galaxy note no problem gallery performance primary use extra storage great work great galaxy note,2
faster year old gb micro sd card gb version work great samsung phone even need format card came pre formatted fat think work great samsung,2
love memory card bigger better phone put kind music movie porn whatever memory card snap thank great,2
no problem using store medium re video kid android device work expected described perfect work ok,2
able put vampirella magazine along eerie creepy mad magazine plus movie like original nick fury new black panther one white guy awesome awesome sd card,2
nothing bad say product packaging indicated new never tampered came mail time no issue card overheating like review mentioned like fact gb space mean picture home movie phone share also music working great buy price really like recommend buying one another phone good microsd card,2
lot memory come adapter make easer connect computer device sandisk,2
good card job well going fill space much else say using expansion dell venue pro almost g open capacity tablet good sd card,2
installed one mine wife galaxy iiii phone happy camper learn use properly well satisfied,2
name trust good price figure use note sandisk,2
work perfectly samsung tablet work perfectly,2
memory card take pic card store complex concept ask someone help ummm yeah,1
going start spending little money needed start buying transcend one transcend thumb drive purchased g work great always sandisk g thumb drive always kind annoying problem finally quit working everything told reformat reset help fyi always ejected drive disconnected memory card sandisk bought also little headache time transcend work great faster copy g worth music spend little extra money need buy transcend getting fed sandisk,0
thing work great call new technology best micro storage convenient small fast hate typing bizillion word say like number one,2
used brand no complaint writing hd video quite often no issue working great,2
muy bueno realmente e rapido como dice mi galaxy arranca mucho ma rapido que con la msd que ten iacute anteriormente que era clase realmente rapido,2
purchased card memory storage asus tf tablet work like charm highly recommended nice sd card,2
find san disk always good choice storage option capacity performance always top notch sandisk,2
great card work galaxy phone put card worked great card work galaxy,2
item failed yet using samsung galaxy cell phone keep music picture seem easily accessible work great,2
no matter product sandisk always prime choice ordered many device recommend friend personally so: phone movie everything else go pro cam mp camera game cameraall no problem go wrong sandisk,2
hold trillion movie music file galaxy note therefore love good price work advertised would one desire fantastic,2
sooo quick great deal great product no problem unmounting samsung galaxy would definitely buy great,2
work fine galaxy no problem unbelievable much storage get small space low price work fine galaxy,2
prefer pro sandisk camera worked well smaller point shoot camera galaxy siii plenty room ultra not fast pro but plenty fast enough phone including photo take second write getting gb unit looking gb expensive good,2
card fast described no problem transferring data old gb card shipped quickly great card work perfectly,2
work great used sandisk many time always good product great price come nice case protect not used work great,2
gave girlfriend take pic save ono memo thing say transfer mb thinig really fast faster previous memo way sandisc,2
life billing fast data transfer speed love plug note pc drop stuff onto thing heart content access speed good no issue using gb note take,2
looking class microsd card order directly transfer file pc phone fastest way possible go cheaper class instead one speed not much different class microsd card far mb promise got mb much minute downhill tested window linux see difference luckily not lot difference price high quality class one but maybe look class way since focused getting class oh well warned expect magic card update : sandisk proactively answered review ask contact reason contact first usually receive slimy answer tech support hardly solution help indeed waste time sandisk comment contacted one live chat agent interchange suspicious confirmed indeed wasted time:daniel : hello thank contacting sandisk name daniel please give moment look question fer da: heyfer da: got answer sandisk: http: www amazon com review r ema xpn idzd ref cm cd notf message ie utf cdforum fxfnzei mh nd cdpage cdthread tx vkc upwni x mx fkeev wiile daniel : please tell written face memory card fer da: never thought contacting thought going waste time but nice contacted proactively youfer da: okfer da: thing one picturefer da: sandisk ultrafer da: microsdhc ifer da: gbdaniel : please allow moment fer da: need info card daniel : sandisk ultra card uhs card provides optimum performance used uhs enabled device card reader fer da: phone lolfer da: say class card bought promise better speed regular class using phonedaniel : would like inform get minimum read speed mbps uhs enable device card built uhs technology fer da: write speed fer da: getting like mb sfer da: far cry mb promiseddaniel : would like inform said card built uhs technology give optimum speed uhs enable device daniel : get minimum write speed mbps uhs enable device fer da: okfer da: waste time confirmeddaniel : would like inform use card uhs enable device give optimum speed promise daniel : anything else may assist removed one star sliminess contacting via amazon show sandisk care but not really offering real support contacted not much different class used go cheaper card,0
bought gb card use photo storage samsung galaxy note phone also recognized card instantly best deal gig able find music library case picture library fit phone card work great galaxy note,2
using gb card onsamsung galaxy note ii n unlocked gsm international version white coped gb podcasts music took several hour copy year old laptop copying inbuild samsung music player recognized playing smooth card look super fast no reading booting phone music indexed almost immediately play attached screenshot show gb available gb seems lot missing assuming used storing index information restore information excellent card,2
storage size fast read write speed great price almost half certain popular brick mortar store use samsung galaxy tab glad chose would def recommend anyone looking microsd storage everything want,2
work great good price come adapter reliable seems fast terrific mini sd card,2
used roku video streamer yes point roku not take advantage size but may future also price right work advertised,2
work well samsung no issue five star,2
ask biggest micro sd card awesome phone galaxy put ton music library card full length movie crazy space available love space spare not worry every running highly recommended buy asking dollar exact card awesome samsung galaxy,2
using tablet decided switch phone far good really fast good stuff,2
use small asus notepad get little extra storage space installs well work great sure orient right inserting without adapter protect small slot like one come asus thought going break since tiny look brittle but got ok good micro card,2
slow compared usb drive good small hold large file would recommend product cell phone use not used back usb memory drive nexus would use high speed usb drive nexus storage,2
started buying sd card adapter no reason limit large card need small one first concerned connection reliability small card inserted large one but single problem far one performed expected otherwise flexible standard large size sd card fully recommended fast flexible,2
bought two memory card use logitech alert e outdoor master security camera far found unreliable not entirely certain camera system memory card camera frequently report memory card error indicates card reformatted problematic camera recorded something important failure sd card would troublesome indeed frequent memory card error prompt reformatting used logitech alert e,0
well made replacement part use system read writes quickly camera side: not like size card tiny often difficult remove canon camera not reflection san disk card quality but industry move micro miniture card buy another camera using micro sd card good job but,2
last day diligently shopping microsdxc card utilize new smart phone long term positive experience using sandisk card quickly became confused difference called mobile ultra card ultra card performance spec intermediate tech experience eye virtually price also similar mobile version slightly higher finally resolve confusion contacted sandisk technical support surprise mobile version older no longer manufactured version ultra current model immediately bought current ultra version fortunately amazon sale resolving confusion mobile ultra ultra sandisk,2
no problem report work described scandisk make stable product temporary storing later transferring image video footage work go pro hero,2
cautiously optimistic but happy amazon sent replacement promptly ordered gb card came broken returned followed email asking immediate shipping arrived time trip cautiously optimistic four card purchased amazon one work far but got refunded rest far good,2
put micro sd card note ii phone seamless experience program card operate quickly flawlessly phone memory hold dozen program give expandibility need unless start collecting hd movie phone card seems designed specifically smartphones job well recommended seamless experience,2
great memory card good price recently upgraded memory card use cell phone plenty space hold music video photo download many song want take many photo highest quality want without worry memory phone filling used sandisk memory card many time always good experience still early tell card live standard but far memory card worked well class rating refers speed writes card noticed quicker previous micro sd card upgrade expansion smartphone memory highly recommend card great memory card,2
using surface pro microsd slot even reformatted ntfs claim not recommended order set virtual disk file automount virtual disk upon startup music library win kind picky letting set considers removable volume directory auto scanned library one workaround amazing something size pinky nail hold entire music collection nice high bitrate still much room left one star tiny bit slow write but might not fair since comparing full size sd reformat said work fine looking forward bigger size,2
love quality sandisk ultra class card valuable storage samsung galaxy tab sam sandisk ultra gb microsdhc c uhs memory card,2
brought gift family member hit party thank bunch gift,2
using galaxy worked box no problem whatsoever instantly detected ready go no problem run flawlessly g,2
surprised price quality work great not problem recommend anyone needed micro sd card happy micro sd,2
several memory card canon dsl work perfectly must serious photographer take thousand photo trip fast reliable great product extra capacity avoid great shot,2
got galaxy android phone san disk product high quality expect problem got one best,2
galaxy gb phone gb give enough room music gb,2
came withing day price good unfortunately good deal granddaughter decided phone ordering another one good buy,2
second card purchased exact model first one went bad month fair rooted galaxy cm loaded possible something experimental firmware messed card back stock rom due issue g lte not even rooted anymore hoping card remains solid time everyone else seems love hoping serf well long time far good hoping better,2
waited waited see lightning deal finally got cost found cheaper since say,2
actually fit hold data v others brand work consistently probably overkill term size us requires special usb reader function expected excellent data management no failure even used underwater camera,2
hard know say exactly memory card except good price storage case sturdy enough great price good product,2
stock memory card came motorola defy xt gb wanted memory work quite well good buy class card work well android motorola smart phone,2
went new asus tablet latest android system read used no issue great product tablet,2
not much say memory card job expected bought mainly store lot information job,2
gave away last card friend needed one reading review card purchased seems quick enough need plenty space never problem sandisk go company disk need work samsung note ii,2
bought phone apps using filling little space phone never changed card phone but surprisingly easy ton room photo apps stuff great price great product,2
use samsung galaxy tablet work great sd card load fast no issue work well,2
bought specifically gopro hd camera use dash cam especially driving traveling mexico lot room recording road trip adventure great gopro,2
popped phone worked expected five star,2
window tablet came gb storage space allocation allowed add extra space needed application medium let use tablet way wanted not limited available storage space c drive perfect addition tablet,2
several video device work great sandisk great product never one fail year great price great product,2
work great month galaxy purchased go samsung galaxy super excited need buck money gb phone well dumb not know sg not allow apps moved external sd card thouhgt researched everything but missed card work fin store umpteen thousand picture not figured might even able figure put movie onto but waste great sd card pro: top line cardcon: ssg new smartphones allow apps sd even micro sd card option phone g,2
got year old nabi put ton movie tv show thing keep entertained hour price hard beat great price nice performance,2
memory card work great new gopro hero black footage look incredible filming time allows get solid minute action bought gopro,2
say sandisk ultra gb microsdhc class uhs memory card speed mb adapter lol work still working well work great,2
got use go pro camera work great get no hassle packaging scissors open perfect,2
bought sandisk ultra gb card use samsung smart phone worked great month phone recognize card neither computer went unreadable one day disappointed reliability card contact sandisk lifetime warranty shall see stand behind product worked month,0
got card took package dropped samsung rebooted detected immediately no need format anything done speed test but noticed sluggishness would warrant either work samsung,2
wanted upgrade gb microsd card samsung galaxy memory sandisk ultra gb micro sd xc class memory card work perfectly recognizes gb available blank mp mp wmvs pyvs etc play demand without delay problem amazon shipped trouble free packaging ahead time using free shipping option usps pleased highly recommend memory card great ext memory card samsung galaxy us certain,2
problem using hero yet come little plastic thing connect sd port use gopro,2
yep put gopro fast enough small hand but probably last year touch thing everything wireless meaning wifi transfer future change type thing small fast reliable,2
worked expected blackberry z hp laptop plenty fast writes around mb sec but read far pc get accurate number speed gave four star write speed fall touch short class rating honestly not enough issue but people need speed camera might slightly disappointed however capacity price make mind also make great store content blackberry slightly short speed but really close great overall card,2
use galaxy card crashed time lost photo music thankfully backed but worst part card completely stopped working one point contact sandisk replacement hassle card crashed time,1
work advertised better using newer product noticed increase speed note note compared previous version sandisk micro sd great product,2
got add room samsung galaxy work great not complaint work phone,2
use card smartphone work great fast roomy got gb version enough store music video need immediately recognized samsung smartphone put month ago no reason take ever since great memory card,2
class fast memory read fast card faster but far expensive not worth expense opinion everything perfectly compact package sandisk brand name trusted worth extra buck since used sandisk since made mb cf card far come love especially price,2
wait flash medium sale purchase sd card various size got gb size gopro work great see no issue speed price gb great best completely reliable no complaint whatsoever fast reliable decently priced,2
micro card seamless simple use phone not problem card gb card work well,2
item came time nice work well want word dont good stuff,2
work samsung galaxy note ii sandisk product trust cheapest price could find thanks microsd gb,2
love card unfortunately note not allow app install sd therefore not able fully test card microsd,2
already bought one last may but beat new price original sandisk product never failed careful buy gotten,2
install new moto e work great save lot photo slow excelent microsd card,2
bought phone constantly transfer pic computer work great far ton storage,2
didnt know came adapter card make normal micro card super handy fit tablet perfectly read fine work,2
thought sure winner average rating thousand review but notice bad review involve card becoming unreliable couple week use typically people write review shortly receiving product card worked fine week started problem formatted card inserted phone removed battery every trick could read but card still remained unreliable phone thinking removed random time stuck olders slower gb microsd card worked fine suspect one happening card: card defective but take usage start failing user notice b reason brand card like certain device like samsung galaxy guess got lemon but not chancing getting another one move another reputable brand get pay may applicable but lot others success card ymmv unreliable samsung galaxy,0
read review settled card use cell phone far good no problem whatsoever ton space store mp photo video great read access speed due hc class excellent price got shortly black friday sale perfect samsung galaxy,2
actually came sd adapter making great buy lot memory microsd sd cheap go wrong great memory,2
work sd card want kind essay explaining depth flash memory no probably heard sandisk know probably reliable reason looking review sigh looking review microsd card seriously take break get computer go walk real know right work,2
brought wife samsung galaxy phone work perfectly fast read write speed perfect,2
two phone later still never problem dont think buy im waiting gb chip haha since galaxy,2
sandisk ultra gb microsdxc class uhs memory card mb super fast awesome memory card samsung galaxy note sandisk ultra gb microsdxc class uhs memory card mb,2
already formatted ready go plug start recording nothing say storage device want work no hassle work advertised,2
no issue formatted card reviewed amazon put device running great good card,2
like micro sd card formated tablet wont read though dont know whats wrong expandable memory tricky,2
used droid razr maxx hd kept unmounting became unresponsive data lost recognized phone laptop dead water failed right around month use,0
micro sd fast use samsung galaxy note ii problem regarding low speed great memory low price,2
using mass storage lenovo thinkpad tablet not done actual benchmark but notice difference board flash memory document folder redirected card also installed several program seem operate acceptably good mass storage,2
work great needed phone hold gb growing music collection connect web get music woohoo awesome price took little long get but finally admit chose free ship but ten day still quite bit tiny thing everything gal could want phone memory,2
got new galaxy work like charm super fast speed transfer much recommend not much else say really except store securely d: want lose tiny thing come sd adapter but no case like sandisk extreme gb sdhc class uhs card got hence four star work great,2
think got month started fail still working intermittently but phone suddenly stop able read no apparent reason designed durability foot might survive salt water but survive phone frankly get whole lot use first sandisk product ever fail may still warranty but care replace going go another brand great lasted,0
review sandisk ultra gb microsdhc class uhs memory card adapter sdsdqu g affp purchased amazon frustrating word card reported two different android phone damaged but window computer recognized no issue card nothing reformatted phone recognized but soon data music picture added phone reported card damaged card returned amazon day sheer frustration read another review suggested class card not ideal smart phone already using sandisk class gb card another phone never issue purchased class sandisk gb smooth butter phone recognized card right away added data music picture seamlessly quickly second card purchased sandisk microsdhc gb flash memory card black sdsdqm g b retail packaging summary card may work fine device but based sheer number reviewer amazon elsewhere internet similar issue smartphones cannot recommend card smartphone class not recommended smart phone,0
needed tablet work great buy two next time thank sd card,2
nothing really say except love much storage not worry running great,2
finally enough room everything formatted gb sandisk micro sd card using easeus partition master home edition used fat format mobile prism phone read card giving gb free samsung galaxy tablet read way happy device read card format fat enough room hold entire cd collection cd entire book collection book entire collection sermon lost count still gb left happy bottom line folk cheap android phone read everything else need cloud drive streaming take thank god sandisk hoping someone come gb soon hahaha sandisk gb rock,2
price economical size purchased go pro hd cam work great adn adapter allows instantly transfer movie pic computer work awesome,2
purchased gopro hero work fine not complaint would recommend item sandisk ultra gb microsdxc class uhs memory card mb,2
excited buy card gb samsung galaxy note product arrived promptly able format ex fat use right away smart phone however exactly day later removed card turning phone inserted desktop got error saying card corrupted unreadable needed format since already got lot data including lot video image new born twin formatting not viable option tried get card working pc desktop mac air laptop samsung galaxy note but no avail finally decided format kept getting error computer unable format card finally tried full format via pc got error right away quick format worked card back working note but wont trust anymore not lost many irreplaceable image video professional photographer use memory card time worst lot unreliable card lost data within day use,0
store thousand picture worked perfectly lumix camera using sd adaptor recommend anyone want gb micro sd card trick lumix camera,2
love micro sd card glad bought use samsung galaxy tab never gotten error far failure work great,2
gb micro sd card amazing sandisk perfected technology no complains whatsoever work great clicking photo video ever since put come adapter plug computer download content easilyits fast even almost full unlike card used start get slow disk space run not one fast period review said get hot operation but honestly not notice anything not even getting warm also note sdxc card different sdhc please check device compatible buying fast lot capacity,2
got phone work great far transferred music picture super fast computer card needed memory perfect good card,2
purchased gopro hero use gopro record car footage track memory card fit whole weekend event four hour footage p great price,2
one best bought phone work awesome song sd amazing speed,2
would like give but adapter bad adapter data transfer rate slow gave less rating nice one,2
used sony camcorder year work well cope high data volume camcorder video work well,2
love sandisk used quite product including mp player couple usb key even micro sd card class never problem installing card however seen unmounting randomly detected automatically mounted galaxy device happens several time day including middle watching movie phone first week card unacceptable normally would asked replacement but research online found seems recurrent problem many phone model seem dud but production issue returned card going go another brand instead disappointed possible production problem,0
got sale samsung galaxy note ii work great also came adapter believe let use wii d work great galaxy note ii,2
not much say memory card work popped puppy phone instantly recognized functioning perfectly good price work,2
item week seems working fine put kind stress anything stuck phone let thing far good far good,2
hubby complete happy th go pro tested yet but soon thank,2
worked great six month last week started device connectivity issue phone keep saying ad card removed resetting phone let memory card work maybe minute frustrating gig medium would appreciate scan disk resolving issue product month problem,0
failed one year using samsung galaxy contacted sandisk potential replacement format anythin wiith one using,0
used samsung galaxy tab like others saying formatted fat put apps sd card app called link sd partition sd card order able use whether get card smaller one need one period tab much without wifi connection internal memory want download lot apps used samsung galaxy tab,2
number microsd manufacturer offer large capacity card like claim class but tested prove closer class card performance sandisk card performs class level use card various device need class speed android phone data transfer work game keep device not need class using simple storage basic file like doc ebooks could probably save money going class price close might well spend extra money get class card came nice plastic storage case sd adapter reason gave star feel price lot lower inventory plentiful not cutting edge tech true class performance,2
gripe wish bit cheaper but never need something like sale work well htc one,2
needed extra memory galaxy tab filled bill right price wish could load apps directly external memory card since tab limited gb operating system apps etc card worth cost work great galaxy tab,2
purchased capture video gopro hero far performed splendidly hd video take ton space but card still hold quite bit downloading pretty quick easy thanks class speed beat price gb,2
super fast work great samsung make config change but not card problem : work,2
card run great note ii but took work get exfat working stock rom rooted custom kernel vouch unrooted bone stock device however use custom kernel want benefit exfat find exfat compatible kernel realize thought card working but installing compatible kernel everything run great working note ii caveat,2
work nikon camera also hp laptop but reason friend laptop dell would refuse recognize acknowledge existence not sure card adapter computer port card work fine anything think work w nikon camera,2
work much better gb version least gopro hero shooting higher frame rate sometimes camera stop recording high frame rate recording xfat better gb,2
gb hold plenty music movie apps file cent gig great deal best deal micro sd,2
no problem note slid wanted original gb card even tell anything changed mean good way stuck never looked back,2
ordered couple gb class microsdhc uhs card done well high transfer speed nice adapter no problem far work android phone tablet easily window mac machine far test great little card,2
used memory card couple different device case performed quite well excellent mix needing something reliable always work needing something cost arm leg far many cheap no name card stop working one never done might mix performance value,2
purchased cell phone no problem complaint second purchase far good several sandisk product yet complain nice price work fine,2
not test but work great galaxy note far nothing wrong report recommended excellent deal pricing work,2
sandisk told needed send format not recognize item not good sandisk,0
read review product iffy mislabeled but one got advertised samsung note ii recognized gig read write speed incredible help isyncr rocket player permanently replaced ipod classic happier class,2
accdientally dropped garbage got tiny drop water but still worked perfectly sandisk card always faster read speed sony card competitor card muuuch cheaper competitor well therefore no choice but give star serious recommendation durable sandisk faster sony card,2
work well phone give decent amount storage good price recommend good deal,2
returned order laptop could full operation notebook sure good quality purchased san disk numerous time memory card,0
fortunately got lightning deal expensive purchased october but start using samsung galaxy january fine chose die today little four month started using checked phone morning told sd card unmounted not think much but rebooted phone still unable find card began concerned got home work put different card worked fine tried check card computer seen problem definitely card unfortunately lost picture taken since getting phone know probably backed but really expect card fail quickly perhaps read one start post buying would oh well back gb amazon class card get different one not even going bother warranty claim need another card fail four month avoid complete junk,0
good write performance sped time load picture well good buy lot manufacturer memory card but feel confident sandisk fast,2
not much say sd card either work one appears well built required no formatting hassle took galaxy siii well original better original samsung card fried month no problem great performance great price,2
bought gb unit new samsung galaxy iv wanted maximum size music copious number picture take kid thing like read write speed card like size but would happier bigger card but max phone always happy sandisk not sorry paid little edit: not put never let title month problem sd card slot galaxy not sure phone sd card moving slot mobile sent new phone shall see edit : month problem card received new phone mobile problem continues occur formatted card twice give little time problem reoccurs spoken sandisk call card replaced let know go put sandisk product never let,2
cannot rate performance using file android keep modest requirement device inserted chip worked expected no formatting no issue couple month use meet need,2
really hard write alot memory card one great work promised capacity purchased file music window phone large small,2
used product dell venue pro couple month use stopped letting add new file delete old one tried reformatting wiping disk but nothing worked since vast majority review appear positive assume got bad one mine conked couple month,0
going vacation wanted take bunch digital medium long plane flight chilling downtime chip took everything needed worked without issue glad see gb chip market looking forward gb one worked perfectly surface rt,2
never defective sandisk sd card no exception well built quality control wonderful especially sold speed class would highly recommend type medium book movie music etc always perfect,2
product excellent far fit smartphone tablet also excellent recording hd also performing hd monitor far sandisk card regular micro performed well excellent need use three size gig archos mp player gig smartphone tablet no name tablet micro hdmi port work well excellent,2
need memory card one work advertised fast reliable never problem brand work would expect,2
work put gb chip smaller thumbnail adapter also work allows insert micro card computer not like great storage,2
fast class used file structure allows g free put data see loss but displeased losing g space big waste percentage,1
got super cheap work great phone could figure put music phone : perfect,2
use different device no issue card still working great working great,2
nice see name brand thing cheaper store bought either phone tablet never need worry running space downside big finger thing small hard manipulate go proper way space price good,2
say always work one time expensive brand look deal no longer true sandisk,2
wanted good quality micro sd video recording nephew wedding enough storage couple hour mixed p p recording plenty room spare video looked good quality video cam great bargain,2
fast card reliable performance got card galaxy no compatibility issue would buy heart beat no complaint,2
great price ultra rf high speed good stability perfect camera hope g also drop price ultra,2
say but price need come alot star bcuz cost much gonna,1
would thought one day memory card would small easy lose bought microsd card run openbsd beagle bone black: gb almost invisible,2
title pretty much cover bought gopro free day delivery membership price no brainer say work value money timely delivary,1
work well sd card guess but not gb gb not like really big deal but found strange gb,1
work exactly would expect sandisk always make great product high quality highly recommended awesome,2
im using card galaxy note but slow phone constantly unable read card not something hoping,0
card work galaxy note install simple minor drawback unaware using card storage phone notice initial lag first accessing card transferring existing item onto card storage not simple not item moved card storage work fine,2
exactly advertised work well well known brand paid fair price five star,2
say nice big cheap effective micro sd card use galaxy note extra storage work fine easy fast,2
card great ive noticed slight improvement every aspect phone much space pleased came time brand new easy open thanks amazon mention tiny booklet thing temperature resistant thats big plus since overuse smartphones tend heat em pretty good texas heat make em hotter last sd seems fried well good buy need another definitly buy maybe black gold one available gb but super fast gb,2
no problem work great great product,2
great price chip fastest speed market fast service good job gb great amount storage price even better gb great camera phone tablet etc fastest speed market gb great price value job well anything would buy,2
great storage run fast give plenty room probably overkill phone but overkill wonderful,2
memory card arrived time greatly appreciative frustration free packaging people would stop stealing stuff shelf deal frustration free packing would trued samsung smartphone worked without hitch satisfied product,2
good sd card work fine adapter satisfied purchase product fill quickly though hd video sandisk ultra gb microsdhc memory card adapter,2
card solved problem three dash cam would not operate properly problem cheap wrong type sd card use card work card need dash camera,2
wanted work but discovered transit razor maxx hd supported gb micro card ordered totally happy tempted gb give whirl returned,2
super fast write speed make using link sd app work well moving music medium card cable reader also much faster im not completely sure but think take photo faster well zing,2
used sd psp adapter work fine game stored memory ran perfectly without lag great psp,2
top line data storage expansion perfect adding storage phone tablet always sandisk reliable reliable,2
one afraid buying use tablet: good news tiny piece memory work fine samsung galaxy note n nothing plug no problem run smooth far good fast memory,2
bought micro sdhc card nook hd device going install n worked perfectly memory,2
far got issue using record video gopro work fine also considering buying another one cellphone : working fine,2
no problem far using included sd adapter micro camera no problem shooting p hd video far good fast micro camera,2
reliable no comment well know brand use dash cam problem dash cam cheap chinese reliable,2
no much say: worth every penny choose amount space want done fast reliable,2
camera video recorder use cool nice funtions nice description,2
bought galaxy note ii worked good no problem formatting mounting copied lost music far no issue excellent card,2
job without issue use microsoft surface pro tablet fast reliable would recommend work advertise,2
first bought multiple problem not recognized one far no problem rd gb micro sd bought,2
no problem far not much say really got canon power shot work came perfectly packaged easy use work great writes fast,2
item work intended well made function properly good level comfort fairly cheaply priced wont need replace time soon good product,2
got card samsung galaxy installed work without issue store ton photo video fast playback viewing work great samsung galaxy,2
bought expand storage window tablet far good minor point microsd slot ta bit shallow card protrudes slightly keep mind buying card tablet nice upgrade asus transformer book ta,2
work great mobile device always work large enough store lot song movie long flight mini hard drive,2
say memory card worked phone old one caused manner problem job supposed job,2
bought new galaxy work great class way go especially slower card not much cheaper work great galaxy,2
realize small nice speed great use cross device included adapter lot storage space transferring file film really small,2
card awesome take picture camera phone almost instantly ready take another picture transfer laptop phone quick well almost match usb speed also really like color card make micro sd card look unique although verizon may get confused lte card micro sd card great sd card,2
fast easy use work g comparable device want buy gb one awesome,2
card couple month amazing use phone put stuff rather use space phone extremely responsive extremely fast well sandisk class microsd card fly past easily usually would try playing music would take couple second start but using start instantaneous stored music phone dont know else might use card but looking microsd phone look no microsd card ever,2
unless really stringent form factor negligible speed always get adapter phone not transfer data quickly adapter life saver always pc dumping large file speed actually big improvement gb card good card phone,1
found chip work well even condition ideal bought gb galaxy tried chip but phone flaw gb microsoft chip worked month would randomly eject card anything work well,2
long term positive experience using sandisk card pleased way card work samsung galaxy note no problem whatsoever capacity huge quickly became confused difference called mobile ultra card ultra card performance spec intermediate tech experience eye virtually price also similar mobile version slightly higher finally resolve confusion contacted sandisk technical support surprise mobile version older no longer manufactured version ultra current model immediately bought current ultra version fortunately amazon sale speedy spacious great value work great samsung galaxy note,2
capable microsdhc fair price popped cell phone samsung galaxy got mounted without hassle need type formatting read write speed quite fast using transferring data pc shipping fast tracking easy product highly recommend great product great price,2
thing definitely improved performance standard card transferring music video picture seem much seemless prior card gb standard microsd card felt like forever transferring data back fourth phone recommend anyone uploads lot music video onto mobile device transfer rate make slightly higher cost increased upload download speed,2
sandisk processing rma used galaxy note week since mailed fortunately paid shipping but working awesome gigabyte class accessible data hand finger tip literally micro sd sized wow technology improved may gotten lemon,2
sd card one fast read write speed pretty equal one approaching mbit per second read write installed linux drive cubieboard yeah read write speed would definitely ultimate determiner system performance credit card sized computer sandisk make nice stuff sd card one fast care,2
no formatting needed plug work best buy sell card price matching wait shipped work instantly galaxy note,2
installed immediately recognized phone performed format phone see would but give storage capacity card card overhead still add nearly gb storage capacity bloated tested moving existing application picture music file back forth phone card absolutely no problem not going put lot music picture application phone probably fine no additional storage however going add storage capacity phone not maximize gb card using samsung galaxy,2
got sdsdqu g affp december died may could not write change data no matter device used even format full quick using disk manager easeus partition master home edition connected device adaptor usb adaptor disconnected reconnected no change dropbox saved data luckily syncing using dropsync pro using samsung galaxy note whole time never removed died month,0
perfect card many us hold lot no skip blip nice quality affordable price never problem sandisk one no different galaxy camera unstoppable,2
bought wanted upload music disk computer listening not support music file no need tried hooking flash card came tried putting phone hooking phone computer tried mp player nothing even get window medium recognize flashcard looking storage portable music buy not music,0
essentially gb but seems quite bit yet use even quarter take picture every week problem transferred video computer but forgot format prepare tablet removal sc card definitely surprising small careful not lose call memory,2
work wonderfully sd nine month still working great trouble getting recognized first formatting phone generic window format menu not resolve issue downloaded easeus partition master formatted working like charm ever since write speed: mb default cache speed read speed: mb default cache speed awesome little thing,2
purchased samsung primarily use reading device place number pdf book chose work like charm great little device,2
figured yet dummy defective card know card bad since even get card stay samsung galaxy little card go larger one but stay put pressure samsung say preparing sd card but soon release pressure samsung say card removed card came source outside amazon took way long get arrived white envelope no instruction upset purchase never problem either sandisk amazon try find someone experience give try return would expected come package sandisk like sandisk product bought big box store amazon but not upset,0
use gopro hero date issue two record hour video there day worth filming used gopro,2
but since say certainty whether phone card say middle road product work though man blazing fast read speed epic thing get along,1
got amazon sandisk sale work like charm gb addon galaxy need say use galaxy,2
bought memory card work mybarnes noble nook color ebook reader wifi added much need memory boost already great product able transfer many pdf epub file nook good job whoever made thing great ext storage ebook reader,2
sd slot laptop recognized card immediately put droid razr maxx recognized proper amount but phone required reformat since install phone instability but enough time troubleshoot determine whether not due card motorola say phone handle gig card user reported gig work fine user reported problem gig card phone instability storage card seems working fine lot storage droid razr maxx,2
good item came well packaged working fine far thing not connected using adapter connecting pc satisfied,2
got formatted phone seems working perfectly able transfer open file good speed no problem good product nice product,2
bought one use put samsung galaxy popped card mounted formatted setting work like charm phone however cap pay attention took phone put microsd sd adapter plugged sd card slot front pc win x asked format card already formatted phone confused hit ok no biggie empty anyways window thing ready use said card mb showed gb phone troubleshooting section mind kicked removed card happen microsd slot computer frontal bay even show connected window explorer took put another microsd card voila read switched nothing decided pull paragon hard disk utility showed thing window regardless tried formatting gave put back phone mounted said neded formatted formatted phone showed like first time gb proceeded install samsung ky got phone hooked pc via usb cable opened phone window explorer right show phone memory gb sd card gb not quite sure going sd slot pc read card fine but anyway guess plan using phone possibly device exclusively use like charm phone otherwise seems pretty useless guess depends using side not careful open plastic package contains micro sd sd adapter sure open large clear area opened living room black tile floor get flashlight find jumped holder set little plastic holder even slightest shake send flying opening giving but getting phone galaxy least work fine mine careful,2
little sd card pretty amazing really fast no issue installing even came adapter use regular sd card micro sd,2
say gb microsd card mb transfer speed inserted laptop work great really go wrong price either gb fast,2
bought specifically cowon j come gb internal memory adding gb got almost gb x original capacity player card formattable fat thus allowing use older sdhc device know not many buyer even consider ability but figured throw might interested card fast post benchmark but google ton available already also mb speed make bad camera sd card absolutely needed one someday stick sd adapter rolling tested canon worked flawlessly however not fast mb card great addition player,2
took almost gig formatting purpose but satisfied till need take gigsno issue report awesome,2
go wrong right work fit else great price love adapter micro sd card,2
purchased item store movie use son nabi work perfectly great price work great,2
love sandisk loved price five star,2
feel little cheated state best android phone yet failed never even removed memory card last year upon year look another one disappointed phone moved smoother but not sure worth failed month,1
work great samsung galaxy well worth money price affordable great sd card great card good price,2
inexpensive way expand gb tablet bought wife sister want big storage pretty easy tablet detect inexpensive way expand samsung tab gb,2
fast micro sd card use mobile gopro camera sandisk best ever recommended use gopro hero,2
last heard memory card work great gave christmas gift person gave say work great work great,2
use gb microsoft surface rt job advertised star used extend storage capacity tablet gb storing document picture etc many article internet show job advertised,2
chip hold way would normally need but going three week trip potentially taking million fotos need large capacity card fast writes read fotos took largest fotos mb range but mb least shot absolute crap but great thing digifotos film cheap bought mine still good price think ability capture many fotos video data wish sandisk ultra gb microsdxc class huge capacity reliable fast sd card,2
first generation microsoft surface pro good machine but really finding challenging working within constraint gb storage space gb class sdxc card worked well but not going fit vmware virtual machine wanted run sd storage virtual machine increase size regular use operating system running recommended least gb max storage operate properly combined file needed store gb memory chip no longer sufficient sandisk ultra gb microsdxc class memory card able handle ease however found virtual machine ran noticeably faster gb chip one actually ordered second see might received flawed chip replacement chip offer improvement revise review provides main selling point storage relatively low cost far run reliably tablet computer storage space significant issue device memory make use gb sdxc would recommend product extended useful life m surface pro,2
card great price exactly ordered work great samsung plenty memory exactly ordered,2
card work well purchased gb use phone store lot pix tune ah but phone not recognize use half memory work but read carefully,2
great price especially size speed maxed note smartphone pleased speed delivery cost happy,2
gb pretty good size cell phone awesome however getting formatted fat not easiest method default window not allow anything larger gb formatted fat even execute do command format fat fail fix though ridgecrop consultant ltd program downloaded would suggest support free application sending guy buck truly written great program work well window used program fat format successfully format gb microsdxc disk copied content old gb disk one inserted disk phone whalla work great pleased purchase price go wrong,2
happy card give gb galaxy note ii extra gb storage fast gread card worked box galaxy note ii,2
good card price lot room music play sansa mp without difficulty trouble work great,2
use hold gig music galaxy still room several season tv show definitely great product thing complain one second gap song least using google music suppose price pay large storage excellent,2
well sandisk never issue one one no exception good product good price no surprise,2
work expected fast writer bad reader bought disk work well disk work great fast,2
using device couple week far no issue writing speed slow might problem laptop not card far good using device,2
class speed excellent amazing file initially transfer mb settling need use reader proper sdxc support manually format card good partitioning program like minitools easeus alone disqualify star lack user friendliness but fast roomy card wonder get proper sdxc reader gb,2
believe fast class gb card imation nothing like speed get thing speedy,2
using several month helmet cam several time week no problem far work,2
bought phone work without flaw great,2
microsoft surface phone take use elago drive nikon dslr must,2
nov bought card jan card failed cannot formatted used way lasted month time not even using failed outside warranty,0
gb sdxc ish amazing price great product popped galaxy no problem far outstanding,2
fast read write work great right box would buy need another one work flawlessly right box,2
rock galaxy android got loaded movie picture slow time taxi fast hell,2
installed blackberry z camera phone set store directly little card really great feeling take photo day long not worry filling card really recommend phone allows external memory expansion sorry iphone user many photo hold,2
note: please read last update scroll bottom leaving review star appears help others purchased similar experience give sandisk star customer service star product manufactured past newly manufactured product contain software rom fix give product star purchased card due great review used galaxy g smartphone storage solution problem not one solve without returning card sandisk replacement warranty believe tried everything google search returned solution formatting exfat formatting g copying data card phone etc nothing worked please stop pulling hair hopefully get result hope get soon rma send back tomorrow free replacement warranty problem confirmed sandisk customer support rep asked specifically asked : used g card unmount inadvertently may true card manufactured rom patch described implemented manufacturing cause data become corrupt luckily not experience frustrating u saving mp camera picture card mp movie stop middle movie unmounts view picture gallery worse right take picture issue experienced sandisk know issue sandisk know issue replace card call info take care warranty good name reason want keep sorry sandisk star but thought way get message searching solution customer rep told sandisk tried work samsung resolve issue but samsung refused acknowledge problem exists card phone especially flagship g phone customer rep told knowledge card work fine regular camera not samsung g phone camera obviously even worked fine phone htc etc could accommodate gb card hence star rating others solution sandisk came write patch rom card specifically address issue samsung g phone maybe samsung phone like g assured new card would get would work flawlessly see week purchased card amazon june one currently manufactured one get new patch however sandisk manufacture batch like industry old batch unpatched card obviously exist warehouse asked software patch could download told not possible hence hard coded patch card romso take care problem speaking sandisk u customer support link info learned go sandisk site call consumer product support u no sandisk tell card unmounting g assume also problem experienced g owner confirm information approve return min approval window mine basically instantaneously send email ups return label instruction btw also asked magnifying glass id serial no card but read number super small printed plastic believe take look told rep read said no problem would process without serial no assume send new replacement card receive card send make sense well problem hopefully solved let see week rep super nice seemed like familiar problem kudos sandisk taking care however would nice type communication notice issue besides google info source forum etc spent hour maybe couple day total hour worth thinking issue phone data transfer oh well go really hope review help problem good luck btw give card star problem solved patched rom newer card data transfer speed awesome card tested transferring data via card reader hooked computer data transfer remaining mounted g issue never existed pre patch rom course update: went well return sandisk storage card ups shipping took day sent sandisk verified warranty claim day later hour later day replacement card shipped waiting new card but expect test soon early next week update post testing new card reference using gb micro sd hc sandisk card g since shipped gb card obviously different card not micro sd xc kind bit slower access speed card absolutely zero problem well count basically filled hence gb option great g prof point problem early build micro sd xc gb card happy see review helped others good luck warranty claim experience sandisk customer support excellent far update: received new replacement sandisk storage card day ago shipping back agreed defective short time window running galaxy day without jump stutter card unloading middle picture video taking card seems work flawlessly sandisk rep mentioned would one would think short time test day use but not fixed already would dismounted first minute often fast occurring would seem problem solved new sd card make phone even responsive moving picture gallery performing task like copying file card thanks sandisk unless update review next week know problem fixed good luck similar problem know get fixed thanks sandisks great responsive customer service update: last update review close loop new replacement card sandisk running flawlessly week not experienced initial problem sandisk really fix issue new batch card update: card running g flawlessly since replacing around aug st pretty good track record far month appears fixed newly manufactured replacement card left comment change rating upwards issue fixed see addition beginning review searching solution problem purchased product people start star review see others experienced especially true product lot review beginning product therefore think leaving star adding comment beginning clarify review thanks review commenter da shocker input think sum well come value file stored medium like this: one thing not happy one star rating person go ahead buy one take ton pic vids save music card crash come back give five star card cost picture vacation family event priceless star review micro sdxc card unmounts galaxy solution found rma card faulty card instruction review,0
got micro data card digital camera shoot hd came class card but video clip blocky class tested camera improvement advice youtuber techmoan guy best tech review web ordered class card solved blocky issue great value money hard beat,2
arrived earlier expected using month easy installation lg optimus g pro something gig deal storage android phone,2
everything work great note even super slow motion video never dropped frame use note notice no lag accessing,2
purchased cheap android tablet figured try cheap tablet first decided wanted go android tablet get something good later but either way memory card used one item another wanted get good one like sandisk product purchased card top notch come opinion necessary sd card adapter class speed really make difference card filled music movie apps great card price fast,2
bought sony action cam p fps get hr recording awesome card fast enough cam price great come regular sd card adapter worry buying one addition packaging difficult get though great capacity sony action cam,2
card year careful broke popped sd card slot phone but reliable card broken work well but break easily,1
since samsung could not take gb card bought one like expected work great no problem far worked well samsung,2
never problem sd card prior always good track record sandisk product card working great first used exclusively samsung galaxy enjoyed extra space got gb card transfer pretty quick started see month ago phone would randomly give sd card unexpectedly removed error maybe week last week also started seeing frequently sd card safe remove randomly pop least day well unexpected removal error every day today card stopped reading together card first inserted w phone bought although never formatted worked properly also never removed card phone order possibly corrupt improper removal card seems died accord never thought check temperature transferring large file not sure issue another reviewer contacted sandisk waiting reply replace card work well revise review update: got replacement card week half sandisk supplied shipping label always plus replacement month still going strong also used adapter gopro card working well hopefully continues updated star since single problem card first one started showing issue fairly soon installing maybe bad batch card spell st died month nd going strong,2
decent price gb work no problem not sure speed actually matter mobile device maybe transferring medium pc faster actually help either way work great work expected,2
second time buy product give gift friend packaging nice received good condition love,2
gb card purchased actually contains gb flash memory kind hack cause appear gb drive various drive reader course took figure since got around copying gb data card but testing nonetheless discovered case card bought amazon frustration free packaging know card purchased way less likely counterfeit retail packaged version but suspect stick manufacturer packaging got rock,0
purchased card attempted use gopro herohd samsung galaxy asus tf end corrupting blue no warning perform deep recovery get file never buy ultra model seems junk,0
send back sandisk replace no cost nice but still lost bunch data would pretty bummed used phone store music one day turned phone said read card tried putting computer reformat even recognized drive failed month,1
use sandisk product long time never failed amazing speed writing reading also long life durability fast write read,2
not much say bought use smartphone work expected allowed free internal memory work expected,2
need get shot never enough memory card really glad able get one oh ya,2
sandisk packaging make much mention android phone tablet nothing android specific microsdhc card bought gb version use automotive dashcam work perfectly packaging also say android app included suggesting preinstalled card but fine print back say download unlike another sandisk flash product got recently no bloatware preinstalled card like card also said resistant temperature extreme important behind car windshield get hot time fast card claim class,2
used gopro camera work great work great,2
disappointed sandisk bought galaxy phone worked great first month suddenly noticed picture missing kept giving error sd card unexpectedly stopped working tried popping card popping back say unrecognizable file asks format mp bought stored microsd card pinch see would fix issue formatted disc lost everything still giving issue read similar issue customer regretting purchase save money headache buy something else worked month long enough make past day amazon return policy,0
use microsd card android tablet time store lot movie book work great highly recommend nice micro sd card,2
go two deal day could not test usb performance since dont usb port great card great price,2
used primarily portable hard drive content back file transfer working well application attached small key chain usb adapter really like compact nature microsd card far good,2
world electronic device finally standardizing sd thank sony finally adopting standard seems thing work either microsd regular sd card little package handy get one neat little package gb plenty space store program file etc device class rating ability move data card current maximum speed must anyone want sit vital second waiting data write card sandisk proven year making quality product sure may occasionally find dud inventory but quick fix replace matter buying cheaper card land read write error least afford person loses important family photo document due today cheap defective card purchased particular card asus transformer fit nicely pad optional keyboard attachment capable holding standard sd card fit well making perfect solution extra memory need much better bargain competitor certainly purchase internal memory iproduct android device seem gb gb variant but spend extra cash gb extra buy far external card microsd also work standard sd,2
got card early january samsung tab tablet within couple week loading music file incorrectly onto card not know wrong but finally thought would format card see would correct problem card would not quick format format slowly always amazon taking care problem replacement card within hour hope replacement reliable writing fluke never problem sandisk product past : called amazon replaced door within hour replacement work fine great service defective within month but amazon replaced fast,2
used use gb one n recently upgraded one bigger need put mobile soon got n work well quite easy use n use storing music picture mobile n sometimes upload movie go long drive sandisk great brand n definitely worth reasonable price,2
april card month seemed work fine use store additional file ultrabook solid state drive small gb month ago card could not recognized lasted hour thought maybe momentary blip however weekened cannot recognized day sandisk support not available week update tech support soon however find sandisk indicated defect card assume replace but lost lot hour lot picture really bummed frustrated sandisk: sandisk made aware potential product issue involving small percentage gb gb sandisk mobile ultra microsd card certain circumstance card may lock card becomes inaccessible issue identified manufacturing fix already put place sandisk stand behind product customer experience issue microsd card card asked contact sandisk support center resolution immediately sandisk warning card manufacturer defect,0
got product exactly month day ago prior today working fine nowhere micro sd card read anymore tried several phone different laptop osx window even show anymore weary product may end lemon worked fine one month not reading anymore,0
use store music android work great use much battery power slow phone much work great android,2
tried today one memory stick pro duo dual slot adapter basically use two microsd card one use psp camera whatever worked great two gb card little cheaper one wanted nephew upgrade gb wanted adapter say would work xc worried psp would problem but worked great upgrading gb gb little overwhelming lot space might get another one card put adapter update anything go wrong worked great m dual memory stick pro duo dual slot adapter psp,2
simply work else matter amazon insist minimum number word simple product work need saying work,2
get sd card special discount please grab currently surface rt become instant fast g storage sandisk make reliable product would highly recommend awesome,2
gave five star simply not tech genius know best not but jeez thing fast everything wanted no complaint far happy customer would definitely recommend product someone looking buying affordable micro sd card awesome,2
use memory card car dvr absolutely no lag recording dvr cannot fully use transfer rate class memory card but no issue recording sound buy reason,2
great card product need watch device compatibility got sale samsung galaxy note ii work great also came adapter great card,2
use card watching workout video smartphone outside work great excellent card,2
replaced another brand class gb micro sd card phone know bad put started transferring file much faster previous one pleased no issue delivery description work better old one,2
transfer speed amazing never corrupts file like old card ton space gb really bunch spesh music lover like itndelivers recording capabilties not dissapoint get steady mb transfer well mb getting old class higjhly recommemd got mine prime shipping yes work galaxy droid razr xt hd maxx maxxhd wii u format properly stock format get full mb transfer speed yes but phomes limited hardware get half youre limited hardware handle thats recommemd gb card differect architecture people complain speed using program psh new usb car reader tell get mb transfer rate stuff excellent card excellent quality threw cup ice water stirree front friend let sit hour drank water played video game took dried let sit minute two warm threw back phone everyones amazement still worked sold hahaboht two looking buy amazon would drop price perfect android,2
wanted place store music phone card work great tried adapter yet though also much storage great phone,2
served purpose no complaint used samsung device andi still storing memory card,2
work great gopro black buy sandisk want name trust good buy money,2
come sd card adapter not much say sd card but would recommend price nice,2
bought memory microsoft surface rt work great super fast storing movie music picture great fast memory,2
bought surveillance camera but ended using nook hd work fine bought time amazon never problem work great original packaging,2
not going go technical specification enough say sd card exactly supposed reliable secure sandisk quickly becoming gold standard storage great product excellent,2
using new samsung ativ pc work well fast data transfer got quickly includes standard sd adapter work well samsung ativ,2
ordered card great price black friday week weekend began loading file music video pic etc first card worked without problem second card started giving cyclic redundancy error first thought hard drive failing tried copy file flash drive worked fine ok maybe received dud tried another card purchase result cyclic redundancy error started searching online found utility via one review amazon called h testw ran test card reported error also reported write speed mb sec way advertised speed item retail packaging remember reading bulk package item fake guess retail package card better waited refund process refund seperately test another card see better luck wanted leave star but gave star since card worked far test dissapointed fan sandisk ultra series reliable but guess cheaping quality increase profit would extremely upset used card anything important card defective far,0
using card sansa sandisk mp player working flawless glad but cannot imagine could go wrong card like either work not mine working anyway would buy one without doubt glad card,2
hurt memory little using sandisk brand time say self pretty reliable let hope jinx never enough memory,2
hard evaluate product detail but report work samsung galaxy turned phone probably much better insert remove card phone turned slid card slot inside back phone turned phone back no obvious indication made change however started take photo camera reported would storing picture card instead phone internal flash memory everything seems work well work fine galaxy,2
product one bought like worked recommend family friend work great,2
purchased two wife phone no issue whatsoever formatting placing file onto card really go wrong purchase except price bit much work well samsung g,2
got two card ea small business saturday worth every penny card fast use note galaxy play music taking sending picture constantly well writing note no lag stutter automatically give enough storage whatever need no need ever buy phone memory gb version whatever lowest version available instantly gb make sure expandable memory sandisk may since always bought samsung kingston memory would definitely buy great card,2
bought z season tv soap hi re pic several short home vids entire music library room spare z,2
excellent microsd card sandisk purchased format fat use mysamsung galaxy tab inch white formatted work flawlessly never unmounted lightning fast reliable offer plenty storage reasonably priced well fact purchased sale local big box blue retailer yellow price tag logo fantastic,2
memory card work well lg optimus l yes well galaxy note tablet card worked native note but reformat work phone reformatting phone correct capacity seems correct speed described,2
ok far samsung galaxy initially received one seemed issue would intermittently save photo would become corrupt short time later dropbox auto upload fine know stored ok initially amazon excellent support quickly shipped new one replacement working great far no sign issue first one con time display content read mtp mode lot file not fault card known issue phone mtp mode note rooted g user also tried putting phone old unmounted usb mode unable read but able read gb version card appears g not support gb old usb mode possibly part reason not include usb option via phone setting ok samsung galaxy,2
worked well tablet extra memory would buy need memory great memory,2
work fine always like sandisk product fit samsung digital camera take microsd fine work great fast reliable far work fine,2
work great contour camera film p fps mp no problem using card also gb mean battery dy card fill looking high capacity micro sd card look no p fps contour camera,2
actually bought two item separate order still using daily no issue beat competition quality consider best data storage product market,2
wanted upgrade htc evo micro sd card found sandisk good price sandisks earlier no problem ordered shipped fast come sd adapter make usage regular sd card unmounted existing card phone copied content one sd card another using adapter loaded new one work great see huge difference speed but may run speed test anything like price brand gb card recommend like price brand size,2
needed work fine got around christmas time great sale price good price,2
no problem work would buy recommend without hesitation good product value,2
cell phone year first time used microsd card actual camera impressed seems fast durable dependable full sized card using year amazing dependable durable fast no complaint,2
galaxy note ii rooting gb internal memory card super fast ask better except larger capacity performance great perfect,2
running live linux system card right via usb port seems good read write speed durable far good,2
got samsung galaxy come free app dont need buy card tho search sandick play store beautiful,2
memory card simply worked plugged not fastest but not expensive worked,2
purchased galaxy note no problem recognized without error seems work fine no complaint,2
performance capacity not line cost expectation likely counterfeit back door sale opinion unsatisfied careful gb ended showing gb max option formatted,0
bought go along nifty minidrive pro not disappointed really hold full data transfer speed great used keep medium itunes library not issue playback lag really recommend want add quick mbp little mindblowing much storage fit small card,2
thing work perfectly hand no problem sandisk sd card rock phone much storage internally gotta love gb sdcard phone,2
got upgrade tablet gb micro sd card tablet ainol ax gb storage thought needed storage movie seems work fine fit work,2
excellent sd card phone camera whatever else take micro sd card work perfect adapter great product,2
use note ii love music photo extra not first always try least class not test others picture seem fast transfer speed within reason price prime shipping would heartbeat fact probably buying soon love,2
surprised see main drive dell venue pro almost completely consumed window o added card create space tablet recognized additional disc gb available give plenty breathing room tablet speed incredible pleased product purchase another one upgrade card gopro summer doubled storage capacity dell venue pro,2
great price work great want storage reasonable price would highly recommend product great price,2
bought girlfriend card work nice great way storage cell phone currently samsung galaxy good size card use phone,2
gb worth memory space perfect love installing variety apps useful need store memory phone camera tablet awesome,2
great card fps card incredible ended needing memory bought sandisk gb card great card needed memory,1
wanted extra storage phone gb perfect fit price quite reasonable plus come quality manufacture memory product perfect need,2
work expected no glitch problem using contour roam helmet camera frustration free packaging nice work,2
install galaxy reader gizmo worked perfectly no fuss returned different kind also sandisk work one get perfect product,2
great microsdhc c uhs disk memory card adapter great product tablet netbooks laptop speed data good well would say please get item price good well sandisk ultra gb microsdhc adapter great item tech item current design,2
another gb micro memory card quality build sale cheapest around gb memory card,2
got new phone part dock battery deal pulled trigger far transfer fast successful month but work sandisk ultra gb microsdxc,2
purchased product sony camera even though micro sd come regular sd enclosure read writes fast hold several hundred image great full frame,2
picture bright sharp download camera card quickly better quality camera great card great dslr,2
used gopro camera faster flash card reduces amount rolling shutter say anything bad pretty quick,2
got sd specifically gopro black simply hoping would work since gopro manual say use card gb sandisk say good cell phone tablet yet mention gopro well turn work perfect although tried device think work flawlessly gopro work even better anything else first thought maybe since mbps may frame rate issue recording even though knew case well popping gopro say hr min p super view video insane put helmet took spin came home spending day bike hd quality spectacular granted thanks camera but smooth zero frame rate issue flaw semi long time take copy file hard drive copy mbps but honestly really no big deal totally worth still bottom line sd plus gopro best camera combination money p small simple durable no lock feature always found annoyance anyway question please feel free comment best answer perfect gopro black,2
arrived quickly no issue whatsoever lot storage space music picture used phone compatible installed phone,2
absolutely great addition note provides plenty fast storage consider buy enough said highly recommended best choice msdxc class note,2
another necessity go pro feel least come go pro least smaller gb get recording right box afraid purchase brand fear not compatible camera work,2
got card deal day amazon would gladly pay said skepticism related serial number card displayed amazon confirm received brand new gb card serial sdsdqua g u packaging card say class uhs speed class formatting copying gb data evo previous card get write speed mb read speed mb fine not complain believe evo intended compatible sdxc card however work fine awesome card,2
get hct phone work great not slow like others but didnt know class memery card othere one good card done not freeze loose anything memery card,2
super wow,2
nice product reasonable price use mine gopro camera work great would recommend memory high speed action video work great nice quality product,2
always happy sandisk card used one new contour roam worked like charm awesome quality thanks amazon yes sandisk,2
would gone gb but still little pricey one work fine entire cd music collection one card sd card,2
name brand great price great shipping great price great,2
bought gopro but use hd camera also dependable owned many without failure never sandisk failure great gopro,2
card allows camera work hour continued copy one best purchase ever made worth money go pro accessary,2
bought gb gb version backup photes galaxy tab travelling work well dallows view edit picture road primary photo backup system road micro sd card much secure less likely damaged hard drive travelling nice card use galaxy tab,2
got use acer iconia w went format show gb put one computer double check yup oddly gb fluke miss representing get bad unit not going return packaging gone not interested paying return work fast no issue but gb sandisk ultra gb,0
new surface tablet complete storage redirected photo music video document save card fast love keeping internal storage available apps easy perfect,2
work samsung note great price fast hold lot data no need go else great,2
excellent product new galaxy phone board storage increased fold would definitely recommend product sandisk ultra gb microsdxc class memory card,2
memory card fast come provides easy file transfer likely need included adapter great included recommended good memory card adapter set,2
bought galaxy work great but support uhs benchmark test:phone mb read mb writeusb mb read mb writeusb mb read mb write work great,2
sandisk gb class micro sdhc card pittasoft blackvue dr gw hd car camera dvr worked like champ month died dreaded please format sd card error stuck mac mini unrecognizable window pc even low level hp sd card formatter cannot reformat garbage go card garmin gps device continue work far but not written continually every day like blackvue word advice need write card often buy something else worked month dead,0
got two two nokia smart phone sure contact provider find largest chip phone handle sw great deal smart phone,2
got good price work great use droid razr store music important file phone room spare great buy great,2
say far came work complain till fails time tell plenty storage price,2
work sansa fuze give million song okay slight exaggeration but enough song listen song without repeat day speed fine device but speak camera usage class fast enough video work fine,2
good price big micro sd card work samsung galaxy great four star,2
failed year one star,0
simply slide card slot suddenly gb space wish o consume much gb start though work great samsung galaxy note ii,2
awaiting replacement sandisk failed amazon return period always good luck sandisk card phone pc simply stopped seeing card lost data fortunately backed elsewhere stopped working day return period,0
lot music gb many video movie like take video producer thrilled learned would take gb chip always liked sandisk product no exception home gb free space mean shoot quick dirty video location scouting purpose galaxy excellent camera without worrying running space get back office simply transfer file computer delete card perfect samsung galaxy,2
got fast work described come management software must downloaded itunes google play store link cloud service like drop box sky drive popular account type great product would buy work great,2
using dell venue pro gb actually fast onboard flash based ssd write quickly di read even quicker recommend need additional storage space work well quick,2
bought card increased storage galaxy zero issue using way contemplating ignore theoretical limit reading gb card work fine galaxy entirety card recognized not first gb no issue galaxy,2
purchased use compact digital camera work needed run quickly class expected great buy great price work described,2
shipped quickly plug play like say noticed bottlenecking phone due slow speed work,2
first one received kept unmounting samsung galaxy new phone sure problem memory card phone but sent card back replacement second one worked fine song loaded us half space love second one worked,2
price great since sdxc class card expected pretty decent write speed copied gb data computer hd card took hour course since one time thing really mind work great microsoft surface pro cannot believe could find gb micro sdxc card sale course not able find cheap since would buy another one comparably priced awesome buy slow write speed,2
work great right package make great addition gb galaxy note tablet recommend anyone great item,2
worked galaxy crazy formatting popped detected work galaxy,2
card work fine using wireless ip camera record p think much else write memory card work : work fine,2
work expected else say plug tablet micro slot slide adapter plug camera want,2
use fat format exe order fully use card samsung galaxy card come exfat format work trying use card recovery load custom rom format fat galaxy read,2
purchased product knowing might issue galaxy card worked week two began spontaneously unmount would mount back unmount period began become longer hour day tried card galaxy note still result attempted contact sandisk customer service utilize warranty know problem began exchange process instructed wait mailing label never came called back told would email day still waiting email never issue company but ever changing technology right know card good device galaxy phone beware not attempted use samsung tablet cannot review not good galaxy phone,0
memory card work one would expect adapter card worked also product worked advertized online work,2
reason card hate galaxy running around circle week trying figure phone would get stuck samsung screen reboots finally decided pull card voila phone boot fine sitting ashtray car lot storage but like g,1
got memory card noticed writr protect lever hard move instead sending back tried meve mdmory card broke hslt hanve many sndisk card havd no troible guess got one missed wuslity conttol line dont want buy another but poorly made,0
cut pry way sandisk packaging rewarded nicely made high performing microsd uhs flash memory come formatted sd org standard fat ready go application single gripe product omitted usual small plastic box hold card adapter use since frequently switch card us frequently storage little box useful way easy lose microsd anyway result atto disk benchmark:settings anticipating digicam use : total length mb overlapped qd but never exceeds segment size kbytes read write kbyte secsize write read sorry ugly table amazon not support consecutive space including alt embedded tab fast microsd not quite sandisk achieves full size uhs sd card write twice speed but electronically complex card micro form factor likely permit additional hardware achieve speed comparable larger card note read speed lot faster sandisk promise note also not achieve speed usb reader need either usb built pcie reader get accurate result not complain use usb reader achieve speed event hard pressed find anything faster personal experience sandisk product good never anything fail given reasonable price rate highly recommended fast,2
great memory card bought phone work like gem im waiting get new galaxy pop baby phone job,2
going used link pan tilt ip camera device tested provides exactly service advertises provides advertised,2
bought kid tablet christmas worked perectly would definitely buy need arises gb memory card,2
use work great movie picture passworded storage area everything working fine month mileage may vary good luck samsung huge storage,2
working fine hero black edition put several hour shooting card read speed dumping card also seem good pcie card reader laptop wish small fast work gopro hero black,2
bought october th start using week received th well two day ago died quick death even format year buying sandisk product guess give start paying little kingston seems though sandisk getting cheaply built product would think product small inexpensive would able replaced without cost within first day but fault not reading fine print lesson learned buy right buy go something else time shop kingston,0
sd card no one tool test whether class speed blah blah blah work matter sd card,2
purchased dell venue pro effectively doubled storage capacity installation simple card worked flawlessly since installed great price great performance no headache going couple month no issue say work without hitch,2
owner bunch sandisk card using many year one picked samsung galaxy note work well adapter nice even though one packaging bullet proof need high speed card sandisk great choice good price amazon especially box store price highly recommended class high speed tablet,2
excellent storage minimal space come adapter able read regular sd card reader also excellent,2
first unit received dreaded defect would disconnect reconnect super annoying sandisk nice online warranty software place since known issue speedy replacement new unit work perfectly provides plenty space manufacture nice treated treat customer larger company great warranty work,2
got phone really great hold everything want put wonderful,2
hold stuff want put cloud storage always reliable work great,2
good memory card working fine using galaxy storing picture take not know come issue later good one,2
card showed formatted recognized android phone no issue speed read write test card speed obtained well within class realistically accomplish great card great price shipped junk card disguise highly recommended wow,2
best card give charge cycle worth recording without dump memory but ya gig better best card,2
always memory card work used sandisk product dozen year always worked needed often outgrown capacity worn happy far sandisk life reputation,2
using blackberry z movie music picture past month without issue quick response no lag compatibility issue great memory card smartphone,2
work great plenty storage writes fast portable camera arrived time product packed warped well quality bad reliability,2
title say card got defective faulty issue sd card always unmounts remount sometimes say sd card corrupted need formatted first tried format using cellphone xperia play copied file sd card gave error tried phone inspire g samsung galaxy still error tried take put computer manually format check bad sector fix error not finish say cannot continue sd card corrupted searched google find sandisk shipped bad batch sd card contacted company demanded return past due return amazon got rma ed already shipped not know long take send another sd card sd card put file situation could avoided sandisk qa department not slacking disappointed customer sd card always unexpectedly unmounts remount,0
man gotta beat man brotha sandisk beating man wit stick price warranty letting steal get hand realize giving hook bam lolgo sandisk go amazon bought gone buy wooooo,2
bit apprehensive getting sd card heard not compatible galaxy iii see one review said worked fine iii took gamble got sd immediately reformatted recommended galaxy representative time anyway get bloatware card plugged phone worked fine would definately recommend sd card work great,2
used sandisk product long time without problem no exception good value reliable hold ton data else ask store ton sold brick,2
card work great go pro hero no speed issue also come adapter work well,2
use storage gb enough store whole lot music got wife phone put dozen album even use third space great item,2
put old samsung table kid use seems work well video card well large number apps not problem work expected,2
perfect card gopro speed quality need frustration free packaging also environmentally friendly perfect gopro hero,2
data data seems nice fast quick ship needed would order sandisk fast card,2
first not sure product received class memory card reason say maximum write speed get window system mb sec also issue system recognizing card frequently receive disk cannot formatted error totally dissatisfied product considering fact brand new laptop not recommend sandisk please check brand horrible mistake,0
perfect using galaxy seems read write quickly never given trouble shipping fast happy product good galaxy,2
work well working designed fast furious using samsung galaxy loving music photo access time photo gallery quick work well,2
wanted larger faster card razr maxx running cm android price card best option phone no problem using default exfat partition much faster old card no problem happier work great razr maxx running cm android,2
zero complaint work great old card quit seems certain card fail device one made work order placed received hour perfect,2
work great gopro hero able shoot p without problem delay great gopro,2
upgraded class feel difference fast read write speed really help downloading large file well internet speed awesome fast,2
need memory gb microsdhc package format need selling price like get get day probably got better thing like old episode gunsmoke meaning get nice walk along cliff face possibly even something else point memory shopping take long time amount time taken read way time one ever invest considering memory purchase lovely mid late morning whenever might next occur vicinity cheer memory fast need,2
used android tablet fast reliable performs exactly expected top performing memory card,2
bought galaxy worked perfect box no formatting required already fat work great love extra space storing mp picture perfect box,2
needed able update garmin canada europe map job great price terrific,2
time writing review bought three memory card last couple week work related phone work fine samsung galaxy mini phone happy read write speed one small note caution price paid vary please check around save extra dollar installed not get full gb sd card but expected please bear mind job,2
moved gig data one sd card one plenty room storage phone downloaded everything pc gig sd card installed one loaded data gig sd card no complaint great product,2
stopped working year half lost bunch data tried accessing data useing multiple device no luck look elsewhere micro sd card stopped working year half,0
pros: ordered got free shipping got day popped box popped cellphone done cons: come hot pocket amazon marry took long order hell thinking took long get box second update:okay bring rating star gb sd card crapped getting x ac code cant format copy file ran scan disk nothing work know buying sd card luckily able save file goggled problem common problem card amazon chick take dinner movie,0
photo shoot card fail luckily backup freak starting day lost picture card completely died sent back sandisk replacement whole process took little week communication excellent star sandisk support know memory always multiple card available extended time spread work card minimize risk average person throw data disk loos precious memory sure fault not backing data unless shooting hd video though chance not going fill card day unless either need storage hd video something data not important say make sense get several gb card equaling gb roughly less price depending brand sandisk support great even asked needed data retrieved recommend card though great support sandisk large card not recommended,0
good price work expected nothing much say abt microsd card honestly frustration free packaging really good definitely better retail packaging good price,1
hope better luck gotten lot great review but first sticker covering contact back fell card died completely hopefully isolated incident but trying different brand case bad batch failed within day,0
gb tablet thanks reasonably priced micro sd card easeus partition master description say come adapter normal sd size put micro card adapter put sd card sd slot computer launch easeus partition master free right click choose partition format completed put tablet showed almost gb free together gb came tablet extremely pleased always amazon delivery fast pleased great samsung galaaxy tab,2
using month work well samsung galaxy note tablet excellent speed recommend work described,2
switched unlimited data verizon wanted get something store mp phone easily use data stream card great put phone went phone setting format microsd connected pc loaded song sd card plenty room left great price great microsd,2
soon got card popped phone starting piling music onto but noticed kb transfer speed thought got class turn device card mounted factor write speed plugged card included sd card adapter used different reader capping mb pretty happy one thing though get gb usable space card card matter get around gb card particular normal worry awesome,2
card work well dashcam far no reason expect continue work,2
card work fine no hiccup issue speed card fine dash camera download laptop work fine dash camera,2
size finger nail little easy lose gb card plugged easy quick samsung galaxy note adapter help still new required gb overkill price close not get hope help galaxy note phone supposed use thanks amazon oh tiny keep package need keep package place lost cute thanks cute cute cute cute,2
work perfect galaxy tab tactical keychains approves,2
gig unit let record hour video gopro hero no need carry extra memory card unit website leaf plenty recording room hero,2
no problem far fast reliable working without glitch month us gb gb memory internal use gb available but thats good enough heavy storage reasonably priced recommended samsung galaxy working great month,2
bough replace old gb card phone using nokia lumia work perfectly great product great price,2
much faster normal sd recommend micro sd fly card reader ok tested worked but never really used big fast,2
purchased gb card one galaxy wife also one galaxy tab card super fast no problem one since came last year no issue purchased gb roku beat quality price excellent speed quality,2
great price great product work great new samsung galaxy anyone pay full price cell provider beyond keep good work amazon love guy sandisk gb memory card,2
great memory card trusted sandisk since came memory product work harder keep innovating sandisk ultimate best,2
micro sd card gb amazing say wish faster put gb virtual machine file took quite copy guess used ssd speed but anyway add much needed additional storage tablet say,2
th sdhc card bought sandisk good quality good brand recommend friend used galaxy note sandisk sandisk always,2
say no get less buck use cellphone whatever support like,2
love storage space g gigabyte storage fill quickly store medium memory card instead internal memory transfer go quick thanks great write speed work great,2
work great phone detected let format fat no additional tool formatted gb lose conversion metric gib gb bought motorola droid x first generation phone wanted use medium player work wonderfully lot storage movie music game book class card also fast certainly faster stock card great card transforms old motorola droidx,2
great but still dont know use store apps surface reason bought thing ok,2
run feature gopro black edition seamlessly cool great speed good look would buy need memory card buy great gopro black edition,2
problem gopro video choppy cutting card fixed fast enough trick high speed card,2
tried read article review card wanting store music phone amazon mp app found bit confusing end took chance ordered one happier found app automatically move amazon mp downloads card able store ton music phone saving stream jeopardize gb verizon limit painless install done lot sooner work fantastically g,2
micro sdhc card month no problem previously using similar gb card htc evo but upgraded gb got samsung galaxy noticed no issue speed reliability no problem speed good used samsung galaxy,2
card used samsung galaxy work great read write speed pretty good card installed recognized phone easily great option need storage mobile device great memory card,2
not like work nexus speed capacity fine no problem good quality recommend work great,2
work intended use old sansa mp player another one used samsung galaxy player android tablet work fine device formatted android tablet planning buy since anime junkie anime junky need space lol awesome,2
maybe nothing done way technology time but seems gb sd card limited us time formatted whats called exfat instead standard fat get gb gb card receiving card inserting new android tablet jelly bean recognized show gb available removed card tablet inserted computer win vista tried transfer file photo video laptop card would not transfer research internet appeared card reformatted new exfat standard fat file created win xp win vista fat also win machine recently purchased easily move type file machine memory card flash drive but could not transfer file card computer long card formatted exfat read internet reformatting card working win machine not even option format standard fat nstf exfat older computer older fat format option took vista computer dual core processor hour reformat card fat reformatting able easily transfer file photo video xp vista computer but not win computer card work tablet able access use file transferred card fat vista computer tablet but reformatting card gb space available essentially reformatted gb card gb card keep card lot work reformatting transferring file hopefully future reformat back exfat exfat catch o made seamlessly use file created fat exfat seems good card work well certain situation but advice research use card not simply big gb card used everything every device unless file photo video created exfat real draw back card might better buying multiple lower gb card really need much storage space micro sd card perhaps card already reformatted exfat double capacity computer exfat reformat option not tried but based experience last day seems like would work exfat work gave star work but feel sandisk not fully explaining getting gb card possible problem consumer might misleading advertising work but beware exfat,1
wife love taking picture galaxy filling internal memory popped baby ton room always good idea keep pic external case phone crash picture saved bad apple offer feature nice storage,2
bought wife samsung galaxy phone took photo video no issue based previous experience similar product got dslr camera thing last long longer electronics work great,2
use gopro hero class must inexpensive simply get job done considering purchasing industry standard,2
card never let priced well always perform really like micro sd small but new device using adapt beat quality sandisk,2
pretty much commodity product made far east but store pretty valuable feel confident sandisk manufacturing quality control end feel confident sandisk quality,2
added sandisk ultra gb microsdhc smartphone work perfectly although would not say love memory card say no complaint perfectly happy work great,2
found card reasonable price amazon purchased replace several year old g no name card passed away no issue far sandisc expect many year use smartphone g size allows plenty medium space without clogging phone internal memory good value,2
bought card excited expand gb storage come phone however card issue mounting would start phone research look like sandisk large batch bad card formatted fat issue rarely occurred but formatted exfat like ideal mobile device would happen every time phone reset take caution card bad batch read but looking use samsung phone maybe considering buying different type card brand seen issue good card great size not great galaxy,1
purchased expand memory unit operating way needed work work fine,2
bought kid samsung galaxy player perform perfectly seem great transfer rate perfect,2
best disk tried thus far gopro black no problem ever snow extreme heat whit plenty room storage dub approved,2
love use store video photo galaxy good stuff no problem yet like bootleg transcend card crazy fast,2
used galaxy note work fine no lag no problem data transfer good thanks working,2
use memory card gopro hero silver camera no issue recording p video memory card provides sufficient write speed bought gb version wish would bought gb version p video become large file quite fast work gopro hero silver camera,2
worked fine month month phone see card tried read several pc none detected card unfortunately backed picture video take phone gone failed completely month,0
samsung galaxy note smartphone besides user replaceable battery device also allows user pop micro sd card better much almost enough hence gb model permit storing insane number song phone case three song great ok rest not good seriously must smart phone not made apple iphone not great no user accessible battery micro sd card iphones android well life considerably brighter pop took like second not need format unless wish erase already put highly recommend sandisk trusted provider flash memory device buying amazon com no brainer maximize mobile device minimal expense,2
good reliable use win tablet take lot but seems work fine place bought ago never failed would recommend reliable fast,2
bought samsung galaxy know phone card but phone say unexpectedly removed time time wife phone often but still fast but unreliable many sandisk one problem read poorly made thinking send back give another chance unexpectedly removed,0
bought gopro hero silver edition work like champ havnt issue definitly would purchase perfect card gopro hero,2
simply put little micro work great plugged lumia immediately recognized speed getting file seems good price great always fan sandisk brand fail next couple year doubt update review but device exactly advertised say reasonably priced work,2
picked couple put nabi android tablet work fine expanding memory store movie hiccup work great kid tablet,2
bought galaxy worked like charm month started getting error message phone stating card taken not went like week one day gone initially thought problem phone popped gb card bb worked popped one bb no detection spending much sd card disappointing see go bust outside return period failed month galaxy,0
great using camera speed pretty good cant complain think price could little bit cheaper since lot generic version great microsd card,2
put samsung galaxy note phone no idea ill possibly fill expected,2
needed replace memory card phone dependable brand reasonable price good value,2
used digital camera card read speed tested acceptable laptop using adapter mb write speed atrocious reading mb kb write speed not good card need write file picture hd video taken photo tested video perhaps camera capable using card better rated speed laptop adapter slow write laptop seems ok camera,1
cell phone claim gb removable sdhc memory card but bought big gamble honestly think would work time rated capability but used different phone htc lg cell phone well pc since work well cell phone expect work well tablet happy purchase gb cell phone,2
trust san disk name no issue phone class must good price product samsung galaxy note phablet,2
work fine photo shooting video recording eos camera sd adapter perfect tablet phone memory good card advertised,2
highly recommend sandisk ultra gb microsdhc card : class highest speed get allows take photo faster capture high definition video allows faster reading writing transferring file computer encounter no problem using voice recorder camera video recorder computer etc price charged amazon much less seller checked lifetime warranty free download recoverx software brings lost photo back free adapterprecautions : get rid static electric charge touching finger bare unpainted metal not touch metal contact card finger circuit inside card low voltage easily damaged static electric charge usually much higher voltage take time research information please click yes line review helpful class highest speed lifetime warranty free recoverx software download free adapter no user problem,2
bought go pro work great record hour video thats pretty sweat compared gb minute video work,2
added microsoft surface rt tablet work perfectly extremely fast perfect storing video great price performance,2
wanted test thing old android phone worked perfectly use phone use camera see worked old android phone,2
sandisks product excellent apex however use caution not every smartphone tablet camera digital appliance accommodate capacity speed product make sure no regret using best watch well phone tablet camera performs top line,2
altough motorola say droid razr maxx support gb card read many report people using gb card took chance formatted phone started loading music movie onto card connecting phone computer usb cable note: read not format card computer show gb memory available careful heed advice though play computer without formatting looking show gb however droid definitely show gb well change far card functioning should: played music looked picture watched little bit movie stored card eveerything seems working iin blissful droid perfection working perfectly droid razr maxx,2
made nice upgrade droid razr maxx replacing stock gb class card transfer speed improved though not hugely extra space made huge difference name like sandisk worry much quality reliability fine card fine price,2
microsd chip storage amount specified sitting back samsung galaxy nothing exactly asked great chip,2
bought son tablet asus prime work great able load music movie apps noticed lag time past card would definitely purchase great card no lag time,2
sometimes price low get less paid suspicion deepened package arrived generic packaging not brand label sandisk ultra nevertheless satisfied product work fine sure beat price walmart charging gb micro sd card suspicious low price,2
wanted gb card samsung galaxy note ii learned lesson buying well known auction site know getting fake card always good experience buying memory card amazon always got genuine stuff card recognized phone right away mounted formatted perfectly ton music video still gb free feel like got money worth work great samsung galaxy note ii,2
whats well no hiccup disk far hd recording work well memory card,2
went g g card really love price way lower verizon store not storage issue popping phone great price massive storage,2
oo dollar phone want get mem card way go use best,2
say else really said memory card either work not,2
sd card arrived quickly job phone strange issue phone error message card reformatting fix job great reliable success sandisk continue use arrived quickly sandisk always reliable,2
work great else say five star,2
go wrong card roku x perfect size probably kill actually but anything class try avoid anything gig case need card something else price great free shipping gig class,2
got microsd card use new asus tablet work great also wanted use camera sd card fitted sd card adapter work perfectly camera pull put tablet slot get picture card well use thing perfect good,2
used several camera model nex n hdr worked great no issue definitely thinking getting since amazon unbeatable price work great many product,2
bought card november died fortunately backed file but paid dissappointed no sandisk product update: realized reason working aosp rom note went back touch wiz could recognized changed rating star working great updated star,2
quadrupled memory window surface tiny push memory card allotted slot way go sandisk yea sandisk microsdxc,2
okay ton card available pick one not black switch card device easy drop misplace tiny card one not black make easier track work well no complaint good price nice little item,2
go wrong item purchased none sandisk use dash camera five star,2
installed verizon rezound android phone work perfect many phone advertise support gb memory reality work gb nice memory,2
well pretty much advertised good speed think formatted somewhere around gig great buy work well fast,2
fast flawless price finally reached level no excuse less memory device fast flawless,2
amazing amount storage get size pinky nail mounted phone filled music document picture mobile phone record message past phone still plenty room left no issue bigger bigger,2
memory card worked perfectly compatible samsung galaxy tab great price name brand memory great value,2
use digital camera nikon l used use class card burst mode capture photo but would take almost minute save card matter second love card perfect card,2
seriously best one get price pay dollar somewhere else perfect phone camera high class gb plenty average user fact heavy use data never use gb know get simply best,2
one phone samsung galaxy player kid tablet go wrong sandisk never failed great microsd card,2
okay not limitless but close enough gb phone combined quite bit available storage ton photo music entire season tv show great never get warning low storage take max resolution photo option phone shoot k video without worry running space also speedy transferring file laptop walk around limitless power,2
sure updated driver one laptop said gb but updated driver card reader showed gb sdxc work acer iconia formatting fat natively window but tool work great item great price arrived three day anything else ordered day great seller update driver first,2
work great samsung phone fast enough not really notice came app show disk usage card internally well drop box slightly useful update: year later become completely unreadable device throw noticed warranty pretty good contacted sandisk sent old one back received new card week bug stopped working went working completely unfunctional day time device complaining corruption every couple time no complaint android,2
nice upgrade phone give plenty space allot game wondering yes compatible samsung galaxy good sd card,2
surface disk space limited popped wonderful solution gb surface pro window even flexibility interacting sdxc card picture video load fast native hard drive blessing surface pro,2
needed new tab absolutely zero issue samsung tab needed,2
bought samsung galaxy note ii started kind issue recording photo movie card would look like worked go back review photo movie corrupted see people issue card lost memory bad card work anymore,0
giving product star becuse purchased one replacement sandisk micro sd card kept problem finally got tired losing data ponied odd dollar replace darn thing quality cheap price,1
okay memory hog admit note gb internal storage nearly full gb microsd card guess gb left geek buy wow breathing room copied entire gb card gb card added hd movie addition phone stuff star war movie back future trilogy indiana jones movie card room plenty no doubt note come ready kick butt memory card note spec state accept card gb well time highest card available possibly test higher capacity phandroid android forum however fairly comprehensive list device compatible card accurate date article: happy camper yes paid premium early adopter but saving penny inevitable black friday sale november time note released folk recommend card enough: make sure backing pc regularly fail definitely want precious pic data backed work great note room whoo hoo,2
work but trick purchase lenovo yoga tablet installed card told card damaged put card pc worked fine even reformatted pc still no luck called lenovo walked formatting pc still work but option android software status screen pull top screen gave choice let format tablet completed good go mounted downloaded song working like charm thing think android like way sandisk format card think everyone knew would lot less return work great but trick,2
product formatted installed gopro hero black get : hour recording time p fps no issue far expect since sandisk basically standard solid state memory work like advertised,2
put galaxy note galaxy note read writes perfectly buy another work expected,2
work great phone happy happy put music picture price perfect san disk always delivers,2
bought htc evo g lte work great knew order use big card class trust sandisk samsung kingston memory card one work well take day bug ironed let evo find path back file good stick good price first one got amazon damaged quickly replaced one lost fedex called week later overnighted new one paid weekend ups delivery amazed service amazon get much better sandisk memory amazon place purchase hesitate buy card high end phone know fact htc evo lte galaxy run card work great evo g lte,2
not many problem bought year but make sure warn others loaded handful video pc installed android tablet trip corrupted nothing worked sometimes seen time even show tablet want format never able successfully needless say small even paperweight sd adapter came also junk upon first time went use simply feel right used trusty lexar micro sd usb came lexar gb micro sd card would expected unfortunately stand many people success working equally not even formatted see made difference none course window return gone unless seller stand behind going trash knew gone purchased three working perfectly year moreover even bigger disappointment camera us standard sd card no name no identifying mark worked two year without problem know problem arise but cost product go quality control go not going one accepting term looking good card search amazon one: lsdmi gbsbnar lexar thousand picture video clip even endured three update phone plus carry phone everyday subject everyday life time tough stuff one word: junk,0
no problem installing phone phone picked automatically worked great fit perfectly sim slot worked great android phone,2
say memory card good price nice performing card definitely buy work great,2
product suck phone keep giving card removed please insert something like find problem gb sd higher micro sd card ultra class complained company taking forever ship new one many mistake happened new item inconvenient better returned amazon got money back bought different one company suck would think sandisk reputable name but : bought card g g problem buy sandisk g g,1
little card great kind use quick write time plenty space work like dream phone great micro sd,2
not much say tried many best speed price reliability compatibility highly recommend card best microsdvc card period,2
perfect needed gopro camera also come adapter car handy sandisk ultra gb,2
used phone upgrade storage work great transfer speed faster network provide speed fantastic,2
doctor ordered galaxy tab tablet plently room left everything doctor ordered galaxy tab,2
seemed work well first noticed phone started mounting unmounting card tried update music file card think failed computer no longer see phone two connected okay update since posted problem amazon contacted sandisk made one phone call took information e mailed pre paid ups label sent card believe but think new improved card three day yes first one lasted little twelve month but replacement tendered no question asked great service five star way replacement working great ordered gb sandisk microsdhc card well lasted little month,2
go wrong sandisk go wrong maximum space love movie space important power space,2
sandisk user year never developed problem disk amazing much little disk hold work grear,2
always multiple shot datai lost photo due corrupt cardi used phonethe company replace card no problemsbeen working great past month nice card,2
work great samsung phone class ten designed write quickly but somehow phone internal storage faster: minus one star using month zero data loss problem good memory card,2
notice camera phone work lot faster really surprised see much better worked chip happy great,2
need anything else not sure tell transfer speed quick phone usb computer gb space fit microsd slot,2
gb size fingernail price da thunk work fine sansa clip zip using rockbox software probably fine original firmware but tried nota bene: sdhc xc card come factory formatted exfat rockbox least probably software reformatting fat required device software support exfat care caveat using mp bitrates comment speed issue dark red printing card hard read compared white gb card awesome thank sandisk amazon amazing value less dollar gigabyte work fine sansa clip zip rockbox,2
held data transferred pc seamlessly far no problem corruption month apps move phone sd card quickly great card,2
work great nikon never run space downloads : great,2
card worked well last two smart phone hold favorite music enough extra storage photo fast storage,2
needed large size micro sd new phone large music collection well large photo collection thrilled find large micro sd no worrying large file could no worrying taking video snapping extra photo much data tiny sd,2
first not rating product star like greatest item ever rating product follows would product bought retail store worth money saved buy online happy product got mail yes give star not rating star cause best product class person decide also updating review see fit decover something future thank taking time read review sandisk sd card year phone lasted tough time high heat bought add movie daugther galaxy note tablet no change needed format plug play buy product new samsung tablet note work : sandisk pny,2
anyone ever doa chip ever lost use but sandisk good brand work box,2
work great great video capture since class rating work shipping fast well great price amazon,2
got several tablet far happy actually one phone one tablet one backup traveling far great tablet,2
love love sandiski sd fail replaced felt no reservation buying another brand no problem love love sandisk,2
best price deal getting good name brand not actually used storage date glad storage good deal,2
know best industry quick transfer nice result micro micro,2
worked able find system format second card sandisk sent unformatted need get act together meh,0
saved tablet photo free apps oodles stuff see way ever use memory great storage,2
may think not worth spending extra buck version micro sd but trust transferred gb music minute original version took minute computer definitely worth extra buck faster cheaper counterpart,2
supposed fit mom camera hold lot picture easily slide slot far no problem micro sd card,2
expected five star,2
say said already product fast delivery excellent packaging right price work perfect samsung galaxy sii looking forward buy gb new perfect,2
ordered amazon fixed price cost usd product great however priced think gb thumb drive go usb sale brick mortar store last week product released least month ago sandisk company like drag foot squeeze people older card like gb card say gb gb tb tb micro sdxc uhs uhs ii card use ex fat file system tested g g note note pro card read fine thing better would gb card better price,2
allows recording highest quality canon camcorder whereas many others not allow high quality recording sandisk good product,2
storage price always go though say rate interval time la moore law not smart time purchased good price amount memory year time probably laughably expensive sum pittance storage oh well phone worry number photo duration video take large capacity medium wallet hit,2
picked sale work show mb yes megabyte card anything already threw away original packaging sure returning going huge pita update: writing albeit short review found not uncommon also found card deliberately crippled despite product description saying sandisk ultra microsdxc uhs card work microsdxc compatible device motivation needed process return rather replaced work,0
use hero white edition camera fpv done video date without single problem used hero white edition,2
speed penalty exfat used oppose ntfs using atto formatted exfat:read speed mbswrite speed mbsusing atto formatted ntfs:read speed mbswrite speed mbswith exfat write speed actually fluctuates transfer size increase but using ntfs speed consistent tested lenovo using built sd card reader decent speed card size,2
got defective memory card showed gb instead gb returned replacement never got replacement got money back went walmart sandisk ultra gb microsdxc class uhs memory card adapter,0
lot mp photo work no issue gb samsung galaxy iii phone added gb memory galaxy iii,2
far best sd ever owned writes read crazy speed easy use connect device im glad bought plus waterproof shatterproof freeze proof g force break incredible best sd card,2
work great no issue tablet recognized immediately speed great lot storage no compatibility issue report exactly advertised,2
bought three three worked upon initial installation no formatting using notebook computer built sd card reader saw transfer speed mb writing mb reading simple copy past file old card saved computer speed much slower stated maximum card manufacturer but would expected small file like example read write time close faster old gb class sandisk micro sd card definitely performance gain updated card thing considered gb storage class card leading manufacturer steal highly recommend card no problem galaxy evo,2
got samsung galaxy phone additional storage originally another card apparently not fast enough something gave error shooting videoit would let shoot video but not watch backthis card fixed problem fast card,2
card work like charm gopro hero pay attention though size fingernail could get lost easily also keep track adapter need download image big memory small package,2
card hold hr hd video gopro hero adapter come work great work great,2
bought special deal happy decision purchase recommend super purchase,2
say open box plug work thats say item work,2
worked immediately inserted gb recognized really bug but wish got full work,2
great price big storage great job first smart phone great price,2
product work exactly promised installed samsung galaxy iii without issue photo video music no worry using main memory data intense item work great,2
drawback darned packaging tiny card seriously plug done packaging aside working buy good card,2
last san disc micro card stopped working randomly got one replace perfect way faster last one good price perfect,2
worked like absolute charm psp going reduced price ended buying nd new samsung tab even though need extra storage yet psp,2
good work well canon powershot but not used make vedio canon not know work well,2
bought tablet worth pay couple buck quality instead trying seek rock bottom priced bargain sometimes lot counterfeit card but worry suckered like buy sandisk quality name brand memory card working perfectly great card,2
always buy san disk issue brand always work every application used phone camera tablet etc great,2
well known brand great price work expected scandisk would tell friend purchase one good micro,2
unknown reason could not find locally needed security camera suppose odd application people but found amazon received quickly sandisk product worked well record come go driveway micro disc disposal need information needed received quickly,2
listen got sandisk kingston card phone samsung galaxy note died less year luckily phone synced dropbox otherwise would lost valuable pic including first summer family vacation far good sandisk month catastrophe update review but right working really well waaaaaaaaay better kingston,2
amazing much stuff save little card sandisk always reliable would recommend amazon seems best price good deal,2
bought wife sale black friday coming good use since appreciates fact extra built storage phone able hog pic music game great deal great product not,2
really know say accept job use sony action cam far good : great,2
purchased special price right work great plenty storage space great price sealed deal great price work great,2
card want high end smartphone camera no trouble setting fast speed transferring old sdcard data back onto one hesitate galaxy similar,2
use logitech alert camera outside element perform better importantly last longer card great use video camera,2
sandisk one top brand removable memory expected worked right package use gps work expected,2
work great dash cam gb yeah would say win work phone digital camera well work great,2
go wrong purchasing memory card memory store fast reliable gopro hero cam one store hour video time lot image never keep track much space able store many video image memory card highly recommend sandisk ultra must gopro hero cam,2
within hour using memory card failed died kept saying memory error could never get dashcam camera record anything went walmart got microsd not ultra working day far right no way tell getting online oem knock offs price good true probably made distributed mofia lol although package arrived time never buy product online seller amazon waste money buy cr p,0
received friday followed review another person formatting disk using format thing motorola droid razr seen huge improvement phone much faster apps open close much faster also go camera highly recommend worth price placed music yet except picture phone cheer vast improvement phone,2
memory card fit phone fine memory apps great price well item well packaged showed within time frame given great,2
bought phone samsung galaxy siii seems work fine not much else say suppose work samsung galaxy siii,2
beware guy bought one superior electronics outlet arrived completly dead tried format window galaxy no go tried everything possible fighting card day no success far no response seller last hope amazon refund otherwise wasted u worst mistake ever made,0
received promptly envelope envelope inside held plastic bag clamshell card adapter inside clamshell kept clamshell storage card put palm tx pda yep still use pda work well mighty fine sandisk ultra microsd card gb,2
great price reliable got various device issue phone music player awesome amount space great card,2
fast transfer retrieval data phone especially video shooting easy find becasue color difference black seems easy misplace trading adapter fast,2
got galaxy thing lived expectation speed performance writes fast taking p movie burst shot function creates many hd picture awesome micro sd card,2
great little card no problem thus far load movie watch away work great galaxy note,2
exactly advertised better memory card drive need gb microsdhc card definitely work come standard sd card adapter class speed capacity advertised,2
bought galaxy note function properly completely useless tablet put movie book streamed google play put apps not allowed put micro sd slot tablet use anything but backup backup might add already cloud amazon great job delivering bright spot realization spent dollar chip going better job cleaning dirt grout helping memory tablet holy crap,1
ordered put music picture window phone work perfect like every sandisk product purchased would purchase need another one great usual,2
work well samsung galaxy stratosphere ii lot storage space good video music picture come adapter wanted could use spot regular sd card but really meant use voice data recorder camcorder phone class handle recording playback hd quality video important newer phone record way good card good card lot memory fast,2
bought sandisk gb micro sd card class dec new galaxy used song video pic started acting flaky april would unmount remount problem playing music completely died would not even reformat known issue write back try get sandisk replace sandisk micro sd failure galaxy,0
almost year card no problem far used first gn note edition finger crossed expected,2
much memory used galaxy allows massive overkill external storage fast convenient fill memory need,2
monday november put galaxy without formatting restarted phone showed g gb space transferred file old gb card moved music card phone connected computer usb cord still lot space left various music player seem see music tuesday november card show phone afternoon no message no song play no card according everything could check phone restarted phone got notification sd card corrupt needed formatting would loose data card restarted phone without formatting card came like never missing writing thursday not another issue card december well know think card disappeared reformatted fat attempt fix problem whole point getting large card music phone not stream cloud tried several music player went poweramp good review could specify folder play poweramp looking folder mnt extsdcard music playing song subfolders poweramp tell folder not available card gone missing one time restarting phone fixed problem today poweramp would not play got home found music folder gone also ringtones folder also gone may not sharpest saw shed but know not delete folder card folder but not two not reformatted starting think problem galaxy gb fat card phone previous htc phone card not large enough held music know disappearing not wish combination phone gb card reliable but know problem lie lowered star but really know problem card phone know not seem playing well together december notification phone morning sd card corrupted needed formatted restarted phone several time got notification time reformatted sd card using phone step think tried yet december another minor problem message counter get stuck no new message fix found restart phone happened morning got corrupted card message but restarted card came ok december file card keep disappearing card mounted phone show correct free memory but poweramp file directory program not see file card restart phone file come back strange played music day today without problem evening file disappeared restarted phone well december phone upgraded yesterday issue remain crap shoot music play take lot photo use service zenfolio store display app syncs zenfolio keep phone size version photo phone set app store photo samsung sd card similar issue data phone go away morning sd card came corrupt restart get data back took total restarts get music photo back december trying play music stored card today phone reset several time frustrating ordered sandisk gb mobile microsdhc flash memory card sdsdq g affp today see issue disappointing december purchased installed thesandisk gb mobile microsdhc flash memory card sdsdq g affpand copied file gb card new gb card no formatting no fuss no mus not phone reset since played music bluetooth hour car viewed photo everything work half memory but always available phone work good trade still disappointed gb not work sg purchased aelago mobile nano ii usb microsdhc flash memory card reader black use gb microsdhc card thumb drive not work external memory samsung galaxy,0
using samsung g cell phone memory card expansion work ok allthough not card but phone slight issue reading massive sd card high compacity hope samsung release software firmware update resolve issue reading card boot phone sometimes found simply restarting phone usually resolve issue reading card error message overall minus slight issue work great san disk gb micro sd card,2
hold lot stuff need least think need long road trip work great samsung galaxy tab,2
pluggesd microsd csrd worked perfectly sandisk solid performer recommend product anyone neededing level storage speed great expansion microsoft rt device,2
bought new samsung galaxy note phone needed expansion card boost memory photo music cheapest gb card could find work well good price,2
never issue sandisk always buy trust product bought one sansung galaxy note work nicely wife loaded book music still huge amount space left trust worthy,2
sandisk ultra gb microsdhc class work best dash cam bought mobile micro sd reader use read small card work great nice clear,2
bought year ago problem working properly sprint e gt galaxy sii card kept waking phone read sandisk acknowledged problem android device shipped new card returned one new card still problem gave card fast got good deal price pretty disappointed may not work well android device,1
work great samsung galaxy fast reliable could want data storage device work great,2
hi:i ordered two card arrived next day even faster prime unfortunatey gb microsd card designed work ex fat ex fat fan ever plan change card able take previous gb microsd card ordered put adapter format window desktop ntsf fan find much stable tablet card intentionally crippled format card ntsf monday ex fat tuesday fat wednesday ex fat highway sandisk use easeus partition master format card fat device camera mp player many many many others support ex fat said get one shot formatted fat attempting format back exfat ntsf hose card reformat ntsf no matter tried bother trying format computer ex fat choice card need special utility format anything ex fat supported buy designed fail shame sandisk update : spoke sandisk technical support confirmed sandisk ultra gb microsd card not compatible android would class sandisk ultra gb microsdxc class uhs memory card mb adapter sdsdqua g u well sandisk gb mobile ultra microsdxc class uhs mb memory card sd adapter new version retail packaging komputerbay sdxc usb reader not success formatting class card easeus partition master sandisk recommended free utility hpusbdisk exe successfully downloaded softpedia unable format card ntsf but successfully converted one card fat friend want use sandisk mp player course not compatible ex fat acting sandisk advice returning unopened class ten card komputerbay reader spoke patient gracious tier one tech support person party line seems consumer use microsd card phone know thinking: camera mp player tablet adapter anyway known issue confirm class gb microsd card formatted window back forth format returning four class card back class six still unconscionable deliberately design card incompatible hope sandisk come solution recall card buyer beware update: received two replacement class gb microsd card took less five minute open horrible packaging perform quick format ntsf done gave friend class gb microsd card formatted fat hpusbdisk exe read computer turn class card not incompatible device bur also usb card reader another trip across town confirm iogear sd microsd mmc card reader writer gfr sd green gray selling amazon work countless hour wasted effort friend card formatted fat work sandisk mp player sandisk admitted card not compatible androd android tablet majority android phone card intentionally crippled design quote friend: per sdhc standard format fat sdxc gb larger spec call exfat microsoft limited o format larger card exfat not allow fat also seems found way also block ntfs thus far android device read exfat refuse pay licensing exfat file system masochist buy card everyone else unsafe speed designed incompatibility support sandisk,0
six month no problem awesome thanks awesome,2
thought every app could transferred sd card but no description said would speed device little but think got slower samsung device not faster not improving also love sd card realy recommend but pitty partsnto still love nice,1
worked exactly advertised good price happy purchase probably wait gb version drop bit price get one phone one wife good enough,2
not lock perfectly surface lock but force give gb installed not lock perfectly surface,2
ever use sandisk never problem wife new st smartphone needed class amazon always best price either u amazon uk way best,2
plugged little dude galaxy living luxury able store carry around music good value would highly suggest great product value,2
ordered two gb two gb version memory card but write one review per amazon two gb card went camera cell phone accept gb card one gb card went samsung galaxy cell phone second gb card spare galaxy phone accepted gb microsd card no problem except fact galaxy recognizes gb gb microsd card no idea lost gb empty microsd card but okay guess gb still plenty transfer music video picture phone internal gb memory gb microsd card wayyy faster old sandisk gb microsd card noticeably faster speed desktop computer gb microsd card also smile inspiring sandisk microsd card work great seem operate pretty darn fast definitely faster old gb sandisk microsd card installed camera cell phone shipping dismal ordered two gb along two gb microsd card august amazon gold box sale according tracking feature even transmit shipping info carrier usps august four shipped together receive september full day ordered little two week four tiny item indicated amazon page stock ship sold amazon com time purchase also shipped four tiny microsd card package way sized box usps fit mailbox make cross town trip u post office stand long slow moving line pick box could four easily fit one small envelope even small padded envelope left packaging feedback already rd straight time amazon shipping horrible last several month star rating not amazon shipping remember horrible shipping,0
samsung g not enough bough g plug storage far no problem music video copy delete file kind thing still good ex storage,2
needed good price using work well take picture instant nothing say,2
said card made leader flash memory reasonable price fast fast reliable reasonable,2
great price super big storage work well far no problem highly recommend smartphones tablet sandisk ultra gb,2
good memory card no issue work price great able find lightning deal,2
give star formatted provides gb not clean would expected sandisk product especially class product need better qc,2
like gb micro memory card lot storage space video photo use spy camera mini clock radio nice mico memory card lot storage,2
fast affordable cheap microsd card could say san disk definitely good brand buy sd card job,2
may worst memory card ever purchased bought lot card year wish stuck adata cardsfirst issue lost bunch photo not exist never took but since large gap file name know sure didof photo taken middle disappearedi could not even recover using deep scan tooli shooting digital since mid first time anything like ever happenedthen cheesy sd adapter switch loose switched locked taking picture luckily camera warned card read already taken bunch shot saved without issuefinally figured could use samsung phone no luck second put took photo got error could not right card could no longer see gig photo ityes may know issue card see review mentioned see sandisk replace but cannot replace photo lost keep mind considering card cheap adapter lost photo,0
bought two one galaxy samsung tablet no problem using either one definite must highly recommend,2
work great phone running space but came rescue take pic space,2
know title say actual amount card really good card greater difference per advertised amount use lenovo lynx tablet work perfectly gb awesomeness,2
chose size physically virtually recently got new phone support gb lot music photo video no brainer especially since rare find gb micro sd sandisk one find but not bad thing trust brand kind hard review micro sd work work not much get job done,2
used sd card nvidia shield work advertised quick transfer speed fast reliable,2
bought android cell phone moto droid x work great fast play mp no skipping transferred apps could moved sd card no problem create internal memory space sure necessary get class card but sandisk ultra gb allowed purchase good quality card reasonable cost work great android phone,2
card lot room everything class card not go wrong lot room,2
not much say good quality sd card job presently galaxy no issue whatsoever expect work expected,2
bought micro card use security camera continuous recording work perfectly ideal size night surveillance san disk name offer confidence quality perfect ir camera,2
installed working ok far four star,2
bought accident samsung galaxy but phone read accepts gb happy camper worked first time bought one galaxy tab no problem awesome card work galaxy tab,2
needed tablet recommend product getting one phone fit expectation great,2
este fue una buena compras ha sido todo lo que esperaba del producto fue un bueno producto llego en el momento indicado nice product,2
not sure else say work use card sandisk wireless flash think buy couple work,2
shopped around bit far best deal card work great galaxy great price great product,2
really enjoy generous storage space samsung galaxy siii every long unmount remount drive but doubt card likely phone would highly recommend work expected,2
described took week arrive china but real thing picture speed good mb read mb write described,2
great card but poor packaging understand manufacture seem think putting plastic wrap card good anyway card high quality sturdy quick save pull information wife samsung galaxy great card,2
got allow store move movie photo hold lot playing video straight card work fine needed generally go wrong genuine sandisk product lot space decent speed,2
micro sd adapter work fine no complaint one thing would wish little less packaging packaged something sent mail order work fine,2
gave enough storage record long scuba dive full p fps without transfer computer thats close hour come adapter use sd device happy work great,2
really excited get changed microsd card phone since got original droid excited see much faster write read speed would worked great first but phone started tell unrecognizable kept ejecting thought maybe formatting issue reformatted phone galaxy but thing week irritated decided give return get another one scared would thing many people issue card galaxy surprise new gb card amazon sent back working great one would ejecting every hour really happy amazon return policy fast easy honestly say never returned something fast easy literally sent next day delivery no cost reason gave one star return first one product great fari extremely happy amazon service far sd card definitely get another one worked like one got phone but first one sent work,2
easy use no thought necessary plenty storage movie use microsoft surface pro best bang buck,2
use samsung galaxy never issue recommend least gigabyte card smart phone best card ever,2
work great last long time reliable,2
purchased card use gopro hero keep p video wrote know would k video but gb enough type quality either bravo sandisk fast enough,2
got use go pro cheaper getting regular sd ultra card class read write speed quite good regular sd ultra card class but get job done shipped fast great price exactly described work great,2
great micro card wife moto defy xt lot breathing room install apps take pic vids great card,2
data speed kinda slow but enjoying card thinking buying gb nice buy nice buy,2
purchased increase storage tablet plugged worked immediately affordable not tech expert but seems no problem saving large video clip playing back cheaper but seemed better review went one half cost cheapest one could find big box store purchased samsung galaxy tab,2
loaded mp collection no time use phone came sd adapter small packaging almost nothing throw away card worked great phone far no lag video audio good deal usd fast card,2
others found card not last mine died less month lost several photo not backed yet warranty replacement died within month go another brand using kingston far month later still working stopped working within month,0
far no complaint excited price excited size hope file get erased randomly try update week far no complaint update later,2
fast hold music larger apps five star,2
far worked well store need great feature another nice feature red paint really drop little card black version often hard find red easy spot glowed dark lol scandisk class great long movie take ton photo,2
fast save nikon coolpix test: traveling tablet laptop camera laptop crashed no longer able transfer photo camera laptop via class sd card bought microsd card big box store class class microsd card adapter worked nikon coolpix but kept seeing message wait card finished saving since switching sandisk microsdhc class no wait message camera perfect camera,2
work well device tried note hisense pro razr no complaint great price ton storage great card,2
excellent secondary storage device one installed mobile phone one tablet greatly enhanced multimedia option phone song room tablet full length good quality movie loaded good product,2
purchased use surface store quickly easy use really like sandisk make compatible regular sdxc micro good product work well,2
using samsung galaxy gb unlocked smartphone problem write fly card get slower slower point p crucial moment say example want access video doc actually get file lost faith card buy capacity but always remember not reliable fast access sandisk ultra gb microsdxc class,1
added space movie game book picture music also great relive carrier stock space major u carrier supported gb version make andriod phone happy,2
plenty market but sandisk brand trust great size really good value work great,2
bought recently acquired gopro stuck no problem would recommend card looking micro sd electronics need great balance price performance reliability sandisk reliability,2
bought new phone work great no issue save picture card fast transferred music pc card fast play view picture video no problem work great samsung galaxy,2
work perfect gopro camera always found san disk best would definitely buy great chip,2
different brand sd card keep coming back sandisk price quality great great price great quality,2
high speed class memory work great new microsoft surface rt saved addition gb m work past decade fit gb cost less class card word fastest price plenty fast but reviewer nlee point easy confuse much slower class card careful compare card worked soon plugged no problem highly recommended test transend microsd faster see first commend one url but performance likely limited reader sandisk popular good reason selling microsdhc card amazon also mean popular counterfeit likely source poor experience recent source estimate million purchased ebay others confirmed getting fake amazon vendor come sdhc adapter expensive card may want consider reliability compatibility issue others :transcend information t gusdc gb micro sdhc flash memory no box adapter without adapter samsung gb high speed microsdhc memory card sd adapter adapter item also got m surface rt:belkin usb port ultra mini hubfosmon hdmi micro hdmi cable foot hde wireless usb presentation remote clicker penvg hydei edition black nylon protective carrying bag removable shoulder strap microsoft surface window rt inch cleartype hd display tablet gb gb plugable usb fast ethernet lan wired network adapter macbook air chromebook window wii wii u linux specific android tablet asix ax chipset gogroove dynamix noise isolating earbuds w microphone google nexus samsung galaxy note asus transformer coby kyros kindle fire microsoft surface ipad incl cleaning kit high speed great price,2
choose card eliminate worry travel far away home quick look strong must gopro camera,2
storage phone easy insert really small hence micro make sure end losing get phone really happy product decent price yay,2
started acting erratically month little month file gone not able backed hope get least picture back glad back photo automatically died right return window,0
sd card work perfect would expect would recomend sd card one camera described,2
never know write type item sandisk name brand never problem product work great kam extreme video glass data transfer easily desktop pc memory card,2
got new razor max hd gb wanted add memory paid buck sandisk always worth phone recognized additional memory good go gb sandisk quality never fails,2
not lot say memory sits phone no issue not appear lag memory nothing exciting,2
actually extreme version but price double since not planning shoot k no need pay get no improvement grabbed one father great gopro hero black edition card worked expected work great p fps gopro imagine probably would work maybe would work k but not bought intent perfectly suit need great gopro hero black edition,2
price micro sd per gb much lower compared year ago work fine lg g x galaxy note new phone pixel p video internal storage going dry fast external micro sd definitely must gb gb running fast : gb definitely welcome especially buy sale pro: bought sale usd class fastest trusted brand: sandiskcons:none must buy phone tablet accept micro sd,2
think title say card super fast work great happy phone samsung galaxy siii super fast work great,2
bought go new samsung galaxy note tablet bought work like charm big enough hold data expect,2
wasted time money trying company sd microsd card work right died not price pay but rather value get let tell ya sandisk make best memory card period bought one card samsung galaxy note phone mostly movie music usually use anydvd handbrake program convert movie large mp also playable samsung tablet simply copy paste movie music little card phone tablet read card without problem cannot imagine phone without bought bother anyone else,2
sandisk announcement first gb micro sd took internet storm phone evolved multimedia powerhouse display desktop grade processing power otg support external peripheral accessory powerful camera thing missing super high capacity internal removable storage affordable price gb micro sd announcement finally filled gap supported amazon current sale shipped but question still remained older smartphones able handle recognize capacity personally curious considering original note spec calling support gb card ultra edition read speed mb class performance part ultra edition considered waterproof temperature proof x ray proof magnet proof also shockproof addition flash card also includes sd adapter compatibility digital camera also direct reading laptop pc support sd card come verdict: work note note stock verizon sch version running stock android checked card first adapter laptop mounted note recognized right capacity also ran sd benchmark app long accurate benchmark test verify success read write speed not quite near mb but still pretty good opinion card take multimedia powerhouse note next level limited store favorite album flac audio format small library favorite movie stored permanently take high def video always stay date backup flash card fails covered warranty but picture video lost forever super high capacity excellent price amazon work great note,2
used smart phone month no problem read review specific decided best option not issue would recommend product samsung galaxy,2
work great price ad use music picture cant beat quality reliability brand great price,2
bought galaxy tab formatted fat work excellent enough space ever need tablet going buy another one handy cam great,2
bought go galaxy note ii phone recognized started using immediately automatically happy purchase would recommend anyone galaxy note ii storage space android phone,2
pretty good hiccup pretty helpful fixing problem used go pro work freaking great great device,2
not cheap but really quite amazing fit much info small item already gb version expect perform come adapter also plastic case hold micro sd card adapter nice almost wish made bigger capacity version use gopro even gb model fill quickly amazing technology,2
get gb space razr maxx swapped place factory gb one system format caused phone reboot but reboot full storage space seems quick enough load not done full file transfer test but loading song onto took half hour work well razr maxx,2
got sd card android tablet complaint tablet installed file system computer would no longer recognize sd card still love great item,2
needed place shove music video party portability write speed around mb second no barn burner but read speed good enough playback p content really count rock surface pro,2
work flawlessly dont buy sd card unless sandisk never problem know class speed true rated compared brand always choose sandisk,2
yep work like great,2
micro card snap insert tablet extra storage ever need use sandisk card camera also cause quality product got one great price tiny but sweet,2
installed one galaxy nice addition hd movie audio file stream card perfect fast reliable,2
work great samsung galaxy note gb total memory awesome price quite good awesome,2
correctly priced bought use surface pro work great box transfer speed excellent great,2
used many sandisk memory card year one rank way like others using samsung tablet want cannot comment speed since issue storage quite gem bought pretty cheap another quality product sandisk,2
got micro sd card strictly hold music htc one able fit approx album ripped kbps vbr aac format using dbpoweramp ask anything better star work great htc one,2
work fine galaxy phone room know lot room,2
work fine samsung galaxy note no need format although recognized soon popped gb usable arrived really fast nicely packaged would order good,2
would pay costco but pay sale tax card lower price nice good card good price,2
really know complaint posted but bought sandisk micro sd card already phone wife daughter phone store lot movie picture video etc work fine no issue complain work using month no problem,2
slr sd card take time next click thought would solve problem say faster way better product but see happening not something thought,1
sandisk make great product always try buy name sony digital recorder also bought sandisk make great product always try buy name,2
got ultra becuase said let camera phone save picture faster seems also great price seems faster,2
purchased micro sd card adapter supplement ultrabook came msata storage gb gb sd card whole lot storage price fallen low recent time believe fall newer technology come would recommend gb original sandisk micro sd card anyone need large storage space good price especially samsung galaxy ultrabooks good price large storage,2
not much said sandisk make best sd card even washed mine washing machine mistake still work never go wrong sandisk,2
item work great but maybe better price would better use phone work great good deal,2
using card nokia lumia year give decent speed work good no issue good product,2
use galaxy carry mp ipod classic gb complaint not unit but smartphones general still sensitive used true mp player replacement not careful may crack screen phone try use purpose medium player ipod classic five year old yet screen crack definitely hold better gym phone anyway sdxc card great great mass storage device smartphone,2
amazing much data fit tiny card day saw gb class card snatched android tablet hold library kid dvd movie converted tablet video kid watch road work great kid love work great,2
overall great price per gig real money saver expands tablet memory fold well keeping crashing great product good price,2
not much say work well samsung galaxy tested read write speed but seems right class card far good,2
read lot review not working month no issue yet work fine,2
seems work good gopro day problem coming month update not work trick,1
find card seems frequently stop working altogether reformatted simply seated hard know fault device use cellphone card really hold but say experience card not others may unreliable,1
love micro sd card everything wanted needed packaging hassle free easy open amazing,2
known brand good packaging working well phone wish review not require set number word work,2
bought father definitely enjoys extra storage space came timely manner easy install great,2
product work described not super quick would recommend product especially get sale job,1
placed better half samsung galaxy cellphone blown away speed phone comment time time hear oh wow good go,2
always happy sandisk purchase currently using microsdxc cellphone samsung g enough picture video document downloads fast read write excellent sandisk,2
quick clout behind name error fault three bought thus far keep mind dime dozen day but not equal stick dependable brand like sandisk spend extra dependable quick reputable,2
fast memory card excellent price amazon well still amazes little fingernail sized memory card hold x data hard drive first computer highly recommended fast,2
sandisk life upto name pioneer sd card fit need today high performance apps excellent durability fast transfer speed amazing,2
got good price nice gb extra space medium use phone could not use storage,2
acquired card month ago use phone samsung galaxy taken issue micro sd card really bad camera take long time ready repeatedly reset phone absolutely not recommend previous phone used micro sd card gb samsung brand never problem correct problem instability recommend formatting card problem remains live outside u must acquire excellent quality product cost returning exceeds cost product next time buy card samsung brand never gave problem bad card,0
capacity price go wrong not sure class but recommend higher class video would recommend product good luck murr murr eee card,2
great little micro sd card gb storage awesome dependable brand brand device always work like charm great storage card reliable,2
work great samsung note samsung ativ slide nothing else fast reliable,2
bought month ago still work great using gopro snowboarding taking heavy fall zero issue excellent deal,2
memory arrived intact delivery fast use galaxy lte funciana perfection longer able record video good product recommend,2
installed card nook tablet attempted transfer video card window xp computer transferred okay others not thinking card defective bought another one card type installed result no problem transferring video card window computer compatibility problem nook tablet xp operating system,2
buy gb fast writing speed etc happy product no issue yet good product,2
great lg optimus g super fast transfer speed no lagging game many game android fast,2
bought samsung galaxy fall card work perfectly day bought card may galaxy continuously mount unmounts sometimes not even recognized pc amazon awesome pre shipped replacement thing though according cnet sandisk acknowledged manufacturing problem card back january said fixed but bad card must still sitting warehouse returned ordered samsung gb micro sdxc card slightly slower read write spec but work perfectly tell difference speed compared sandisk work awesome not defective,1
great micro sd high speed card digital photography use sony hdr cx g storage sufficient short program sandisk g microsd,2
use sansa clip zip gb mp player gb music included adapter allows remove card player add subtract music using standard card reader computer without plug mp player done slip micro card back player let mp player refresh good go card class unit also good expansion port video camera well v used mp player gain space,2
amazon best price period used card samsung galaxy tab no issue sandisk know buying,2
good bye video camera stick galaxy phone take high def video day ton storage amazing price wonderful family movie,2
great speed dslr smartphones great sandisk quality usual although brand may cheaper time normally look sandisk first usually buy brand unless large price difference gb good price,2
product arrived time expected worked exactly advertised good buy product used part surveillance system great price delivery,2
purchased sandisk gb memory card get full benefit samsung galaxy note received amazon inserted note within second recognized show gb installed ebooks magazine music pdf file photo several full length movie still much room spare price right wanted uhs speed take full advantage note sandisk memory card never failed pleased card excellent memory card,2
black friday discount price great got free shipping bundling item meet free shipping come sandisk package nice know not black market knockoff bought baby best price could find,2
ton storage read write speed added bonus blow people away quick phone ready take next pic needed,2
sandisk best ultra even better currently using dashcam installed vehicle shame smart phone seem going away external memory eventually start charging cloud storage sandisk best,2
work fine far easy quickly upload data microsd bought daughter us samsung galaxy note tablet also purchased amazon update see issue work fine far,2
nothing bad say little guy arrived expected fit device work stated :d good,2
work perfectly take microsdhc galaxy player use adaptor plug imac no problem work great good price,2
work perfect no archive issue look feel pretty durable recommended high end video photography device great card,2
tried copy file astonishingly mb not sure others getting low speed read but think computer mine running core ssd gb ram probably nevertheless see durable microsd card mb,2
bought awhile back must say worked fine exactly needed nice worked great,2
half year still not believe manage fit gb small piece plastic : tinny but powerful,2
writes according sandisk app test speed mb second expected little mbts sec,1
perfect fast microsdxc need surface tablet plug play operation no issue awesome product,2
gb card unredable tablet cant read camera cant read unable format dont havve word less not working,0
bought card samsung galaxy unfortunately failed month contacted sandisk promptly sent another going strong month failed month but quickly replaced sandisk,1
say work like advertised flair design fantastic gopro get great card,2
want ton storage phone device answer card also fast watch hd movie shoot one phone no issue whatsoever upgraded g card newer faster one really tell difference faster card worth upgrade price fast,2
really much anyone say bad sd best around sc card best get sc card best get,2
get worked memory card usually try buy least class sure fine card one purchased defective replaced another brand not wanting try twice mine defective,1
got card specifically use making clockworkmod philz recovery backup tried using gb card but neither recovery properly support exfat file system yes reformat fat really want but not optimal besides really want carry gb data backup around daily basis could carry music video instead leave card safely tucked away desk use necessary work great clockworkmod philz backup,2
use store music stuff cell phone no problem bad sector included adapter great using computer no problem,2
fast memorycard type memory card purchase grown grown gb great memory card,2
far experience sandisk memory product nothing but excellent work product tried reliable two gb card one used samsung galaxy sony nex camera solid reliable performer,2
fast card year still working fast,2
reason love non apple product increase memory microsd much cheaper class sandisks amazing bought several gb gb every single one lasted gb month no issue gb year great would highly recommend product great price increase memory fold,2
prosit copy large file card mb choke slammed hundred little file like picture mp writes mp image quickness p mbit recording smooth lg optimus g e waited get price ordering usual amazon prime awesome consnot fast gold gb sandisk microsd card but gb form factor faster anticipating slightly advertised speed exfat barely rated speed fat :,2
see htc hd cyanogen android rom wanted maximum memory capacity various storage need including shooting hq video used patriot gb class but performance expectation badboy right peroformed like champ smartphone alert : work htc hd popped card laptop transfer data got no less mb write speed spec card apps access faaast far pleased update use intensively well done sandisk well done product,2
one microsdhc disk hold mp player phone recorder camera etc sandisk ultra gb microsdhc c uhs memory card,2
super addition tablet give space need music satisfied quality well price music saver,2
fine product using mine year never punked bought another one use spare delivered time reliable priced fairly sandisk ultra gb microsdhc c uhs memory card adapter,2
samsung galaxy tab bought g microsd card please keep mind know nothing computer able put device format tablet read would never mount tried format computer still wouldnt work although would formatted remember using default sent back amazon sent another one amazingly fast service thing called amazon knew no issue tablet accept card would think customer service dept would stay top post found huge issue third card research whatever reason sd card work must formatted fat not exfat but rub window allows formatting either exfat ntsf first thought adult swim reference suck mean use card format properly but wait super easy fix idiot start finish took second reading instruction ta duh micro sd card work fine thank amazon excellent return policy super fast super easy super friendly but live customer service know fault operator nice seemed genuinely concerned tried make right ok no stalling address youtube video link website description link website description used default worked perfect search youtube convert fat samsung galaxy tab not work convert exfat fat guide idiot,2
perfect no complaint used video card almost hour video little piece ha remember vhs tape getting crazy work great,2
never problem exactly made love sandisk product smooth operation high price but worth get like save waiting day two enjoy sandisk ultra gb micro sdhc c uhs memory card adapter,2
people often ask bargain basement pricing no name brand medium know cite experience cheap medium cheap medium prone failure worse complex format one sdxc format crammed ton memory module little bujgger know say go experience go leader field pretty much sandisk top heap rest trail far far behind volume precision assembly technique vote sandisk every time unless experience changed anomaly keep recommending sandisk others rated mb sec write speed enough keep even fastest real camera phone camera wild certainly keep samsung note mega pixel rocket camera one shoot fps burst mode taking certain shot work camera perfect chance work setup great also buying sandisk memory module cost others max right say buy one winner respect wavey davey sandisk make mean sdxc series micro usb chip,2
familiar sandisk quality product obvious installed lumia work great microsd right,2
bought garmin gps work well also adapter sdhc size memory card plug reader micro card reader sandisk ultra gb microsdhc class uhs memory card,2
bought two back gopro hero one amazon gift bb not work camera thinking gopro new update kept getting sderri returned worked no problem note boot legged product hard todetect but item received amazon prime beyondhave great got stuck bad batch gopro recommends hx hc xc extreme micro card camera,0
great buy sandisk gb memory worked well samsung smartphone mainly use extra memory save photo music like adapter use frequently copy file desk top pc saved money buying sandisk amazon sold double price staple best buy,2
bought use video camera super fast hold ton data buy one great,2
great price great manufacture item met need new phone ample storage using device good memory card,2
memory card work advertised no issue using gopro hero no issue,2
say card work honestly not fan sandisk since gb ultra microsd died soon baby born lost several week photo quite angry fair send new one sent photo old one snapped half good solid card,2
lot room phone overkill but extra space wasted never use gb,2
chip done well samsung galaxy note would highly recommend getting brand brand failed taking data love,2
microsd card work well mobile phone tablet pc delivered speedy way ever expected love would recommend friend great microsd card,2
use tablet say work tablet break no remark good,2
ordered two one one sun use galaxy phone never hada problem never worry space phone work perfectly,2
randomly died nowhere camera min card worked turned camera back min later card no longer worked no idea happened but seems common problem card randomly died,0
bought note extra space also use one note no problem recognized samsung would let install apps but not card fault work great note,2
got galaxy note started receiving unexpectedly removed message card dead no longer working googled known issue contacting amazon replacement felt compelled share no longer working,0
fast however im not sure card case water proof normal card told water proof think card faster several others use though new,2
format card st cost video format card use window pc not sure format st using mac used pny sdhc gb card good sandisk cost less think better way go getting result not long video time format st hero gopro,1
first inserted card computer recognize jiggle around card reader took long time computer finally recognize something tried read format card kept telling no disc installed removable drive e wasted lot time trying find cause fix tried different sd adapter soon changed adapter card worked perfectly card not recognized bad adapter,1
memory card work great phone micro sdhc compatible device sure look compatibility device not sdhc compatible luckily everything compatible gb size excellent especially embedded device use mine raspberry pi using adapter speedy fast small card,2
wonderful product may not hold whole library but close enough work great galaxy note need reformat fat good go work great galaxy note,2
little memory card quite fast give ton expansion storage galaxy file transfer phone internal storage usb connection pc card phone lot faster anticipated included adapter using microcard pc sim card slot work tried reading microcard using full size sim adapter three different pc no luck think adapter junk good smartphone add,1
need format card fat using cell phone otherwise not work samsung galaxy kept giving beef handy laptop sitting around port take card adapter luckily one laptop lying around otherwise card work great hold quite bit space giving star initial grief formatting iirc used tool called fat format but laptop checked make sure format,2
seen review micro sd medium complains working certain number writes fails using sd card dash camera last month still working great use every day,2
used on: nokia pureview video photographypro: cheap fastcons: freeze time time disk error message come would lose thing either photographed filmed using nokia pureview order make microsd work restart phone every time error message come go updatei returned exchanged card new one free charge amazon willing pay shipping turn previous microsd ultra class sandisk defective card new card receive work well no error message pop nokia pureview smartphone film take picture without worry thanks amazon not work well nokia pureview updated,2
added card note massive storage capacity phone recognized card without issue solid since installation read write plugged computer blazing fast get massive storage smartphone,2
bought needed storage asus tf tablet largest capacity microsd card could find card came preformated exfat file system recognized asus tf tablet many android device reason take star attain transfer speed anywhere near mb sandisk claim averaged around mb fine utilizing medium tablet but made initial transfer gb file onto card slow process worked right package asus tf tablet,2
gb hold alot say memory card fast mean hold everything need android phone work well issue phone primarily but resolved reset phone note: phone old sony xperia ion lt issue overuse needed reset regardless memory card finished setting phone memory card factory spec device worked like charm still would not overrate though like review not bad problem but not anymore,1
pleased performance price point card no complaint would recommend based price performance fast card good price,2
wife samsung galaxy skyrocket bought replace cheap card originally used space wonderful whole phone seems faster card installed happy purchase great android phone,2
work great purchased two one new cell phone one new tablet great value money,2
little sandisk slow gb microsdhc but cheaper brand work writes bit slow card fill but endemic sd card not bad card good fast cheap: select three,2
bought one purpose plug asus tf tablet worked perfectly nice fast fast enough least full gb capacity recognized work fine,2
using card video music already filled work great playing back medium worked fine sumsung galaxy,2
amazing storage speed could u want almsot cheaper buying full sized sd card z great,2
finally micro sd card use transfer picture computer photo printer work flawlessly great addition computer iphone photo printer,2
micro card also come adaptor allow use sd card used increase memory cell phone worked perfectly sandisk ultra gb,2
fast data speed large capacity worked right bat samsung siii love fact hold large music audio book library device large storage capacity fast data transfer speed,2
purchase asus tablet read write time excellent no problem far came case adapter good price work ad described,2
card recognized gb expected able carry around music without carry ipod well came plastic case sd card adapter awesome galaxy,2
love product place review product not handing handling sucked product great expected,2
ordered replace aging class card used n nook android kitkat card turned usable android tablet n class card brutally slow but tablet useful definitely worth upgrade fast,2
great price great card genuine fast sandisk brand card worked flawlessly sony dsc tx v picture transfer computer fast usb card reader good buy,2
plugged samsung note ii phone recognized without issue everything worked perfectly format mess anyway perfect samsung note ii,2
bought use tablet asus transformer tf backup data flashed custom rom work expected box no formatting fiddling needed come sd card adapter little plastic case adapter android recovery kernel used no trouble detecting whatever default filesystem one thing would note: older sd card reader computer may not able read hc xc micro sd card may want check read support recommend anyone need sd micro sd card purpose cheap tiny massive storage capacity size long device support suddenly tablet storage,2
packaging open easy micro sd card work flawlessly razor maxx hd asus transformer plenty storage phone,2
product work several month no problem holding well thank much great micro sd card,2
purchased two best yes faster sandisk card but work fine note ii best,2
man gb actually amazing gb card transferring apps external card ran memory bad boy move anything want load ton music still ton space highly recommended best west,2
believe small memory card getting fantastic little device fit adapter read mac william review,2
using non stop month without failure problem fastest one able find tiny little microsd huge capacity,2
say sandisk class making sd usb micro sd card long time also great price,2
work great trust sandisk quality would recommend sd card anyone looking large storage card video sd card,2
work great samsung galaxy hold lot data file photo apps may never use full capacity reliable microsdxc class card buy card,2
say need new sd card dodn hesitate buy one great deal work perfectly worked perfectly galaxy,2
popped surface laptop tablet worked straight way little card big memory today standard but morrow future bemuch space maximum space microsdhc card no card bigger no gb microsdhc card good deal fast arrival write gb microshdc card,2
fast reliable huge storage already mobile device transfer speed awesome no problem date great buy great buy,2
used sandisk memory card past never problem worthwhile buy brand name great stable product,2
purchased wxpand memory asus hybrid window laptop tablet came quickly easy open package hate plastic bublbe packaging arrived put micro sd slot tablet worked got sale great value great micros sd card,2
sandisk ultrs gb microsdxc class uhs memory card work good ativ smart samsung adapter sandick,2
need external storage new smart phone qny compatible device best galaxy siii,2
exactly say cheap five star,2
chip fast solid really much say kind memory appealing aspect fact much faster access speed many sd card exactly want memory,2
using fiio x current gb sd card full library bigger gb sandisk gb card price drop free shipping no brainer get accommodate music file worked advertised speed improved but limited read speed player x overall good product big memory space filled need recommended buy discounted price card else get x gb card still cheaper gb sd card sufficient space ever growing music library,2
month ago placed galaxy phone instantly increased storage percent worked still work perfectly able move pic video e book freeing internal storage apps recommended month no problem,2
card work perfectly format pop galaxy use keep movie music cell phone work like charm,2
unhappy sandisk card even back lifetime warranty purchased friend happy great price awesome card,2
best microsd card sandisk brand trust sd microsd card year proven reliable least expensive memory card sollution also bought gb beat price quality best microsd card,2
purchased card motorola photon q g lte well spect card nice fast installed no problem looking higher end sd card phone application gig need go wrong highly recommended work well fast,2
high quality high performance used expand memory droid inserted card good go great expanding smart phone storage digital camera droid,2
bought samsung tablet arrived busted tablet long gone back still got sandisk looking home another tablet looking home,2
good value product wanted gb put music phone easily transferred hard disk microsd via usb cable superior product,2
fast best one get use asusprime could see difference previous one fast,2
used card upgrade memory kid tab moved kid thanks work great,2
bargain gb memory music movie bought galaxy happier much memory iphone would cost arm leg come sd size attachment easily transfer file straight computer work great galaxy,2
bought addition tablet samsung note edition great storing picture good reasonable price memory card tablet,2
microschc work expected not issue whatsoever excellent way upgrade memory mobile device highly recommended inexpensive memory samsung galaxy note ii,2
extensive review research wanted best gb available improve increase memory samsung tab many card but one loaded quickly appears ready add apps preserving meory storage price right delivered quickly even holiday loaded quickly loaded compatible samsung tab sandisk actually use chart show shopper card use device helpful sandisk homesite recommended,2
transfer speed good picture quality good shipped well packed but not taped like,2
purchased galaxie phone fit work not much else say ok price good update stopped working sudden phone started alerting sd chip mounting dismounting caused battery drain hour everything card lost attempted format laptop card not found laptop googled issue found many blog others experiencing problem attempt return amazon stoppd working,0
bought two one go galaxy tab another go galaxy note using problem either far great far,2
died within month stopped able read write : went destroy crumbled easily tiny piece never died within month,0
purchased fellow employee product came quickly packaged original package employee using happy memory card,2
mobile device tablet count state limit sd storage gb but read sd card fact larger would suggest anyone think need space beyond stated limit device quick search line particular make model cellphone tablet see size sd others successful using found fact use sd go search online hdd raw copy tool hdd guru allow make image old sd apply new sd even make backup one sd since sd drive different size image applied larger need use partition manager minitool partition wizard free home use resize partition larger drive allow take advantage whole drive space love upgrade added space go wrong price class sd size awesome,2
not much say ordered motorola electrify smartphone work perfectly no issue good little card,2
listening music stored thereon read book play etc gutenberg project stored download podcasts itunes transfer tablet wonderful always expect great thing sandisk would replace stopped working use extra storage tablet,2
got along sanoxy micro usb otg usb adapter anker uspeed usb card reader work described gb extra space use transformer infinity tablet well total gb storage work great htc one,2
slower expected transfer rate used phone tablet expected higher transfer rate given data class lower expected transfer rate,1
excellent price top rated microsdhc class card adapter included sandisk produce reliable memory card never one malfunction reliable excellent price,2
great little card issue phone chewing spitting pretty frequently card seems solved issue work well,2
good fast access memory card use roku player but would work equally well device required micro card good reliable storage,2
adapter easily use camera tablet desktop p c smart v e muy bueno versatile,2
first work mentioned not problem satisfied work advertised,2
bought usd fast reliable simply best option class micro sd gb update: buy using samsung galaxy seem issue phone particular reference make microsd card lost data get nonfunctional repair get totally useless tell card going fail late constantly phone show notification indicating card ejected need mounted happens strongly recommend backup data change microsd card phone use device get corrupted ultra fast reliable cheap,2
got new microsoft surface pro case needed room come adapter needed work great storage room small but big,2
plug phone show sd card but give option format plug laptop thing thought doa but later realized format card flip menu work perfect going look gen gb ipod touch v make no sense plus galaxy work fine medium player work great galaxy,2
constant use samsung ativ since january narry problem bought third one : constant use since january going strong,2
use store data good computer also fast great way store data never lost good micro sd card,2
good price fast useful expand storage newly bought asus tablet build quality look great conveniently came two adaptor fit computer copying file nice card used tablet,2
buyer beware card unreadable get go luck amazon helped many others know format fat threw window issue like others reviewed not great card,0
no problem use samsung note little slow writing but micro sd card no problem,2
worked gopro say except wonder fit gig small chip amazing worked,2
got really good deal humongous capacity card black friday thanks amazon waiting price go using galaxy fat unable get recognized phone exfat anyone problem galaxy lineup phone might want try fat formatting black friday special buy,2
far issue working compatible phone quick shipping im satisfied purchase gb micro,2
ordered card samsung note properly format phone easy transferred picture music old card work like charm picked card max phone allows card good price got next day christmas rush even though used free day shipping would buy another another device use would buy usual sandisk affordable work well great memory card,2
sd card perfect phone right size especially right price looking amazon price card almost lower everyone else love,2
got amazon litening deal black friday best fastest card money buy came easy open packaging put galaxy good go highly recommend best micro sd,2
not much else say sd card sd card performance met expectation good luck sandisk good price,2
easy installation immediate functionality great way expand phone photo storage capacity pleased purchase great addition samsung note ii phone,2
ffast light weight great price nothing say memory carduse gopro hero black got gopro hero black,2
transfer speed consistent advertising card work worked month great product need gb least know company go sandisk good memory card good price,2
work great supposed would buy one wife gallaxy thanks good product,2
far sandisk ultra working ok ran test within phone began using speed well within reason not read write speed far good guess item expected,2
good price time purchase used pda cellphone device working without problem ever since purchased month storage,2
currently using product canon digital camera took picture video vacation escondido mexico room still left card also using micro sd card wish send picture right away easily snap card cell phone post picture facebook email example work perfectly described,2
class microsd card work advertised fast good recording hd video pretty decently priced per gig card class however beware adapter come put card good luck getting back made mistake test memory laptop actually resort plier pull probably not great way keep chip tip top shape note also said got two way doubt manufacturing defect buy memory throw away adapter seriously dangerous use intent purpose convert standard sd card permanently pro:reliablefastgood pricecon:adapter: trap good memory adapter yikes,2
bought gopro work totally fine upgrade firmware not fast reliable card series sandisk great gopro,2
wrote card sandiskgood qualityworks well long timea must extra photo song cellphone good product,2
purchased tablet hold lot information not problem work well,2
got samsung galaxy could not happier fast enough still video camera phone no problem transferring file type pc tablet price great buy great galaxy,2
work great advertised no problem formatting anything appears class advertised thanks bunch work advertised,2
work fine video camera car saved buck best buy always try rip work great,2
super fast access samsung galaxy note ii sandisk ultra micro hc blazing fast compared microsd card bought including pny sony awesome price fast data accessibility,2
fastest microsd card tested unfortunately died four month use android phone first phone would randomly say card removed eventually neither phone nor reader could access test result older but still functional gb class sandisk:sequential read : mb ssequential write : mb srandom read kb : mb srandom write kb : mb srandom read kb qd : mb iop random write kb qd : mb iop random read kb qd : mb iop random write kb qd : mb iop compared product gb class sandisk:sequential read : mb ssequential write : mb srandom read kb : mb srandom write kb : mb srandom read kb qd : mb iop random write kb qd : mb iop random read kb qd : mb iop random write kb qd : mb iop fast but short lived,0
hello great card great price plenty speed worked year fact wish stopped working month earlier look like sandisk make sure card stop working perfectly return window something end december return window expired day ago thing intermittently recognized unmounts time phone get remounted usually even remount good price good price name brand card would lasted longer year instead sandisk going ahaha got good buy another expensive name brand card nope buy cheaper alternative probably last longer still kingston going strong worked good return policy,0
purchased sd card extra storage area galaxy note might already know galaxy note not allow application run external card but allows storing medium document etc external card also come full size sd card conversion piece insert micro sd card full size sd card piece voila current pricing amazon com card highly recommended hope review prof useful cheer work fine galaxy note,2
really helpful needed backup photo plenty space left g,2
no issue work great device think would require word but type since required work great,2
use hold file computer transfer file computer work good task quick would recommend plus price bad good sd card,2
bought three card one died one day galaxy month half use phone said card removed unexpectedly never functioned phone still recognized card contacted sandisk shipped replacement warranty card served well two galaxy another galaxy note ii copying decently fast great music video storage phone no problem playing p video card good storage phone,2
using point shoot camera never ever run space even shooting hour video bigger always better,2
really know think got thinking would solve memory problem but not case turn put certain thing course none thingsthat eating memory go way swap internal memory external card but not easy root phone help problem much little,1
recently got new chinese brand android phone inew : quadcore mp camera gb ram gb internal storage microsd support also come app sd software support well old samsung class gb tested work but enough power user like decided give extra storage boost sandisk gb class hold within: gb music collection mp kbps gb graphic novel manga manwhabooks manga app reader gb apps migrate core apps internal storage external storage gb photo taken phone us microsd storage photo gb free space left downloading movie mp document goi love little card fantastic great way add serious expandable storage onto smartphone support storage fyi format sandisk gb card using smartphone order set microsd fat use pc laptop format mess debating class sandisk gb class samsung gb decided throw lot review sandisk average customer rating star samsung star but people lol highly recommend others awesome gb bonus storage space inew,2
pretty cheap wish gb one sale but one priced dollar argue nokia lumia no lag love card purchased speedy cheap,2
not like work specified recognized correctly placed phone adapter may come handy future not like,2
purchased sandisk ultra gb microsdhc extra storage room samsung galaxy note tablet considering gb but went card gb version galaxy note phone never come close needing space granted store music phone but take lot photo video store many apps microsdhc card rather use phone internal memory cost saving going smaller gb card no brainer card worked flawlessly since installed tablet no problem whatsoever plus sandisk big name storage no brainer buy great extra storage space tablet,2
not put important data not use permanent storage archive important file failed month use use much put digital picture total: gb carried wallet added picture disk time november tonight insert laptop window say cannot recognize disk said must formatted tried macbook air got neither mac nor window read formatted started copy gb picture copy broke half way cancelled copy reinserted disk tried resume copy window said volumn back told must run chkdsk ran chkdsk retried copy still failure guess disk problem bother recovering since not going reliable expected disappointed thought sandisk good brand use sandisk cf card camera year worked fine fall back use hard disk backup ditigal picture find use microsd disk exchange large file friend but put important data prepard fail time failed month,0
far good use mobil phone product run smoothly no issue yet overall happy product good product,2
worked like would expect micro sd card work no noticeable issue come yet expect,2
microsd card work flawlessly digital video recorder no problem playback word needed official review work advertised,2
really wanted gb card but less half price well actually stock right good buy work well find anyone would say sure looking buy but compatible mac work well compatible mac,2
bought stretch capability lg gpad gpe tablet working fine course total confidence sandisk storage item gave soime elbow room,2
bought sandisk gb class use htc inspire month getting constant error saying sd card unmounted unexpectedly today dang fkang card even read card reader gb worth video picture memory never able get back upset not waste money,0
used extending capability samsung galaxy note greatly expands use snap install get started great item,2
great card fast reliable come optional adapter sd slot class card transfer data really fast video must great gopros small camera alike fast reliable memory card,2
good amount space stuff want fit gopro say great little card,2
heard bad thing gb micro sd card crapping week but sk far good transfer speed normal but like space price steal would recommend far good,2
